INTERFACE,DIGITAL_INTERFACE_SELECT,RESERVED,2,30
INTERFACE,DIGITAL_INTERFACE_SELECT,ORG_COL,1,1
INTERFACE,DIGITAL_INTERFACE_SELECT,ORG_CRS,0,1
INTERFACE,I2C_CONFIG,RESERVED,31,1
INTERFACE,I2C_CONFIG,SCK_I_DELAY,27,4
INTERFACE,I2C_CONFIG,EXT_SCK_5MS,26,1
INTERFACE,I2C_CONFIG,WAIT_SCK,24,2
INTERFACE,I2C_CONFIG,SCK_IO_STY,23,1
INTERFACE,I2C_CONFIG,SDA_IO_STY,22,1
INTERFACE,I2C_CONFIG,DATA_TRANS_FMT,21,1
INTERFACE,I2C_CONFIG,SLV_ADDR,14,7
INTERFACE,I2C_CONFIG,REG_ADDR_WIDTH,12,2
INTERFACE,I2C_CONFIG,DATA_WIDTH,10,2
INTERFACE,I2C_CONFIG,CLK_DIV,0,10
INTERFACE,GPHY_IND_WD,RESERVED,16,16
INTERFACE,GPHY_IND_WD,WR_DAT,0,16
INTERFACE,GPHY_IND_CMD,RESERVED,23,9
INTERFACE,GPHY_IND_CMD,WREN,22,1
INTERFACE,GPHY_IND_CMD,CMD_EN,21,1
INTERFACE,GPHY_IND_CMD,ADR,0,21
INTERFACE,GPHY_IND_RD,RESERVED,17,15
INTERFACE,GPHY_IND_RD,BUSY,16,1
INTERFACE,GPHY_IND_RD,RD_DAT,0,16
INTERFACE,EFUSE_CHK_CFG,RESERVED,25,7
INTERFACE,EFUSE_CHK_CFG,POL_NOCHG,24,1
INTERFACE,EFUSE_CHK_CFG,RESERVED,21,3
INTERFACE,EFUSE_CHK_CFG,STBY,20,1
INTERFACE,EFUSE_CHK_CFG,RESERVED,18,2
INTERFACE,EFUSE_CHK_CFG,MR,17,1
INTERFACE,EFUSE_CHK_CFG,CHK_PS,16,1
INTERFACE,EFUSE_CHK_CFG,CHK_END,8,8
INTERFACE,EFUSE_CHK_CFG,CHK_BGN,0,8
INTERFACE,EFUSE_CHK_DATA,RESERVED,16,16
INTERFACE,EFUSE_CHK_DATA,CHK_DATA,0,16
INTERFACE,EFUSE_CHK_STATUS,RESERVED,10,22
INTERFACE,EFUSE_CHK_STATUS,CHK_DONE,9,1
INTERFACE,EFUSE_CHK_STATUS,CHK_FAIL,8,1
INTERFACE,EFUSE_CHK_STATUS,CHK_STOP_ADR,0,8
INTERFACE,EFUSE_IND_WD,RESERVED,8,24
INTERFACE,EFUSE_IND_WD,WR_DAT,0,8
INTERFACE,EFUSE_IND_CMD,RESERVED,24,8
INTERFACE,EFUSE_IND_CMD,MODE_SEL,20,4
INTERFACE,EFUSE_IND_CMD,RESERVED,18,2
INTERFACE,EFUSE_IND_CMD,WREN,17,1
INTERFACE,EFUSE_IND_CMD,CMD_EN,16,1
INTERFACE,EFUSE_IND_CMD,ADR,0,16
INTERFACE,EFUSE_IND_RD,RESERVED,22,10
INTERFACE,EFUSE_IND_RD,RSLT,20,2
INTERFACE,EFUSE_IND_RD,RESERVED,17,3
INTERFACE,EFUSE_IND_RD,BUSY,16,1
INTERFACE,EFUSE_IND_RD,RD_DAT,0,16
INTERFACE,SC_IND_WD,RESERVED,8,24
INTERFACE,SC_IND_WD,WR_DAT,0,8
INTERFACE,SC_IND_CMD,RESERVED,18,14
INTERFACE,SC_IND_CMD,WREN,17,1
INTERFACE,SC_IND_CMD,CMD_EN,16,1
INTERFACE,SC_IND_CMD,ADR,0,16
INTERFACE,SC_IND_RD,RESERVED,9,23
INTERFACE,SC_IND_RD,BUSY,8,1
INTERFACE,SC_IND_RD,RD_DAT,0,8
INTERFACE,REGCTRL_GLB,RESERVED,27,5
INTERFACE,REGCTRL_GLB,PHY_OCP_TO_FLAG,22,5
INTERFACE,REGCTRL_GLB,PHY_OCP_TO,17,5
INTERFACE,REGCTRL_GLB,PHY_ACK_TO,1,16
INTERFACE,REGCTRL_GLB,RESERVED,0,1
INTERFACE,IOPAD_CFG,RESERVED,27,5
INTERFACE,IOPAD_CFG,RG_DP,24,3
INTERFACE,IOPAD_CFG,RG_DN,21,3
INTERFACE,IOPAD_CFG,RG_SEL33,20,1
INTERFACE,IOPAD_CFG,DRI_LED,19,1
INTERFACE,IOPAD_CFG,DRI_EXT_CK,18,1
INTERFACE,IOPAD_CFG,DRI_EXT_DT,17,1
INTERFACE,IOPAD_CFG,DRI_IFCK,16,1
INTERFACE,IOPAD_CFG,DRI_IFDT,15,1
INTERFACE,IOPAD_CFG,DRI_SLIC_CK,14,1
INTERFACE,IOPAD_CFG,DRI_SLIC_DT,13,1
INTERFACE,IOPAD_CFG,DRI_SPI_CK,12,1
INTERFACE,IOPAD_CFG,DRI_SPI_DT,11,1
INTERFACE,IOPAD_CFG,DRI_OTH,10,1
INTERFACE,IOPAD_CFG,SR_EXT_CK,9,1
INTERFACE,IOPAD_CFG,SR_EXT_DT,8,1
INTERFACE,IOPAD_CFG,SR_IFCK,7,1
INTERFACE,IOPAD_CFG,SR_IFDT,6,1
INTERFACE,IOPAD_CFG,SR_SLIC_CK,5,1
INTERFACE,IOPAD_CFG,SR_SLIC_DT,4,1
INTERFACE,IOPAD_CFG,SR_LED,3,1
INTERFACE,IOPAD_CFG,SR_SPI_CK,2,1
INTERFACE,IOPAD_CFG,SR_SPI_DT,1,1
INTERFACE,IOPAD_CFG,SR_OTH,0,1
INTERFACE,IO_LED_EN,RESERVED,24,8
INTERFACE,IO_LED_EN,SERI_LED_EN,23,1
INTERFACE,IO_LED_EN,RESERVED,18,5
INTERFACE,IO_LED_EN,LED17_EN,17,1
INTERFACE,IO_LED_EN,LED16_EN,16,1
INTERFACE,IO_LED_EN,LED15_EN,15,1
INTERFACE,IO_LED_EN,LED14_EN,14,1
INTERFACE,IO_LED_EN,LED13_EN,13,1
INTERFACE,IO_LED_EN,LED12_EN,12,1
INTERFACE,IO_LED_EN,LED11_EN,11,1
INTERFACE,IO_LED_EN,LED10_EN,10,1
INTERFACE,IO_LED_EN,LED9_EN,9,1
INTERFACE,IO_LED_EN,LED8_EN,8,1
INTERFACE,IO_LED_EN,LED7_EN,7,1
INTERFACE,IO_LED_EN,LED6_EN,6,1
INTERFACE,IO_LED_EN,LED5_EN,5,1
INTERFACE,IO_LED_EN,LED4_EN,4,1
INTERFACE,IO_LED_EN,LED3_EN,3,1
INTERFACE,IO_LED_EN,LED2_EN,2,1
INTERFACE,IO_LED_EN,LED1_EN,1,1
INTERFACE,IO_LED_EN,LED0_EN,0,1
INTERFACE,IO_MODE_EN,RESERVED,25,7
INTERFACE,IO_MODE_EN,DYING_2_EN,24,1
INTERFACE,IO_MODE_EN,DYING_1_EN,23,1
INTERFACE,IO_MODE_EN,PPS_SEL,22,1
INTERFACE,IO_MODE_EN,SC_CD_EN,21,1
INTERFACE,IO_MODE_EN,PPS_EN,20,1
INTERFACE,IO_MODE_EN,OEM_EN,19,1
INTERFACE,IO_MODE_EN,DYING_EN,18,1
INTERFACE,IO_MODE_EN,SLIC_PCM_EN,17,1
INTERFACE,IO_MODE_EN,SLIC_ZSI_EN,16,1
INTERFACE,IO_MODE_EN,SLIC_ISI_EN,15,1
INTERFACE,IO_MODE_EN,I2C_EN,13,2
INTERFACE,IO_MODE_EN,I2C_SLV_EN,12,1
INTERFACE,IO_MODE_EN,EXT_MDX_M_EN,11,1
INTERFACE,IO_MODE_EN,SW_MDX_M_EN,10,1
INTERFACE,IO_MODE_EN,MDX_M_EN,8,2
INTERFACE,IO_MODE_EN,MDX_S_EN,7,1
INTERFACE,IO_MODE_EN,SPI_EN,6,1
INTERFACE,IO_MODE_EN,UART0_EN,4,2
INTERFACE,IO_MODE_EN,UART1_EN,3,1
INTERFACE,IO_MODE_EN,UART_FC_EN,1,2
INTERFACE,IO_MODE_EN,UART2_EN,0,1
INTERFACE,IO_UART_SEL,RESERVED,22,10
INTERFACE,IO_UART_SEL,IO_HS_UART_RX_SEL,20,2
INTERFACE,IO_UART_SEL,IO_HS_UART_TX_SEL,16,4
INTERFACE,IO_UART_SEL,IO_UART_TX_SEL_3,14,2
INTERFACE,IO_UART_SEL,IO_UART_TX_SEL_2,12,2
INTERFACE,IO_UART_SEL,IO_UART_TX_SEL_1,10,2
INTERFACE,IO_UART_SEL,IO_UART_TX_SEL_0,8,2
INTERFACE,IO_UART_SEL,IO_UART_RX_SEL_3,6,2
INTERFACE,IO_UART_SEL,IO_UART_RX_SEL_2,4,2
INTERFACE,IO_UART_SEL,IO_UART_RX_SEL_1,2,2
INTERFACE,IO_UART_SEL,IO_UART_RX_SEL_0,0,2
INTERFACE,IO_GPIO_EN,IO_GPIO_EN,0,1
INTERFACE,CFG_PCSXF,RESERVED,15,17
INTERFACE,CFG_PCSXF,RST_RXFIFO,10,5
INTERFACE,CFG_PCSXF,CFG_MIIRX_IPG,5,5
INTERFACE,CFG_PCSXF,CFG_PCSXF,1,4
INTERFACE,CFG_PCSXF,COL_10M,0,1
INTERFACE,CFG_PHY_CTRL,RESERVED,10,22
INTERFACE,CFG_PHY_CTRL,MSK_MDI,5,5
INTERFACE,CFG_PHY_CTRL,BASE_PHYAD,0,5
INTERFACE,CFG_PHY_INI,RESERVED,20,12
INTERFACE,CFG_PHY_INI,CMD_PRD,15,5
INTERFACE,CFG_PHY_INI,PWRUP,10,5
INTERFACE,CFG_PHY_INI,EEE_EN,5,5
INTERFACE,CFG_PHY_INI,DIS_GIGA,0,5
INTERFACE,CFG_POLL_CMD,RESERVED,28,4
INTERFACE,CFG_POLL_CMD,PHY_LANON,23,5
INTERFACE,CFG_POLL_CMD,PHY_EXTINI,18,5
INTERFACE,CFG_POLL_CMD,BYPS_CHK,17,1
INTERFACE,CFG_POLL_CMD,SDET_SEL,15,2
INTERFACE,CFG_POLL_CMD,HOTCMD_EN,12,3
INTERFACE,CFG_POLL_CMD,CMD_WRMSK_EN,8,4
INTERFACE,CFG_POLL_CMD,CMD_RD_EN,4,4
INTERFACE,CFG_POLL_CMD,CMD_WR_EN,0,4
INTERFACE,CFG_GETPWRCTRL,ADR,16,16
INTERFACE,CFG_GETPWRCTRL,BIT,0,16
INTERFACE,CFG_HOTCMD1,ADR,16,16
INTERFACE,CFG_HOTCMD1,DAT,0,16
INTERFACE,CFG_HOTCMD2_AD,ADR,16,16
INTERFACE,CFG_HOTCMD2_AD,DAT,0,16
INTERFACE,CFG_HOTCMD2_CTRL,RESERVED,22,10
INTERFACE,CFG_HOTCMD2_CTRL,RESERVED,20,2
INTERFACE,CFG_HOTCMD2_CTRL,RESERVED,18,2
INTERFACE,CFG_HOTCMD2_CTRL,WRMSK_EN,17,1
INTERFACE,CFG_HOTCMD2_CTRL,RD_EN,16,1
INTERFACE,CFG_HOTCMD2_CTRL,BITS_INV_EN,0,16
INTERFACE,CFG_POLL_ADR_0,CMD0_ADR,16,16
INTERFACE,CFG_POLL_ADR_0,CMD1_ADR,0,16
INTERFACE,CFG_POLL_ADR_1,CMD2_ADR,16,16
INTERFACE,CFG_POLL_ADR_1,CMD3_ADR,0,16
INTERFACE,CFG_POLL_INV_0,CMD0_INV,16,16
INTERFACE,CFG_POLL_INV_0,CMD1_INV,0,16
INTERFACE,CFG_POLL_INV_1,CMD2_INV,16,16
INTERFACE,CFG_POLL_INV_1,CMD3_INV,0,16
INTERFACE,CFG_POLL_WD_0,CMD0_WDAT,16,16
INTERFACE,CFG_POLL_WD_0,CMD1_WDAT,0,16
INTERFACE,CFG_POLL_WD_1,CMD2_WDAT,16,16
INTERFACE,CFG_POLL_WD_1,CMD3_WDAT,0,16
INTERFACE,CFG_POLL_RD_0,CMD0_RDAT,16,16
INTERFACE,CFG_POLL_RD_0,CMD1_RDAT,0,16
INTERFACE,CFG_POLL_RD_1,CMD2_RDAT,16,16
INTERFACE,CFG_POLL_RD_1,CMD3_RDAT,0,16
INTERFACE,CHIP_DEBUG_OUT,DBGO,0,32
INTERFACE,EFUSE_BOND_CONTENT,EF_BOND_CONT,0,16
INTERFACE,EFUSE_BOND_RSLT,EF_BOND_RSLT,0,16
INTERFACE,I2C_IND_WD,WRITE_DATA,0,32
INTERFACE,I2C_IND_ADR,REG_ADDR,0,32
INTERFACE,I2C_IND_CMD,RESERVED,4,28
INTERFACE,I2C_IND_CMD,SLV_NACK,3,1
INTERFACE,I2C_IND_CMD,BUSY,2,1
INTERFACE,I2C_IND_CMD,RW_EN,1,1
INTERFACE,I2C_IND_CMD,CMD_EN,0,1
INTERFACE,I2C_IND_RD,READ_DATA,0,32
INTERFACE,SFP_REG_CTRL0,SFP_REG_ADDR,0,32
INTERFACE,SFP_REG_CTRL1,SFP_REG_WDATA,0,32
INTERFACE,SFP_REG_CTRL2,SFP_REG_RDATA,0,32
INTERFACE,SFP_REG_CTRL3,RESERVED,26,6
INTERFACE,SFP_REG_CTRL3,RESERVED,25,1
INTERFACE,SFP_REG_CTRL3,SFP_REG_IMR,24,1
INTERFACE,SFP_REG_CTRL3,RESERVED,8,16
INTERFACE,SFP_REG_CTRL3,SFP_REG_STS,0,8
INTERFACE,SFP_REG_CTRL4,RESERVED,14,18
INTERFACE,SFP_REG_CTRL4,IICSLV_SDA_DLY,8,6
INTERFACE,SFP_REG_CTRL4,IICSLV_BYTE_MODE,6,2
INTERFACE,SFP_REG_CTRL4,IICSLV_BURST_RD,5,1
INTERFACE,SFP_REG_CTRL4,IICSLV_OPDRN,3,2
INTERFACE,SFP_REG_CTRL4,IICSLV_ENDIAN,2,1
INTERFACE,SFP_REG_CTRL4,IICSLV_STAND_MODE,1,1
INTERFACE,SFP_REG_CTRL4,IICSLV_EN,0,1
INTERFACE,SFP_IND_ACCESS,RESERVED,27,5
INTERFACE,SFP_IND_ACCESS,CMD_EN,26,1
INTERFACE,SFP_IND_ACCESS,WREN,25,1
INTERFACE,SFP_IND_ACCESS,ADR,16,9
INTERFACE,SFP_IND_ACCESS,WR_DAT,8,8
INTERFACE,SFP_IND_ACCESS,RD_DAT,0,8
INTERFACE,CFG_HOTCMD2_TRG,RESERVED,2,30
INTERFACE,CFG_HOTCMD2_TRG,HOTCMD2_TX,1,1
INTERFACE,CFG_HOTCMD2_TRG,HOTCMD2_RX,0,1
INTERFACE,CFG_RGMII_CTRL_0,RESERVED,28,4
INTERFACE,CFG_RGMII_CTRL_0,STS_EXTXF,14,14
INTERFACE,CFG_RGMII_CTRL_0,RGTXC_PLLDLY,13,1
INTERFACE,CFG_RGMII_CTRL_0,RGTXC_DLY,10,3
INTERFACE,CFG_RGMII_CTRL_0,RTBI,9,1
INTERFACE,CFG_RGMII_CTRL_0,RGTXC_D2NS,8,1
INTERFACE,CFG_RGMII_CTRL_0,RGRXC_DLYS,5,3
INTERFACE,CFG_RGMII_CTRL_0,LPI_STOP_RGTXC,4,1
INTERFACE,CFG_RGMII_CTRL_0,DLY_STOP_RGTXC,0,4
INTERFACE,CFG_EXT_CTRL_0,RESERVED,19,13
INTERFACE,CFG_EXT_CTRL_0,STS_RXFIFO_ERR,18,1
INTERFACE,CFG_EXT_CTRL_0,STS_TXFIFO_ERR,17,1
INTERFACE,CFG_EXT_CTRL_0,SYNC_FIFO_RX,16,1
INTERFACE,CFG_EXT_CTRL_0,SYNC_FIFO_TX,15,1
INTERFACE,CFG_EXT_CTRL_0,EXT_CLK_GATE_EN,14,1
INTERFACE,CFG_EXT_CTRL_0,EXT_CRS,13,1
INTERFACE,CFG_EXT_CTRL_0,EXT_COL,12,1
INTERFACE,CFG_EXT_CTRL_0,EXT_MII_SKIP_RXER,11,1
INTERFACE,CFG_EXT_CTRL_0,RESERVED,9,2
INTERFACE,CFG_EXT_CTRL_0,EXT_MIIRX_IPG,4,5
INTERFACE,CFG_EXT_CTRL_0,EXT_MODE,0,4
INTERFACE,CFG_POLL_MDX_CTRL,RESERVED,21,11
INTERFACE,CFG_POLL_MDX_CTRL,SET1_MDC_EN,20,1
INTERFACE,CFG_POLL_MDX_CTRL,SET0_MDC_EN,19,1
INTERFACE,CFG_POLL_MDX_CTRL,MDIO_FREE_CNT_SEL,7,12
INTERFACE,CFG_POLL_MDX_CTRL,MDIO_FREE_CNT_EN,6,1
INTERFACE,CFG_POLL_MDX_CTRL,SMI_SET1_PREAMBLE_SEL,5,1
INTERFACE,CFG_POLL_MDX_CTRL,SMI_SET0_PREAMBLE_SEL,4,1
INTERFACE,CFG_POLL_MDX_CTRL,SMI_SET1_FREQ_SEL,2,2
INTERFACE,CFG_POLL_MDX_CTRL,SMI_SET0_FREQ_SEL,0,2
INTERFACE,CFG_POLL_CTRL_0,RESERVED,16,16
INTERFACE,CFG_POLL_CTRL_0,SMI_SET1_SAMPLE_EDGE,15,1
INTERFACE,CFG_POLL_CTRL_0,SMI_SET0_SAMPLE_EDGE,14,1
INTERFACE,CFG_POLL_CTRL_0,SMI_SET1_PRVT1_POLLING,13,1
INTERFACE,CFG_POLL_CTRL_0,SMI_SET0_PRVT1_POLLING,12,1
INTERFACE,CFG_POLL_CTRL_0,TMOUT_ACT,11,1
INTERFACE,CFG_POLL_CTRL_0,ABORT_ACT,10,1
INTERFACE,CFG_POLL_CTRL_0,SMI_SET1_PRVT0_POLLING,9,1
INTERFACE,CFG_POLL_CTRL_0,SMI_SET0_PRVT0_POLLING,8,1
INTERFACE,CFG_POLL_CTRL_0,SMI_SET1_WRITE_PHY_PAGE0,7,1
INTERFACE,CFG_POLL_CTRL_0,SMI_SET0_WRITE_PHY_PAGE0,6,1
INTERFACE,CFG_POLL_CTRL_0,SMI_SET1_POLLING_PARK_SEL,5,1
INTERFACE,CFG_POLL_CTRL_0,SMI_SET0_POLLING_PARK_SEL,4,1
INTERFACE,CFG_POLL_CTRL_0,SMI_SET1_FMT_SEL,2,2
INTERFACE,CFG_POLL_CTRL_0,SMI_SET0_FMT_SEL,0,2
INTERFACE,CFG_POLL_CTRL_1,PHY_ABLTY_GET_SEL,0,2
INTERFACE,CFG_POLL_MDX_PMSK,SMI_POLLING_PMSK,0,1
INTERFACE,CFG_POLL_MDX_ADDR,RESERVED,7,25
INTERFACE,CFG_POLL_MDX_ADDR,POLLSET,5,2
INTERFACE,CFG_POLL_MDX_ADDR,PORT_ADDR,0,5
INTERFACE,CFG_POLL_MDX_DBG,CFG_MDXDBG_SEL3,24,8
INTERFACE,CFG_POLL_MDX_DBG,CFG_MDXDBG_SEL2,16,8
INTERFACE,CFG_POLL_MDX_DBG,CFG_MDXDBG_SEL1,8,8
INTERFACE,CFG_POLL_MDX_DBG,CFG_MDXDBG_SEL0,0,8
INTERFACE,CFG_10GPHY_POLLING_SEL4,RESERVED,25,7
INTERFACE,CFG_10GPHY_POLLING_SEL4,REG10_BIT_POLLING_10GPHY,21,4
INTERFACE,CFG_10GPHY_POLLING_SEL4,REG10_DEV_POLLING_10GPHY,16,5
INTERFACE,CFG_10GPHY_POLLING_SEL4,REG10_REG_POLLING_10GPHY,0,16
INTERFACE,CFG_10GPHY_POLLING_SEL3,RESERVED,25,7
INTERFACE,CFG_10GPHY_POLLING_SEL3,REG9_BIT_POLLING_10GPHY,21,4
INTERFACE,CFG_10GPHY_POLLING_SEL3,REG9_DEV_POLLING_10GPHY,16,5
INTERFACE,CFG_10GPHY_POLLING_SEL3,REG9_REG_POLLING_10GPHY,0,16
INTERFACE,CFG_10GPHY_POLLING_SEL2,RESERVED,25,7
INTERFACE,CFG_10GPHY_POLLING_SEL2,REG0_BIT_POLLING_10GPHY,21,4
INTERFACE,CFG_10GPHY_POLLING_SEL2,REG0_DEV_POLLING_10GPHY,16,5
INTERFACE,CFG_10GPHY_POLLING_SEL2,REG0_REG_POLLING_10GPHY,0,16
INTERFACE,CFG_10GPHY_POLLING_SEL1,RESERVED,21,11
INTERFACE,CFG_10GPHY_POLLING_SEL1,INTDEV1_POLLING_10GPHY,16,5
INTERFACE,CFG_10GPHY_POLLING_SEL1,INTREG1_POLLING_10GPHY,0,16
INTERFACE,CFG_GPHY_POLLING_SEL,INTPAGE_POLLING_GPHY,16,16
INTERFACE,CFG_GPHY_POLLING_SEL,INTREG_POLLING_GPHY,0,16
INTERFACE,CFG_10GPHY_POLLING_SEL0,RESERVED,21,11
INTERFACE,CFG_10GPHY_POLLING_SEL0,INTDEV0_POLLING_10GPHY,16,5
INTERFACE,CFG_10GPHY_POLLING_SEL0,INTREG0_POLLING_10GPHY,0,16
INTERFACE,CFG_PHY_REG_CHK_CTRL_GPHY,CHK_PAGE,16,16
INTERFACE,CFG_PHY_REG_CHK_CTRL_GPHY,RESERVED,13,3
INTERFACE,CFG_PHY_REG_CHK_CTRL_GPHY,CHK_REG,8,5
INTERFACE,CFG_PHY_REG_CHK_CTRL_GPHY,RESERVED,6,2
INTERFACE,CFG_PHY_REG_CHK_CTRL_GPHY,CHK_MODE,4,2
INTERFACE,CFG_PHY_REG_CHK_CTRL_GPHY,PHY_REG_CHK_MSK,0,4
INTERFACE,SMI_PHY_REG_CHK_DATA_GPHY,CHK_DMSK,16,16
INTERFACE,SMI_PHY_REG_CHK_DATA_GPHY,CHK_DATA,0,16
INTERFACE,CFG_PHY_REG_CHK_CTRL_10GPHY,RESERVED,29,3
INTERFACE,CFG_PHY_REG_CHK_CTRL_10GPHY,CHK_MMD_DEV,24,5
INTERFACE,CFG_PHY_REG_CHK_CTRL_10GPHY,CHK_MMD_REG,8,16
INTERFACE,CFG_PHY_REG_CHK_CTRL_10GPHY,RESERVED,2,6
INTERFACE,CFG_PHY_REG_CHK_CTRL_10GPHY,CHK_MODE_10G,0,2
INTERFACE,SMI_PHY_REG_CHK_DATA_10GPHY,CHK_DMSK_10G,16,16
INTERFACE,SMI_PHY_REG_CHK_DATA_10GPHY,CHK_DATA_10G,0,16
INTERFACE,SMI_INDRT_ACCESS_CTRL_0,RESERVED,25,7
INTERFACE,SMI_INDRT_ACCESS_CTRL_0,ACCESS,24,1
INTERFACE,SMI_INDRT_ACCESS_CTRL_0,MAIN_PAGE,11,13
INTERFACE,SMI_INDRT_ACCESS_CTRL_0,REG,6,5
INTERFACE,SMI_INDRT_ACCESS_CTRL_0,BROADCAST,5,1
INTERFACE,SMI_INDRT_ACCESS_CTRL_0,RWOP,4,1
INTERFACE,SMI_INDRT_ACCESS_CTRL_0,TYPE,2,2
INTERFACE,SMI_INDRT_ACCESS_CTRL_0,FAIL,1,1
INTERFACE,SMI_INDRT_ACCESS_CTRL_0,CMD,0,1
INTERFACE,SMI_INDRT_ACCESS_CTRL_1,RESERVED,9,23
INTERFACE,SMI_INDRT_ACCESS_CTRL_1,EXT_PAGE,0,9
INTERFACE,SMI_INDRT_ACCESS_CTRL_2,PORT_MSK,0,1
INTERFACE,SMI_INDRT_ACCESS_CTRL_3,READ_DATA,16,16
INTERFACE,SMI_INDRT_ACCESS_CTRL_3,WRTIE_DATA,0,16
INTERFACE,SMI_INDRT_ACCESS_BC_PHYID_CTRL,RESERVED,11,21
INTERFACE,SMI_INDRT_ACCESS_BC_PHYID_CTRL,PORT_ID,5,6
INTERFACE,SMI_INDRT_ACCESS_BC_PHYID_CTRL,BC_PHYID,0,5
INTERFACE,SMI_INDRT_ACCESS_MMD_CTRL,RESERVED,21,11
INTERFACE,SMI_INDRT_ACCESS_MMD_CTRL,MMD_DEVAD,16,5
INTERFACE,SMI_INDRT_ACCESS_MMD_CTRL,MMD_REG,0,16
INTERFACE,SMI_PHY_REG_CHK_DATA_RSLT,RESERVED,5,27
INTERFACE,SMI_PHY_REG_CHK_DATA_RSLT,CHK4_RESULT,4,1
INTERFACE,SMI_PHY_REG_CHK_DATA_RSLT,CHK3_RESULT,3,1
INTERFACE,SMI_PHY_REG_CHK_DATA_RSLT,CHK2_RESULT,2,1
INTERFACE,SMI_PHY_REG_CHK_DATA_RSLT,CHK1_RESULT,1,1
INTERFACE,SMI_PHY_REG_CHK_DATA_RSLT,CHK0_RESULT,0,1
INTERFACE,SMI_PHY_REG_CHK_DATA_RSLT_ALL,CHK_RESULT_ALL,0,1
RESET,SOFTWARE_RST,RESERVED,17,15
RESET,SOFTWARE_RST,CMD_WRAP_EX1_RST_PS,16,1
RESET,SOFTWARE_RST,DYING_RST_POL,15,1
RESET,SOFTWARE_RST,DYING_RST_EN,14,1
RESET,SOFTWARE_RST,CMD_NRESET_LOW,13,1
RESET,SOFTWARE_RST,CMD_WRAP_EX0_RST_PS,12,1
RESET,SOFTWARE_RST,PONMAC_RST,11,1
RESET,SOFTWARE_RST,SW_RST,10,1
RESET,SOFTWARE_RST,CMD_SWSYS_RST_PS,9,1
RESET,SOFTWARE_RST,CMD_CFG_RST_PS,8,1
RESET,SOFTWARE_RST,CMD_CHIP_RST_PS,7,1
RESET,SOFTWARE_RST,CMD_GPHY_RST_PS,6,1
RESET,SOFTWARE_RST,CMD_SDS_CFG_RST_PS,3,3
RESET,SOFTWARE_RST,CMD_SDS_RST_PS,0,3
INTERRUPT,INTR_CTRL,RESERVED,2,30
INTERRUPT,INTR_CTRL,CFG_INT_TM_NEG,1,1
INTERRUPT,INTR_CTRL,INTR_POLARITY,0,1
INTERRUPT,INTR_DBGO_POS,CFG_INT_DBGO_POS,0,32
INTERRUPT,INTR_DBGO_NEG,CFG_INT_DBGO_NEG,0,32
INTERRUPT,INTR_IMR,RESERVED,21,11
INTERRUPT,INTR_IMR,IMR_TOD_UPDATE,20,1
INTERRUPT,INTR_IMR,IMR_SFP,19,1
INTERRUPT,INTR_IMR,IMR_TOD,18,1
INTERRUPT,INTR_IMR,IMR_FB,17,1
INTERRUPT,INTR_IMR,IMR_CRASH,16,1
INTERRUPT,INTR_IMR,IMR_SC,15,1
INTERRUPT,INTR_IMR,IMR_THERMAL_ALARM,14,1
INTERRUPT,INTR_IMR,IMR_DYING_GASP,13,1
INTERRUPT,INTR_IMR,IMR_PTP_1_SEC,12,1
INTERRUPT,INTR_IMR,IMR_EPON,11,1
INTERRUPT,INTR_IMR,IMR_GPON,10,1
INTERRUPT,INTR_IMR,IMR_SERDES,9,1
INTERRUPT,INTR_IMR,IMR_GPHY,8,1
INTERRUPT,INTR_IMR,IMR_ACL,7,1
INTERRUPT,INTR_IMR,IMR_DBGO,6,1
INTERRUPT,INTR_IMR,IMR_LOOP,5,1
INTERRUPT,INTR_IMR,IMR_SPE_CONGEST,4,1
INTERRUPT,INTR_IMR,IMR_SPE_CHG,3,1
INTERRUPT,INTR_IMR,IMR_L2_LRN_OVER,2,1
INTERRUPT,INTR_IMR,IMR_METER_EXCEED,1,1
INTERRUPT,INTR_IMR,IMR_LINK_CHG,0,1
INTERRUPT,INTR_IMS,RESERVED,21,11
INTERRUPT,INTR_IMS,IMS_TOD_UPDATE,20,1
INTERRUPT,INTR_IMS,IMS_SFP,19,1
INTERRUPT,INTR_IMS,IMS_TOD,18,1
INTERRUPT,INTR_IMS,IMS_FB,17,1
INTERRUPT,INTR_IMS,IMS_CRASH,16,1
INTERRUPT,INTR_IMS,IMS_SC,15,1
INTERRUPT,INTR_IMS,IMS_THERMAL_ALARM,14,1
INTERRUPT,INTR_IMS,IMS_DYING_GASP,13,1
INTERRUPT,INTR_IMS,IMS_PTP_1_SEC,12,1
INTERRUPT,INTR_IMS,IMS_EPON,11,1
INTERRUPT,INTR_IMS,IMS_GPON,10,1
INTERRUPT,INTR_IMS,IMS_SERDES,9,1
INTERRUPT,INTR_IMS,IMS_GPHY,8,1
INTERRUPT,INTR_IMS,IMS_ACL,7,1
INTERRUPT,INTR_IMS,IMS_DBGO,6,1
INTERRUPT,INTR_IMS,IMS_LOOP,5,1
INTERRUPT,INTR_IMS,IMS_SPE_CONGEST,4,1
INTERRUPT,INTR_IMS,IMS_SPE_CHG,3,1
INTERRUPT,INTR_IMS,IMS_L2_LRN_OVER,2,1
INTERRUPT,INTR_IMS,IMS_METER_EXCEED,1,1
INTERRUPT,INTR_IMS,IMS_LINK_CHG,0,1
INTERRUPT,INTR_STAT,INTR_STAT_THERMAL,60,4
INTERRUPT,INTR_STAT,RESERVED,53,7
INTERRUPT,INTR_STAT,INTR_STAT_GPHY,48,5
INTERRUPT,INTR_STAT,RESERVED,43,5
INTERRUPT,INTR_STAT,INTR_STAT_PORT_LINKDOWN,32,11
INTERRUPT,INTR_STAT,RESERVED,27,5
INTERRUPT,INTR_STAT,INTR_STAT_PORT_LINKUP,16,11
INTERRUPT,INTR_STAT,RESERVED,11,5
INTERRUPT,INTR_STAT,INTR_STAT_PORT_CHANGE,0,11
INTERRUPT,INTR_STAT_POS,INTR_STAT_DBGO_POS,0,32
INTERRUPT,INTR_STAT_NEG,INTR_STAT_DBGO_NEG,0,32
BIST_BISR,SW_BIST_CFG_1,RESERVED,23,9
BIST_BISR,SW_BIST_CFG_1,BCAM_LUT_BIST_RSLT,18,5
BIST_BISR,SW_BIST_CFG_1,BCAM_LUT_BIST_CTRL,0,18
BIST_BISR,SW_BIST_CFG_2,RESERVED,23,9
BIST_BISR,SW_BIST_CFG_2,TCAM_BS6_BIST_RSLT,18,5
BIST_BISR,SW_BIST_CFG_2,TCAM_BS6_BIST_CTRL,0,18
BIST_BISR,SW_BIST_CFG_3,RESERVED,23,9
BIST_BISR,SW_BIST_CFG_3,TCAM_ACL_BIST_RSLT,18,5
BIST_BISR,SW_BIST_CFG_3,TCAM_ACL_BIST_CTRL,0,18
BIST_BISR,SW_BIST_CFG_4,RESERVED,23,9
BIST_BISR,SW_BIST_CFG_4,TCAM_CF48_0_BIST_RSLT,18,5
BIST_BISR,SW_BIST_CFG_4,TCAM_CF48_0_BIST_CTRL,0,18
BIST_BISR,SW_BIST_CFG_5,RESERVED,23,9
BIST_BISR,SW_BIST_CFG_5,TCAM_CF48_1_BIST_RSLT,18,5
BIST_BISR,SW_BIST_CFG_5,TCAM_CF48_1_BIST_CTRL,0,18
BIST_BISR,SW_BIST_CFG_6,RESERVED,15,17
BIST_BISR,SW_BIST_CFG_6,SRAM_ACT_ACL_BIST_RSLT,10,5
BIST_BISR,SW_BIST_CFG_6,SRAM_ACT_ACL_BIST_CTRL,0,10
BIST_BISR,SW_BIST_CFG_7,RESERVED,15,17
BIST_BISR,SW_BIST_CFG_7,SRAM_ACT_CF_BIST_RSLT,10,5
BIST_BISR,SW_BIST_CFG_7,SRAM_ACT_CF_BIST_CTRL,0,10
BIST_BISR,SW_BIST_CFG_8,RESERVED,15,17
BIST_BISR,SW_BIST_CFG_8,SRAM_ALE34_BS1_0_BIST_RSLT,10,5
BIST_BISR,SW_BIST_CFG_8,SRAM_ALE34_BS1_0_BIST_CTRL,0,10
BIST_BISR,SW_BIST_CFG_9,RESERVED,15,17
BIST_BISR,SW_BIST_CFG_9,SRAM_ALE34_BS1_1_BIST_RSLT,10,5
BIST_BISR,SW_BIST_CFG_9,SRAM_ALE34_BS1_1_BIST_CTRL,0,10
BIST_BISR,SW_BIST_CFG_10,RESERVED,27,5
BIST_BISR,SW_BIST_CFG_10,SRAM_BSR2_0_BISR_OUT,18,9
BIST_BISR,SW_BIST_CFG_10,SRAM_BSR2_0_BISR_REPAIR,17,1
BIST_BISR,SW_BIST_CFG_10,SRAM_BSR2_0_PWR_RSTN,16,1
BIST_BISR,SW_BIST_CFG_10,SRAM_BSR2_0_HOLD_REMAP,15,1
BIST_BISR,SW_BIST_CFG_10,SRAM_BSR2_0_BIST_RSLT,10,5
BIST_BISR,SW_BIST_CFG_10,SRAM_BSR2_0_BIST_CTRL,0,10
BIST_BISR,SW_BIST_CFG_11,RESERVED,27,5
BIST_BISR,SW_BIST_CFG_11,SRAM_BSR2_1_BISR_OUT,18,9
BIST_BISR,SW_BIST_CFG_11,SRAM_BSR2_1_BISR_REPAIR,17,1
BIST_BISR,SW_BIST_CFG_11,SRAM_BSR2_1_PWR_RSTN,16,1
BIST_BISR,SW_BIST_CFG_11,SRAM_BSR2_1_HOLD_REMAP,15,1
BIST_BISR,SW_BIST_CFG_11,SRAM_BSR2_1_BIST_RSLT,10,5
BIST_BISR,SW_BIST_CFG_11,SRAM_BSR2_1_BIST_CTRL,0,10
BIST_BISR,SW_BIST_CFG_13,RESERVED,15,17
BIST_BISR,SW_BIST_CFG_13,SRAM_ALE34_BS3_BIST_RSLT,10,5
BIST_BISR,SW_BIST_CFG_13,SRAM_ALE34_BS3_BIST_CTRL,0,10
BIST_BISR,SW_BIST_CFG_14,RESERVED,15,17
BIST_BISR,SW_BIST_CFG_14,SRAM_ALE34_BS4_BIST_RSLT,10,5
BIST_BISR,SW_BIST_CFG_14,SRAM_ALE34_BS4_BIST_CTRL,0,10
BIST_BISR,SW_BIST_CFG_15,RESERVED,15,17
BIST_BISR,SW_BIST_CFG_15,SRAM_ALE34_BS5_BIST_RSLT,10,5
BIST_BISR,SW_BIST_CFG_15,SRAM_ALE34_BS5_BIST_CTRL,0,10
BIST_BISR,SW_BIST_CFG_17,RESERVED,15,17
BIST_BISR,SW_BIST_CFG_17,SRAM_LUT0_BIST_RSLT,10,5
BIST_BISR,SW_BIST_CFG_17,SRAM_LUT0_BIST_CTRL,0,10
BIST_BISR,SW_BIST_CFG_18,RESERVED,15,17
BIST_BISR,SW_BIST_CFG_18,SRAM_LUT1_BIST_RSLT,10,5
BIST_BISR,SW_BIST_CFG_18,SRAM_LUT1_BIST_CTRL,0,10
BIST_BISR,SW_BIST_CFG_19,RESERVED,24,8
BIST_BISR,SW_BIST_CFG_19,SRAM_VLAN_BISR_OUT,18,6
BIST_BISR,SW_BIST_CFG_19,SRAM_VLAN_BISR_REPAIR,17,1
BIST_BISR,SW_BIST_CFG_19,SRAM_VLAN_PWR_RSTN,16,1
BIST_BISR,SW_BIST_CFG_19,SRAM_VLAN_HOLD_REMAP,15,1
BIST_BISR,SW_BIST_CFG_19,SRAM_VALN_BIST_RSLT,10,5
BIST_BISR,SW_BIST_CFG_19,SRAM_VLAN_BIST_CTRL,0,10
BIST_BISR,SW_BIST_CFG_20,RESERVED,15,17
BIST_BISR,SW_BIST_CFG_20,SRAM_HT_BIST_RSLT,10,5
BIST_BISR,SW_BIST_CFG_20,SRAM_HT_BIST_CTRL,0,10
BIST_BISR,SW_BIST_CFG_21,RESERVED,24,8
BIST_BISR,SW_BIST_CFG_21,SRAM_PB_0_BISR_OUT,18,6
BIST_BISR,SW_BIST_CFG_21,SRAM_PB_0_BISR_REPAIR,17,1
BIST_BISR,SW_BIST_CFG_21,SRAM_PB_0_PWR_RSTN,16,1
BIST_BISR,SW_BIST_CFG_21,SRAM_PB_0_HOLD_REMAP,15,1
BIST_BISR,SW_BIST_CFG_21,SRAM_PB_0_BIST_RSLT,10,5
BIST_BISR,SW_BIST_CFG_21,SRAM_PB_0_BIST_CTRL,0,10
BIST_BISR,SW_BIST_CFG_22,RESERVED,24,8
BIST_BISR,SW_BIST_CFG_22,SRAM_PB_1_BISR_OUT,18,6
BIST_BISR,SW_BIST_CFG_22,SRAM_PB_1_BISR_REPAIR,17,1
BIST_BISR,SW_BIST_CFG_22,SRAM_PB_1_PWR_RSTN,16,1
BIST_BISR,SW_BIST_CFG_22,SRAM_PB_1_HOLD_REMAP,15,1
BIST_BISR,SW_BIST_CFG_22,SRAM_PB_1_BIST_RSLT,10,5
BIST_BISR,SW_BIST_CFG_22,SRAM_PB_1_BIST_CTRL,0,10
BIST_BISR,SW_BIST_CFG_23,RESERVED,24,8
BIST_BISR,SW_BIST_CFG_23,SRAM_PB_2_BISR_OUT,18,6
BIST_BISR,SW_BIST_CFG_23,SRAM_PB_2_BISR_REPAIR,17,1
BIST_BISR,SW_BIST_CFG_23,SRAM_PB_2_PWR_RSTN,16,1
BIST_BISR,SW_BIST_CFG_23,SRAM_PB_2_HOLD_REMAP,15,1
BIST_BISR,SW_BIST_CFG_23,SRAM_PB_2_BIST_RSLT,10,5
BIST_BISR,SW_BIST_CFG_23,SRAM_PB_2_BIST_CTRL,0,10
BIST_BISR,SW_BIST_CFG_24,RESERVED,24,8
BIST_BISR,SW_BIST_CFG_24,SRAM_PB_3_BISR_OUT,18,6
BIST_BISR,SW_BIST_CFG_24,SRAM_PB_3_BISR_REPAIR,17,1
BIST_BISR,SW_BIST_CFG_24,SRAM_PB_3_PWR_RSTN,16,1
BIST_BISR,SW_BIST_CFG_24,SRAM_PB_3_HOLD_REMAP,15,1
BIST_BISR,SW_BIST_CFG_24,SRAM_PB_3_BIST_RSLT,10,5
BIST_BISR,SW_BIST_CFG_24,SRAM_PB_3_BIST_CTRL,0,10
BIST_BISR,SW_BIST_CFG_25,RESERVED,24,8
BIST_BISR,SW_BIST_CFG_25,SRAM_PB_4_BISR_OUT,18,6
BIST_BISR,SW_BIST_CFG_25,SRAM_PB_4_BISR_REPAIR,17,1
BIST_BISR,SW_BIST_CFG_25,SRAM_PB_4_PWR_RSTN,16,1
BIST_BISR,SW_BIST_CFG_25,SRAM_PB_4_HOLD_REMAP,15,1
BIST_BISR,SW_BIST_CFG_25,SRAM_PB_4_BIST_RSLT,10,5
BIST_BISR,SW_BIST_CFG_25,SRAM_PB_4_BIST_CTRL,0,10
BIST_BISR,SW_BIST_CFG_26,RESERVED,24,8
BIST_BISR,SW_BIST_CFG_26,SRAM_PB_5_BISR_OUT,18,6
BIST_BISR,SW_BIST_CFG_26,SRAM_PB_5_BISR_REPAIR,17,1
BIST_BISR,SW_BIST_CFG_26,SRAM_PB_5_PWR_RSTN,16,1
BIST_BISR,SW_BIST_CFG_26,SRAM_PB_5_HOLD_REMAP,15,1
BIST_BISR,SW_BIST_CFG_26,SRAM_PB_5_BIST_RSLT,10,5
BIST_BISR,SW_BIST_CFG_26,SRAM_PB_5_BIST_CTRL,0,10
BIST_BISR,SW_BIST_CFG_27,RESERVED,24,8
BIST_BISR,SW_BIST_CFG_27,SRAM_PB_6_BISR_OUT,18,6
BIST_BISR,SW_BIST_CFG_27,SRAM_PB_6_BISR_REPAIR,17,1
BIST_BISR,SW_BIST_CFG_27,SRAM_PB_6_PWR_RSTN,16,1
BIST_BISR,SW_BIST_CFG_27,SRAM_PB_6_HOLD_REMAP,15,1
BIST_BISR,SW_BIST_CFG_27,SRAM_PB_6_BIST_RSLT,10,5
BIST_BISR,SW_BIST_CFG_27,SRAM_PB_6_BIST_CTRL,0,10
BIST_BISR,SW_BIST_CFG_28,RESERVED,24,8
BIST_BISR,SW_BIST_CFG_28,SRAM_PB_7_BISR_OUT,18,6
BIST_BISR,SW_BIST_CFG_28,SRAM_PB_7_BISR_REPAIR,17,1
BIST_BISR,SW_BIST_CFG_28,SRAM_PB_7_PWR_RSTN,16,1
BIST_BISR,SW_BIST_CFG_28,SRAM_PB_7_HOLD_REMAP,15,1
BIST_BISR,SW_BIST_CFG_28,SRAM_PB_7_BIST_RSLT,10,5
BIST_BISR,SW_BIST_CFG_28,SRAM_PB_7_BIST_CTRL,0,10
BIST_BISR,SW_BIST_CFG_29,RESERVED,15,17
BIST_BISR,SW_BIST_CFG_29,SRAM_MIB_0_BIST_RSLT,10,5
BIST_BISR,SW_BIST_CFG_29,SRAM_MIB_0_BIST_CTRL,0,10
BIST_BISR,SW_BIST_CFG_30,RESERVED,15,17
BIST_BISR,SW_BIST_CFG_30,SRAM_MIB_1_BIST_RSLT,10,5
BIST_BISR,SW_BIST_CFG_30,SRAM_MIB_1_BIST_CTRL,0,10
BIST_BISR,SW_BIST_CFG_31,RESERVED,28,4
BIST_BISR,SW_BIST_CFG_31,SRAM_HSA_0_BISR_OUT,18,10
BIST_BISR,SW_BIST_CFG_31,SRAM_HSA_0_BISR_REPAIR,17,1
BIST_BISR,SW_BIST_CFG_31,SRAM_HSA_0_PWR_RSTN,16,1
BIST_BISR,SW_BIST_CFG_31,SRAM_HSA_0_HOLD_REMAP,15,1
BIST_BISR,SW_BIST_CFG_31,SRAM_HSA_0_BIST_RSLT,10,5
BIST_BISR,SW_BIST_CFG_31,SRAM_HSA_0_BIST_CTRL,0,10
BIST_BISR,SW_BIST_CFG_32,RESERVED,28,4
BIST_BISR,SW_BIST_CFG_32,SRAM_HSA_1_BISR_OUT,18,10
BIST_BISR,SW_BIST_CFG_32,SRAM_HSA_1_BISR_REPAIR,17,1
BIST_BISR,SW_BIST_CFG_32,SRAM_HSA_1_PWR_RSTN,16,1
BIST_BISR,SW_BIST_CFG_32,SRAM_HSA_1_HOLD_REMAP,15,1
BIST_BISR,SW_BIST_CFG_32,SRAM_HSA_1_BIST_RSLT,10,5
BIST_BISR,SW_BIST_CFG_32,SRAM_HSA_1_BIST_CTRL,0,10
BIST_BISR,SW_BIST_CFG_OQ_0,RESERVED,15,17
BIST_BISR,SW_BIST_CFG_OQ_0,SRAM_OQ_0_BIST_RSLT,10,5
BIST_BISR,SW_BIST_CFG_OQ_0,SRAM_OQ_0_BIST_CTRL,0,10
BIST_BISR,SW_BIST_CFG_OQ_1,RESERVED,15,17
BIST_BISR,SW_BIST_CFG_OQ_1,SRAM_OQ_1_BIST_RSLT,10,5
BIST_BISR,SW_BIST_CFG_OQ_1,SRAM_OQ_1_BIST_CTRL,0,10
BIST_BISR,SW_BIST_CFG_OQ_2,RESERVED,15,17
BIST_BISR,SW_BIST_CFG_OQ_2,SRAM_OQ_2_BIST_RSLT,10,5
BIST_BISR,SW_BIST_CFG_OQ_2,SRAM_OQ_2_BIST_CTRL,0,10
BIST_BISR,SW_BIST_CFG_OQ_3,RESERVED,15,17
BIST_BISR,SW_BIST_CFG_OQ_3,SRAM_OQ_3_BIST_RSLT,10,5
BIST_BISR,SW_BIST_CFG_OQ_3,SRAM_OQ_3_BIST_CTRL,0,10
BIST_BISR,SW_BIST_CFG_OQ_4,RESERVED,15,17
BIST_BISR,SW_BIST_CFG_OQ_4,SRAM_OQ_4_BIST_RSLT,10,5
BIST_BISR,SW_BIST_CFG_OQ_4,SRAM_OQ_4_BIST_CTRL,0,10
BIST_BISR,SW_BIST_CFG_OQ_5,RESERVED,15,17
BIST_BISR,SW_BIST_CFG_OQ_5,SRAM_OQ_5_BIST_RSLT,10,5
BIST_BISR,SW_BIST_CFG_OQ_5,SRAM_OQ_5_BIST_CTRL,0,10
BIST_BISR,SW_BIST_CFG_OQ_6,RESERVED,15,17
BIST_BISR,SW_BIST_CFG_OQ_6,SRAM_OQ_6_BIST_RSLT,10,5
BIST_BISR,SW_BIST_CFG_OQ_6,SRAM_OQ_6_BIST_CTRL,0,10
BIST_BISR,SW_BIST_CFG_OQ_7,RESERVED,15,17
BIST_BISR,SW_BIST_CFG_OQ_7,SRAM_OQ_7_BIST_RSLT,10,5
BIST_BISR,SW_BIST_CFG_OQ_7,SRAM_OQ_7_BIST_CTRL,0,10
BIST_BISR,SW_BIST_CFG_OQ_8,RESERVED,15,17
BIST_BISR,SW_BIST_CFG_OQ_8,SRAM_OQ_8_BIST_RSLT,10,5
BIST_BISR,SW_BIST_CFG_OQ_8,SRAM_OQ_8_BIST_CTRL,0,10
BIST_BISR,SW_BIST_CFG_OQ_9,RESERVED,15,17
BIST_BISR,SW_BIST_CFG_OQ_9,SRAM_OQ_9_BIST_RSLT,10,5
BIST_BISR,SW_BIST_CFG_OQ_9,SRAM_OQ_9_BIST_CTRL,0,10
BIST_BISR,SW_BIST_CFG_OQ_10,RESERVED,15,17
BIST_BISR,SW_BIST_CFG_OQ_10,SRAM_OQ_10_BIST_RSLT,10,5
BIST_BISR,SW_BIST_CFG_OQ_10,SRAM_OQ_10_BIST_CTRL,0,10
BIST_BISR,SW_BIST_CFG_OQ_11,RESERVED,15,17
BIST_BISR,SW_BIST_CFG_OQ_11,SRAM_OQ_11_BIST_RSLT,10,5
BIST_BISR,SW_BIST_CFG_OQ_11,SRAM_OQ_11_BIST_CTRL,0,10
BIST_BISR,SW_BIST_CFG_OQ_12,RESERVED,15,17
BIST_BISR,SW_BIST_CFG_OQ_12,SRAM_OQ_12_BIST_RSLT,10,5
BIST_BISR,SW_BIST_CFG_OQ_12,SRAM_OQ_12_BIST_CTRL,0,10
BIST_BISR,SW_BIST_CFG_37,RESERVED,15,17
BIST_BISR,SW_BIST_CFG_37,SRAM_SCBUF_BIST_RSLT,10,5
BIST_BISR,SW_BIST_CFG_37,SRAM_SCBUF_BIST_CTRL,0,10
BIST_BISR,SW_BIST_CFG_38,RESERVED,15,17
BIST_BISR,SW_BIST_CFG_38,SRAM_GATRAM_BIST_RSLT,10,5
BIST_BISR,SW_BIST_CFG_38,SRAM_GATRAM_BIST_CTRL,0,10
BIST_BISR,SW_BIST_CFG_39,RESERVED,15,17
BIST_BISR,SW_BIST_CFG_39,SRAM_FECDS_BIST_RSLT,10,5
BIST_BISR,SW_BIST_CFG_39,SRAM_FECDS_BIST_CTRL,0,10
BIST_BISR,SW_BIST_CFG_40,RESERVED,15,17
BIST_BISR,SW_BIST_CFG_40,SRAM_FECDAT_BIST_RSLT,10,5
BIST_BISR,SW_BIST_CFG_40,SRAM_FECDAT_BIST_CTRL,0,10
BIST_BISR,SW_BIST_CFG_41,RESERVED,15,17
BIST_BISR,SW_BIST_CFG_41,SRAM_FECPAR_BIST_RSLT,10,5
BIST_BISR,SW_BIST_CFG_41,SRAM_FECPAR_BIST_CTRL,0,10
BIST_BISR,SW_BIST_CFG_42,RESERVED,15,17
BIST_BISR,SW_BIST_CFG_42,SRAM_FENC_BIST_RSLT,10,5
BIST_BISR,SW_BIST_CFG_42,SRAM_FENC_BIST_CTRL,0,10
BIST_BISR,SW_BIST_CFG_43,RESERVED,15,17
BIST_BISR,SW_BIST_CFG_43,SRAM_EPGN_0_BIST_RSLT,10,5
BIST_BISR,SW_BIST_CFG_43,SRAM_EPGN_0_BIST_CTRL,0,10
BIST_BISR,SW_BIST_CFG_44,RESERVED,15,17
BIST_BISR,SW_BIST_CFG_44,SRAM_EPGN_1_BIST_RSLT,10,5
BIST_BISR,SW_BIST_CFG_44,SRAM_EPGN_1_BIST_CTRL,0,10
BIST_BISR,SW_BIST_CFG_45,RESERVED,15,17
BIST_BISR,SW_BIST_CFG_45,SRAM_EPGN_2_BIST_RSLT,10,5
BIST_BISR,SW_BIST_CFG_45,SRAM_EPGN_2_BIST_CTRL,0,10
BIST_BISR,SW_BIST_CFG_46,RESERVED,15,17
BIST_BISR,SW_BIST_CFG_46,SRAM_EPGN_3_BIST_RSLT,10,5
BIST_BISR,SW_BIST_CFG_46,SRAM_EPGN_3_BIST_CTRL,0,10
BIST_BISR,SW_BIST_CFG_47,RESERVED,15,17
BIST_BISR,SW_BIST_CFG_47,SRAM_EXTHDR_BIST_RSLT,10,5
BIST_BISR,SW_BIST_CFG_47,SRAM_EXTHDR_BIST_CTRL,0,10
BIST_BISR,SW_BIST_CFG_OQ_PON,RESERVED,24,8
BIST_BISR,SW_BIST_CFG_OQ_PON,SRAM_PBOUS_0_BISR_OUT,18,6
BIST_BISR,SW_BIST_CFG_OQ_PON,SRAM_PBOUS_0_BISR_REPAIR,17,1
BIST_BISR,SW_BIST_CFG_OQ_PON,SRAM_PBOUS_0_PWR_RSTN,16,1
BIST_BISR,SW_BIST_CFG_OQ_PON,SRAM_PBOUS_0_HOLD_REMAP,15,1
BIST_BISR,SW_BIST_CFG_OQ_PON,SRAM_PBOUS_0_BIST_RSLT,10,5
BIST_BISR,SW_BIST_CFG_OQ_PON,SRAM_PBOUS_0_BIST_CTRL,0,10
BIST_BISR,SW_BIST_CFG_PBOQ,RESERVED,25,7
BIST_BISR,SW_BIST_CFG_PBOQ,SRAM_PBODS_0_BISR_OUT,18,7
BIST_BISR,SW_BIST_CFG_PBOQ,SRAM_PBODS_0_BISR_REPAIR,17,1
BIST_BISR,SW_BIST_CFG_PBOQ,SRAM_PBODS_0_PWR_RSTN,16,1
BIST_BISR,SW_BIST_CFG_PBOQ,SRAM_PBODS_0_HOLD_REMAP,15,1
BIST_BISR,SW_BIST_CFG_PBOQ,SRAM_PBODS_0_BIST_RSLT,10,5
BIST_BISR,SW_BIST_CFG_PBOQ,SRAM_PBODS_0_BIST_CTRL,0,10
BIST_BISR,SW_BIST_CFG_PON_FP_1,RESERVED,24,8
BIST_BISR,SW_BIST_CFG_PON_FP_1,SRAM_PBODS_1_BISR_OUT_XXX,18,6
BIST_BISR,SW_BIST_CFG_PON_FP_1,SRAM_PBODS_1_BISR_REPAIR_XXX,17,1
BIST_BISR,SW_BIST_CFG_PON_FP_1,SRAM_PBODS_1_PWR_RSTN_XXX,16,1
BIST_BISR,SW_BIST_CFG_PON_FP_1,SRAM_PBODS_1_HOLD_REMAP_XXX,15,1
BIST_BISR,SW_BIST_CFG_PON_FP_1,SRAM_PBODS_1_BIST_RSLT,10,5
BIST_BISR,SW_BIST_CFG_PON_FP_1,SRAM_PBODS_1_BIST_CTRL,0,10
BIST_BISR,SW_BIST_CFG_PON_FP_2,RESERVED,24,8
BIST_BISR,SW_BIST_CFG_PON_FP_2,SRAM_PBODS_2_BISR_OUT_XXX,18,6
BIST_BISR,SW_BIST_CFG_PON_FP_2,SRAM_PBODS_2_BISR_REPAIR_XXX,17,1
BIST_BISR,SW_BIST_CFG_PON_FP_2,SRAM_PBODS_2_PWR_RSTN_XXX,16,1
BIST_BISR,SW_BIST_CFG_PON_FP_2,SRAM_PBODS_2_HOLD_REMAP_XXX,15,1
BIST_BISR,SW_BIST_CFG_PON_FP_2,SRAM_PBODS_2_BIST_RSLT,10,5
BIST_BISR,SW_BIST_CFG_PON_FP_2,SRAM_PBODS_2_BIST_CTRL,0,10
BIST_BISR,SW_BIST_RSLT,RESERVED,10,22
BIST_BISR,SW_BIST_RSLT,SW_BISR_RSLT_DRF_FAIL,9,1
BIST_BISR,SW_BIST_RSLT,SW_BISR_RSLT_FAIL,8,1
BIST_BISR,SW_BIST_RSLT,SW_BISR_RSLT_DRF_PAUSE,7,1
BIST_BISR,SW_BIST_RSLT,SW_BISR_RSLT_DRF_DONE,6,1
BIST_BISR,SW_BIST_RSLT,SW_BISR_RSLT_DONE,5,1
BIST_BISR,SW_BIST_RSLT,SW_BIST_RSLT_DRF_FAIL,4,1
BIST_BISR,SW_BIST_RSLT,SW_BIST_RSLT_FAIL,3,1
BIST_BISR,SW_BIST_RSLT,SW_BIST_RSLT_DRF_PAUSE,2,1
BIST_BISR,SW_BIST_RSLT,SW_BIST_RSLT_DRF_DONE,1,1
BIST_BISR,SW_BIST_RSLT,SW_BIST_RSLT_DONE,0,1
BIST_BISR,SW_BIST_CFG_US_DSC,RESERVED,23,9
BIST_BISR,SW_BIST_CFG_US_DSC,SRAM_PBOUS_1_BISR_OUT,18,5
BIST_BISR,SW_BIST_CFG_US_DSC,SRAM_PBOUS_1_BISR_REPAIR,17,1
BIST_BISR,SW_BIST_CFG_US_DSC,SRAM_PBOUS_1_PWR_RSTN,16,1
BIST_BISR,SW_BIST_CFG_US_DSC,SRAM_PBOUS_1_HOLD_REMAP,15,1
BIST_BISR,SW_BIST_CFG_US_DSC,SRAM_PBOUS_1_BIST_RSLT,10,5
BIST_BISR,SW_BIST_CFG_US_DSC,SRAM_PBOUS_1_BIST_CTRL,0,10
BIST_BISR,SW_BIST_CFG_DS_DSC,RESERVED,23,9
BIST_BISR,SW_BIST_CFG_DS_DSC,SRAM_PBODS_3_BISR_OUT,18,5
BIST_BISR,SW_BIST_CFG_DS_DSC,SRAM_PBODS_3_BISR_REPAIR,17,1
BIST_BISR,SW_BIST_CFG_DS_DSC,SRAM_PBODS_3_PWR_RSTN,16,1
BIST_BISR,SW_BIST_CFG_DS_DSC,SRAM_PBODS_3_HOLD_REMAP,15,1
BIST_BISR,SW_BIST_CFG_DS_DSC,SRAM_PBODS_3_BIST_RSLT,10,5
BIST_BISR,SW_BIST_CFG_DS_DSC,SRAM_PBODS_3_BIST_CTRL,0,10
BIST_BISR,US_BIST_CFG_2,RESERVED,15,17
BIST_BISR,US_BIST_CFG_2,SRAM_PBOUS_1_BIST_RSLT,10,5
BIST_BISR,US_BIST_CFG_2,SRAM_PBOUS_1_BIST_CTRL,0,10
BIST_BISR,US_BIST_CFG_3,RESERVED,15,17
BIST_BISR,US_BIST_CFG_3,SRAM_PBOUS_2_BIST_RSLT,10,5
BIST_BISR,US_BIST_CFG_3,SRAM_PBOUS_2_BIST_CTRL,0,10
BIST_BISR,US_BIST_CFG_4,RESERVED,15,17
BIST_BISR,US_BIST_CFG_4,SRAM_PBOUS_3_BIST_RSLT,10,5
BIST_BISR,US_BIST_CFG_4,SRAM_PBOUS_3_BIST_CTRL,0,10
BIST_BISR,US_BIST_CFG_5,RESERVED,15,17
BIST_BISR,US_BIST_CFG_5,SRAM_PBOUS_4_BIST_RSLT,10,5
BIST_BISR,US_BIST_CFG_5,SRAM_PBOUS_4_BIST_CTRL,0,10
BIST_BISR,US_BIST_CFG_6,RESERVED,15,17
BIST_BISR,US_BIST_CFG_6,SRAM_PBOUS_5_BIST_RSLT,10,5
BIST_BISR,US_BIST_CFG_6,SRAM_PBOUS_5_BIST_CTRL,0,10
BIST_BISR,US_BIST_CFG_8,RESERVED,15,17
BIST_BISR,US_BIST_CFG_8,SRAM_PBOUS_7_BIST_RSLT,10,5
BIST_BISR,US_BIST_CFG_8,SRAM_PBOUS_7_BIST_CTRL,0,10
BIST_BISR,US_BIST_CFG_9,RESERVED,15,17
BIST_BISR,US_BIST_CFG_9,SRAM_PBOUS_8_BIST_RSLT,10,5
BIST_BISR,US_BIST_CFG_9,SRAM_PBOUS_8_BIST_CTRL,0,10
BIST_BISR,US_BIST_CFG_10,RESERVED,15,17
BIST_BISR,US_BIST_CFG_10,SRAM_PBOUS_9_BIST_RSLT,10,5
BIST_BISR,US_BIST_CFG_10,SRAM_PBOUS_9_BIST_CTRL,0,10
BIST_BISR,US_BIST_CFG_11,RESERVED,15,17
BIST_BISR,US_BIST_CFG_11,SRAM_PBOUS_10_BIST_RSLT,10,5
BIST_BISR,US_BIST_CFG_11,SRAM_PBOUS_10_BIST_CTRL,0,10
BIST_BISR,US_BIST_CFG_12,RESERVED,15,17
BIST_BISR,US_BIST_CFG_12,SRAM_PBOUS_11_BIST_RSLT,10,5
BIST_BISR,US_BIST_CFG_12,SRAM_PBOUS_11_BIST_CTRL,0,10
BIST_BISR,US_BIST_CFG_13,RESERVED,15,17
BIST_BISR,US_BIST_CFG_13,SRAM_PBOUS_12_BIST_RSLT,10,5
BIST_BISR,US_BIST_CFG_13,SRAM_PBOUS_12_BIST_CTRL,0,10
BIST_BISR,US_BIST_CFG_14,RESERVED,15,17
BIST_BISR,US_BIST_CFG_14,SRAM_PBOUS_13_BIST_RSLT,10,5
BIST_BISR,US_BIST_CFG_14,SRAM_PBOUS_13_BIST_CTRL,0,10
BIST_BISR,US_BIST_RSLT,RESERVED,5,27
BIST_BISR,US_BIST_RSLT,US_BIST_RSLT_DRF_FAIL,4,1
BIST_BISR,US_BIST_RSLT,US_BIST_RSLT_FAIL,3,1
BIST_BISR,US_BIST_RSLT,US_BIST_RSLT_DRF_PAUSE,2,1
BIST_BISR,US_BIST_RSLT,US_BIST_RSLT_DRF_DONE,1,1
BIST_BISR,US_BIST_RSLT,US_BIST_RSLT_DONE,0,1
BIST_BISR,DS_BIST_CFG_5,RESERVED,15,17
BIST_BISR,DS_BIST_CFG_5,SRAM_PBODS_4_BIST_RSLT,10,5
BIST_BISR,DS_BIST_CFG_5,SRAM_PBODS_4_BIST_CTRL,0,10
BIST_BISR,DS_BIST_CFG_6,RESERVED,15,17
BIST_BISR,DS_BIST_CFG_6,SRAM_PBODS_5_BIST_RSLT,10,5
BIST_BISR,DS_BIST_CFG_6,SRAM_PBODS_5_BIST_CTRL,0,10
BIST_BISR,DS_BIST_CFG_7,RESERVED,15,17
BIST_BISR,DS_BIST_CFG_7,SRAM_PBODS_6_BIST_RSLT,10,5
BIST_BISR,DS_BIST_CFG_7,SRAM_PBODS_6_BIST_CTRL,0,10
BIST_BISR,DS_BIST_CFG_8,RESERVED,15,17
BIST_BISR,DS_BIST_CFG_8,SRAM_PBODS_7_BIST_RSLT,10,5
BIST_BISR,DS_BIST_CFG_8,SRAM_PBODS_7_BIST_CTRL,0,10
BIST_BISR,DS_BIST_RSLT,RESERVED,5,27
BIST_BISR,DS_BIST_RSLT,DS_BIST_RSLT_DRF_FAIL,4,1
BIST_BISR,DS_BIST_RSLT,DS_BIST_RSLT_FAIL,3,1
BIST_BISR,DS_BIST_RSLT,DS_BIST_RSLT_DRF_PAUSE,2,1
BIST_BISR,DS_BIST_RSLT,DS_BIST_RSLT_DRF_DONE,1,1
BIST_BISR,DS_BIST_RSLT,DS_BIST_RSLT_DONE,0,1
BIST_BISR,PBOES_BIST_0,RESERVED,15,17
BIST_BISR,PBOES_BIST_0,SRAM_PBOES_0_BIST_RSLT,10,5
BIST_BISR,PBOES_BIST_0,SRAM_PBOES_0_BIST_CTRL,0,10
BIST_BISR,PBOES_BIST_1,RESERVED,15,17
BIST_BISR,PBOES_BIST_1,SRAM_PBOES_1_BIST_RSLT,10,5
BIST_BISR,PBOES_BIST_1,SRAM_PBOES_1_BIST_CTRL,0,10
BIST_BISR,PBOES_BIST_2,RESERVED,15,17
BIST_BISR,PBOES_BIST_2,SRAM_PBOES_2_BIST_RSLT,10,5
BIST_BISR,PBOES_BIST_2,SRAM_PBOES_2_BIST_CTRL,0,10
BIST_BISR,PBOES_BIST_3,RESERVED,15,17
BIST_BISR,PBOES_BIST_3,SRAM_PBOES_3_BIST_RSLT,10,5
BIST_BISR,PBOES_BIST_3,SRAM_PBOES_3_BIST_CTRL,0,10
BIST_BISR,PBOES_BIST_4,RESERVED,15,17
BIST_BISR,PBOES_BIST_4,SRAM_PBOES_4_BIST_RSLT,10,5
BIST_BISR,PBOES_BIST_4,SRAM_PBOES_4_BIST_CTRL,0,10
BIST_BISR,PBOES_BIST_5,RESERVED,15,17
BIST_BISR,PBOES_BIST_5,SRAM_PBOES_5_BIST_RSLT,10,5
BIST_BISR,PBOES_BIST_5,SRAM_PBOES_5_BIST_CTRL,0,10
BIST_BISR,PBOES_BIST_6,RESERVED,15,17
BIST_BISR,PBOES_BIST_6,SRAM_PBOES_6_BIST_RSLT,10,5
BIST_BISR,PBOES_BIST_6,SRAM_PBOES_6_BIST_CTRL,0,10
BIST_BISR,PBOES_BIST_7,RESERVED,15,17
BIST_BISR,PBOES_BIST_7,SRAM_PBOES_7_BIST_RSLT,10,5
BIST_BISR,PBOES_BIST_7,SRAM_PBOES_7_BIST_CTRL,0,10
BIST_BISR,PBOES_BIST_8,RESERVED,15,17
BIST_BISR,PBOES_BIST_8,SRAM_PBOES_8_BIST_RSLT,10,5
BIST_BISR,PBOES_BIST_8,SRAM_PBOES_8_BIST_CTRL,0,10
BIST_BISR,PBOES_BIST_9,RESERVED,15,17
BIST_BISR,PBOES_BIST_9,SRAM_PBOES_9_BIST_RSLT,10,5
BIST_BISR,PBOES_BIST_9,SRAM_PBOES_9_BIST_CTRL,0,10
BIST_BISR,PBOES_BIST_10,RESERVED,15,17
BIST_BISR,PBOES_BIST_10,SRAM_PBOES_10_BIST_RSLT,10,5
BIST_BISR,PBOES_BIST_10,SRAM_PBOES_10_BIST_CTRL,0,10
BIST_BISR,PBOES_BIST_11,RESERVED,15,17
BIST_BISR,PBOES_BIST_11,SRAM_PBOES_11_BIST_RSLT,10,5
BIST_BISR,PBOES_BIST_11,SRAM_PBOES_11_BIST_CTRL,0,10
BIST_BISR,PBOES_BIST_12,RESERVED,15,17
BIST_BISR,PBOES_BIST_12,SRAM_PBOES_12_BIST_RSLT,10,5
BIST_BISR,PBOES_BIST_12,SRAM_PBOES_12_BIST_CTRL,0,10
BIST_BISR,PBOES_BIST_13,RESERVED,15,17
BIST_BISR,PBOES_BIST_13,SRAM_PBOES_13_BIST_RSLT,10,5
BIST_BISR,PBOES_BIST_13,SRAM_PBOES_13_BIST_CTRL,0,10
BIST_BISR,PBOES_BIST_14,RESERVED,15,17
BIST_BISR,PBOES_BIST_14,SRAM_PBOES_14_BIST_RSLT,10,5
BIST_BISR,PBOES_BIST_14,SRAM_PBOES_14_BIST_CTRL,0,10
BIST_BISR,PBOES_BIST_15,RESERVED,15,17
BIST_BISR,PBOES_BIST_15,SRAM_PBOES_15_BIST_RSLT,10,5
BIST_BISR,PBOES_BIST_15,SRAM_PBOES_15_BIST_CTRL,0,10
LED,LED_LED,RESERVED,1,31
LED,LED_LED,LED_SEL,0,1
LED,DATA_LED_CFG,RESERVED,21,11
LED,DATA_LED_CFG,LED_CFG,16,5
LED,DATA_LED_CFG,RESERVED,15,1
LED,DATA_LED_CFG,CPU_FORCE_MOD,14,1
LED,DATA_LED_CFG,HSG_SPD2500,13,1
LED,DATA_LED_CFG,UTP_SPD1000,12,1
LED,DATA_LED_CFG,UTP_SPD500,11,1
LED,DATA_LED_CFG,UTP_SPD100,10,1
LED,DATA_LED_CFG,UTP_SPD10,9,1
LED,DATA_LED_CFG,UTP_DUP,8,1
LED,DATA_LED_CFG,HSG_SPD2500_ACT,7,1
LED,DATA_LED_CFG,UTP_SPD1000_ACT,6,1
LED,DATA_LED_CFG,UTP_SPD500_ACT,5,1
LED,DATA_LED_CFG,UTP_SPD100_ACT,4,1
LED,DATA_LED_CFG,UTP_SPD10_ACT,3,1
LED,DATA_LED_CFG,UTP_RX_ACT,2,1
LED,DATA_LED_CFG,UTP_TX_ACT,1,1
LED,DATA_LED_CFG,UTP_COL,0,1
LED,LED_ACTIVE_LOW_CFG,LED_POLARITY_INV,0,1
LED,SERI_LED_ACTIVE_LOW_CFG,RESERVED,1,31
LED,SERI_LED_ACTIVE_LOW_CFG,SERI_LED_POLARITY_INV,0,1
LED,LED_FORCE_VALUE_CFG,SEL_LED_FORCE_VALUE,0,2
LED,LED_BLINK_RATE_CFG,RESERVED,6,26
LED,LED_BLINK_RATE_CFG,SEL_LED_FORCE_RATE,3,3
LED,LED_BLINK_RATE_CFG,SEL_MAC_LED_RATE,0,3
LED,LED_EN,RESERVED,26,6
LED,LED_EN,LED_SERI_DATA_EN,25,1
LED,LED_EN,RESERVED,19,6
LED,LED_EN,LED17_PARA_EN,18,1
LED,LED_EN,LED16_PARA_EN,17,1
LED,LED_EN,LED15_PARA_EN,16,1
LED,LED_EN,LED14_PARA_EN,15,1
LED,LED_EN,LED13_PARA_EN,14,1
LED,LED_EN,LED12_PARA_EN,13,1
LED,LED_EN,LED11_PARA_EN,12,1
LED,LED_EN,LED10_PARA_EN,11,1
LED,LED_EN,LED9_PARA_EN,10,1
LED,LED_EN,LED8_PARA_EN,9,1
LED,LED_EN,LED7_PARA_EN,8,1
LED,LED_EN,LED6_PARA_EN,7,1
LED,LED_EN,LED5_PARA_EN,6,1
LED,LED_EN,LED4_PARA_EN,5,1
LED,LED_EN,LED3_PARA_EN,4,1
LED,LED_EN,LED2_PARA_EN,3,1
LED,LED_EN,LED1_PARA_EN,2,1
LED,LED_EN,LED0_PARA_EN,1,1
LED,LED_EN,RESERVED,0,1
LED,SERI_LED_CLK_PER,RESERVED,2,30
LED,SERI_LED_CLK_PER,CFG_SERI_LED_CLK_PER,0,2
LED,SERI_LED_REFRESH_TIME,RESERVED,2,30
LED,SERI_LED_REFRESH_TIME,CFG_SERI_LED_REGRESH_TIME,0,2
LED,PON_LED_CFG,RESERVED,2,30
LED,PON_LED_CFG,SWLED_PONN_ALARM,1,1
LED,PON_LED_CFG,SWLED_PON_WARN,0,1
LED,LED_FLT_MPCP,RESERVED,1,31
LED,LED_FLT_MPCP,LED_FLT_MPCP,0,1
HW_MISC_,FORCE_P_DMP,FORCE_PROT_MASK,0,11
HW_MISC_,EN_FORCE_P_DMP,FORCE_MODE,0,1
HW_MISC_,GLB_MAC_MISC,RESERVED,2,30
HW_MISC_,GLB_MAC_MISC,RX_DMA_SRC,1,1
HW_MISC_,GLB_MAC_MISC,RX_NEW_DMA,0,1
HW_MISC_,WRAP_GPHY_MISC,RESERVED,1,31
HW_MISC_,WRAP_GPHY_MISC,PATCH_PHY_DONE,0,1
HW_MISC_,SSC_CTRL_0,RESERVED,14,18
HW_MISC_,SSC_CTRL_0,SSC_TYPE,13,1
HW_MISC_,SSC_CTRL_0,PHASE_LIM_SEL,5,8
HW_MISC_,SSC_CTRL_0,PHASE_LIM_EN,4,1
HW_MISC_,SSC_CTRL_0,DLL_MODE,2,2
HW_MISC_,SSC_CTRL_0,SSC_EN,1,1
HW_MISC_,SSC_CTRL_0,SSC_MODE,0,1
HW_MISC_,SSC_CTRL_1,RESERVED,16,16
HW_MISC_,SSC_CTRL_1,SSC_RDM_SEED,0,16
HW_MISC_,SSC_CTRL_2,RESERVED,16,16
HW_MISC_,SSC_CTRL_2,SSC_PN_POLY_SEL,0,16
HW_MISC_,SSC_CTRL_3,RESERVED,16,16
HW_MISC_,SSC_CTRL_3,PH_RSTB,15,1
HW_MISC_,SSC_CTRL_3,PHSFT_CNT,8,7
HW_MISC_,SSC_CTRL_3,PHSFT_A,7,1
HW_MISC_,SSC_CTRL_3,PHSFT_B,6,1
HW_MISC_,SSC_CTRL_3,PHSFT_UPDN,5,1
HW_MISC_,SSC_CTRL_3,PHSFT_PRD,4,1
HW_MISC_,SSC_CTRL_3,PN_POLY_DEG,0,4
HW_MISC_,SSC_CTRL_4,RESERVED,16,16
HW_MISC_,SSC_CTRL_4,SSC_UP1DN0,15,1
HW_MISC_,SSC_CTRL_4,SSC_PERIOD,8,7
HW_MISC_,SSC_CTRL_4,SSC_OFFSET,0,8
HW_MISC_,SSC_CTRL_5,RESERVED,16,16
HW_MISC_,SSC_CTRL_5,PH_OFS_TOG,15,1
HW_MISC_,SSC_CTRL_5,PH_OFS,10,5
HW_MISC_,SSC_CTRL_5,SSC_STEP,4,6
HW_MISC_,SSC_CTRL_5,SSC_TESTMODE,2,2
HW_MISC_,SSC_CTRL_5,SSC_PH_CFG,0,2
HW_MISC_,SSC_STS,RESERVED,18,14
HW_MISC_,SSC_STS,SSC_OREG,14,4
HW_MISC_,SSC_STS,OFS_BUSY,13,1
HW_MISC_,SSC_STS,OFS_TOTAL_R,8,5
HW_MISC_,SSC_STS,CNT_GRY0,4,4
HW_MISC_,SSC_STS,OFS_GRY0,0,4
HW_MISC_,THERMAL_CTRL_0,RESERVED,31,1
HW_MISC_,THERMAL_CTRL_0,REG_TD_WREP_SEL,30,1
HW_MISC_,THERMAL_CTRL_0,REG_PPOW,29,1
HW_MISC_,THERMAL_CTRL_0,REG_RSTB,28,1
HW_MISC_,THERMAL_CTRL_0,REG_BIASCHOP,27,1
HW_MISC_,THERMAL_CTRL_0,REG_CHOPEN,26,1
HW_MISC_,THERMAL_CTRL_0,REG_CAL_EN,25,1
HW_MISC_,THERMAL_CTRL_0,REG_HOLD_EN,24,1
HW_MISC_,THERMAL_CTRL_0,REG_CKSOURCESEL,23,1
HW_MISC_,THERMAL_CTRL_0,REG_BIASDEM_SEL,22,1
HW_MISC_,THERMAL_CTRL_0,REG_CHOPFREQSEL,18,4
HW_MISC_,THERMAL_CTRL_0,REG_HOLD_DLY,16,2
HW_MISC_,THERMAL_CTRL_0,REG_FILTEREDGESEL,15,1
HW_MISC_,THERMAL_CTRL_0,REG_ORDER3,14,1
HW_MISC_,THERMAL_CTRL_0,REG_OPCURSEL,12,2
HW_MISC_,THERMAL_CTRL_0,REG_OSCCURSEL,10,2
HW_MISC_,THERMAL_CTRL_0,REG_VBE_BIASSEL,8,2
HW_MISC_,THERMAL_CTRL_0,REG_ADCCKSEL,5,3
HW_MISC_,THERMAL_CTRL_0,REG_DSR,2,3
HW_MISC_,THERMAL_CTRL_0,REG_RESOL,0,2
HW_MISC_,THERMAL_CTRL_1,RESERVED,22,10
HW_MISC_,THERMAL_CTRL_1,REG_OFFSET,0,22
HW_MISC_,THERMAL_CTRL_2,RESERVED,22,10
HW_MISC_,THERMAL_CTRL_2,REG_B,0,22
HW_MISC_,THERMAL_CTRL_3,RESERVED,23,9
HW_MISC_,THERMAL_CTRL_3,REG_S,0,23
HW_MISC_,THERMAL_CTRL_4,RESERVED,24,8
HW_MISC_,THERMAL_CTRL_4,REG_R,0,24
HW_MISC_,THERMAL_CTRL_5,RESERVED,29,3
HW_MISC_,THERMAL_CTRL_5,REG_A,0,29
HW_MISC_,THERMAL_CTRL_6,RESERVED,20,12
HW_MISC_,THERMAL_CTRL_6,CMP_HIGH_EN,19,1
HW_MISC_,THERMAL_CTRL_6,HIGH_THRESHOLD,0,19
HW_MISC_,THERMAL_CTRL_7,RESERVED,20,12
HW_MISC_,THERMAL_CTRL_7,CMP_LOW_EN,19,1
HW_MISC_,THERMAL_CTRL_7,LOW_THRESHOLD,0,19
HW_MISC_,THERMAL_STS_0,RESERVED,20,12
HW_MISC_,THERMAL_STS_0,TM_SAMPLE,19,1
HW_MISC_,THERMAL_STS_0,TM_SENSOR_OUT,0,19
HW_MISC_,THERMAL_STS_1,RESERVED,22,10
HW_MISC_,THERMAL_STS_1,ADC_OUT,0,22
HW_MISC_,THERMAL_STS_2,RESERVED,19,13
HW_MISC_,THERMAL_STS_2,TM_MAX,0,19
HW_MISC_,THERMAL_STS_3,RESERVED,19,13
HW_MISC_,THERMAL_STS_3,TM_MIN,0,19
HW_MISC_,THERMAL_STS_4,RESERVED,23,9
HW_MISC_,THERMAL_STS_4,PWRON_TM_SENSOR_RDY,22,1
HW_MISC_,THERMAL_STS_4,PWRON_TM_SENSOR_OUT,0,22
HW_MISC_,DDRSWR_CTRL_0,RESERVED,30,2
HW_MISC_,DDRSWR_CTRL_0,EN_DDRSWR,29,1
HW_MISC_,DDRSWR_CTRL_0,ANARG_RDY_DDRSWR,28,1
HW_MISC_,DDRSWR_CTRL_0,ANARG_VALID_DDRSWR,27,1
HW_MISC_,DDRSWR_CTRL_0,FPWM_DDRSWR,26,1
HW_MISC_,DDRSWR_CTRL_0,REF_SAW_DDRSWR,22,4
HW_MISC_,DDRSWR_CTRL_0,REF_SAW_VALID_DDRSWR,21,1
HW_MISC_,DDRSWR_CTRL_0,MIIDA_DDRSWR,16,5
HW_MISC_,DDRSWR_CTRL_0,WRBUS_DDRSWR,0,16
HW_MISC_,DDRSWR_CTRL_1,ANAWRCODE_DDRSWR,16,16
HW_MISC_,DDRSWR_CTRL_1,RESERVED,1,15
HW_MISC_,DDRSWR_CTRL_1,ANAWRPS_DDRSWR,0,1
HW_MISC_,DDRSWR_STS_0,RESERVED,16,16
HW_MISC_,DDRSWR_STS_0,ANARDBUS_DDRSWR,0,16
HW_MISC_,DDRSWR_STS_1,RESERVED,8,24
HW_MISC_,DDRSWR_STS_1,DBGO_DDRSWR,0,8
HW_MISC_,CRASH_INTR_EN_0,RESERVED,9,23
HW_MISC_,CRASH_INTR_EN_0,CFG_EN_PHY_FATAL_ERR,4,5
HW_MISC_,CRASH_INTR_EN_0,CFG_EN_BUFFRST_SYSOVER,3,1
HW_MISC_,CRASH_INTR_EN_0,CFG_EN_BUFFRST_QOVER,2,1
HW_MISC_,CRASH_INTR_EN_0,CFG_EN_BUFFRST_DSCOVER,1,1
HW_MISC_,CRASH_INTR_EN_0,CFG_EN_BUFFRST_INDSCOVER,0,1
HW_MISC_,CRASH_INTR_EN_1,RESERVED,27,5
HW_MISC_,CRASH_INTR_EN_1,CFG_EN_RX_DSC_ERR,16,11
HW_MISC_,CRASH_INTR_EN_1,RESERVED,11,5
HW_MISC_,CRASH_INTR_EN_1,CFG_EN_TXESD_FAIL,0,11
HW_MISC_,CRASH_INTR_STS_0,RESERVED,9,23
HW_MISC_,CRASH_INTR_STS_0,PHY_FATAL_ERR,4,5
HW_MISC_,CRASH_INTR_STS_0,BUFFRST_SYSOVER,3,1
HW_MISC_,CRASH_INTR_STS_0,BUFFRST_QOVER,2,1
HW_MISC_,CRASH_INTR_STS_0,BUFFRST_DSCOVER,1,1
HW_MISC_,CRASH_INTR_STS_0,BUFFRST_INDSCOVER,0,1
HW_MISC_,CRASH_INTR_STS_1,RESERVED,27,5
HW_MISC_,CRASH_INTR_STS_1,RX_DSC_ERR,16,11
HW_MISC_,CRASH_INTR_STS_1,RESERVED,11,5
HW_MISC_,CRASH_INTR_STS_1,TXESD_FAIL,0,11
HW_MISC_,CRASH_CONFIG_0,RESERVED,16,16
HW_MISC_,CRASH_CONFIG_0,CFG_INDSC_TIMER,12,4
HW_MISC_,CRASH_CONFIG_0,RESERVED,9,3
HW_MISC_,CRASH_CONFIG_0,CFG_BUFFRST_INDSCOVER_THR,0,9
HW_MISC_,CRASH_CONFIG_1,RESERVED,16,16
HW_MISC_,CRASH_CONFIG_1,CFG_DSC_TIMER,12,4
HW_MISC_,CRASH_CONFIG_1,RESERVED,10,2
HW_MISC_,CRASH_CONFIG_1,CFG_BUFFRST_DSCOVER_THR,0,10
HW_MISC_,CRASH_CONFIG_2,RESERVED,10,22
HW_MISC_,CRASH_CONFIG_2,CFG_BUFFRST_QOVER_THR,0,10
HW_MISC_,CRASH_CONFIG_3,RESERVED,10,22
HW_MISC_,CRASH_CONFIG_3,CFG_BUFFRST_SYSOVER_THR,0,10
HW_MISC_,CRASH_CONFIG_4,RESERVED,9,23
HW_MISC_,CRASH_CONFIG_4,CFG_TX_ESD_MODE,8,1
HW_MISC_,CRASH_CONFIG_4,CFG_TX_ESD_LVL,0,8
HW_MISC_,DDS_CHIP_CTRL_0,RESERVED,26,6
HW_MISC_,DDS_CHIP_CTRL_0,DSS_RO_SEL,23,3
HW_MISC_,DDS_CHIP_CTRL_0,DSS_WIRE_SEL,22,1
HW_MISC_,DDS_CHIP_CTRL_0,DSS_RST_N,21,1
HW_MISC_,DDS_CHIP_CTRL_0,DSS_SPEED_EN,20,1
HW_MISC_,DDS_CHIP_CTRL_0,DSS_DATA_IN,0,20
HW_MISC_,DDS_CHIP_STS_0,RESERVED,22,10
HW_MISC_,DDS_CHIP_STS_0,DSS_WSORT_GO,21,1
HW_MISC_,DDS_CHIP_STS_0,DSS_READY,20,1
HW_MISC_,DDS_CHIP_STS_0,DSS_COUNT_OUT,0,20
CHP_INFORMATION,MODEL_NAME_INFO,RTL_ID,16,16
CHP_INFORMATION,MODEL_NAME_INFO,MODEL_CHAR_1ST,11,5
CHP_INFORMATION,MODEL_NAME_INFO,MODEL_CHAR_2ND,6,5
CHP_INFORMATION,MODEL_NAME_INFO,MODEL_CHAR_3RD,4,2
CHP_INFORMATION,MODEL_NAME_INFO,RTL_VID,0,4
CHP_INFORMATION,CHIP_INFO,CHIP_INFO_EN,28,4
CHP_INFORMATION,CHIP_INFO,RESERVED,21,7
CHP_INFORMATION,CHIP_INFO,CHIP_VER,16,5
CHP_INFORMATION,CHIP_INFO,RL_ID,0,16
CHP_INFORMATION,BOND_INFO,BOND_INFO_EN,28,4
CHP_INFORMATION,BOND_INFO,RESERVED,5,23
CHP_INFORMATION,BOND_INFO,BOND_CHIP_MODE,0,5
CHP_INFORMATION,MISCELLANEOUS_CONFIGURE0,RESERVED,5,27
CHP_INFORMATION,MISCELLANEOUS_CONFIGURE0,MDX_SPD_REMAP_EN,1,4
CHP_INFORMATION,MISCELLANEOUS_CONFIGURE0,ADCCKI_EN,0,1
CHP_INFORMATION,FORCE_P_ABLTY,RESERVED,16,16
CHP_INFORMATION,FORCE_P_ABLTY,EEE_ABLTY,15,1
CHP_INFORMATION,FORCE_P_ABLTY,RESERVED,14,1
CHP_INFORMATION,FORCE_P_ABLTY,SPEED23_ABLTY,12,2
CHP_INFORMATION,FORCE_P_ABLTY,LPI_1000_ABLTY,11,1
CHP_INFORMATION,FORCE_P_ABLTY,LPI_100_ABLTY,10,1
CHP_INFORMATION,FORCE_P_ABLTY,MST_FAULT_ABLTY,9,1
CHP_INFORMATION,FORCE_P_ABLTY,MST_MOD_ABLTY,8,1
CHP_INFORMATION,FORCE_P_ABLTY,NWAY_ABLTY,7,1
CHP_INFORMATION,FORCE_P_ABLTY,TXPAUSE_ABLTY,6,1
CHP_INFORMATION,FORCE_P_ABLTY,RXPAUSE_ABLTY,5,1
CHP_INFORMATION,FORCE_P_ABLTY,LINK_ABLTY,4,1
CHP_INFORMATION,FORCE_P_ABLTY,FIB1G_ABLTY,3,1
CHP_INFORMATION,FORCE_P_ABLTY,DUPLEX_ABLTY,2,1
CHP_INFORMATION,FORCE_P_ABLTY,SPEED01_ABLTY,0,2
CHP_INFORMATION,MDX_PHY_REG1,RESERVED,10,22
CHP_INFORMATION,MDX_PHY_REG1,PHY_BRD_MODE,5,5
CHP_INFORMATION,MDX_PHY_REG1,BRD_PHYAD,0,5
CHP_INFORMATION,ROUTER_UPS_CFG,RESERVED,1,31
CHP_INFORMATION,ROUTER_UPS_CFG,SOFTSTART,0,1
CHP_INFORMATION,P_ABLTY,RESERVED,16,16
CHP_INFORMATION,P_ABLTY,EEE_ABLTY,15,1
CHP_INFORMATION,P_ABLTY,RESERVED,14,1
CHP_INFORMATION,P_ABLTY,SPEED_ABLTY23,12,2
CHP_INFORMATION,P_ABLTY,LPI_1000,11,1
CHP_INFORMATION,P_ABLTY,LPI_100,10,1
CHP_INFORMATION,P_ABLTY,P_NWAY_FAULT,9,1
CHP_INFORMATION,P_ABLTY,P_MSTR,8,1
CHP_INFORMATION,P_ABLTY,P_NWAY_ABLTY,7,1
CHP_INFORMATION,P_ABLTY,P_TX_FC,6,1
CHP_INFORMATION,P_ABLTY,P_RX_FC,5,1
CHP_INFORMATION,P_ABLTY,P_LINK_STATUS,4,1
CHP_INFORMATION,P_ABLTY,P_LINK_FIB1G,3,1
CHP_INFORMATION,P_ABLTY,P_DUPLEX,2,1
CHP_INFORMATION,P_ABLTY,P_LINK_SPD,0,2
CHP_INFORMATION,RTL_OUI_CFG,RESERVED,24,8
CHP_INFORMATION,RTL_OUI_CFG,OUI_CFG,0,24
CHP_INFORMATION,REVISON_CFG,RESERVED,4,28
CHP_INFORMATION,REVISON_CFG,REVISOIN_CFG,0,4
CHP_INFORMATION,MODEL_CFG,RESERVED,6,26
CHP_INFORMATION,MODEL_CFG,MODEL_CFG,0,6
CHP_INFORMATION,ABLTY_FORCE_MODE,RESERVED,16,16
CHP_INFORMATION,ABLTY_FORCE_MODE,FORCE_EEE_ABLTY,15,1
CHP_INFORMATION,ABLTY_FORCE_MODE,RESERVED,14,1
CHP_INFORMATION,ABLTY_FORCE_MODE,FORCE_SPEED3_ABLTY,13,1
CHP_INFORMATION,ABLTY_FORCE_MODE,FORCE_SPEED2_ABLTY,12,1
CHP_INFORMATION,ABLTY_FORCE_MODE,FORCE_LPI_1000_ABLTY,11,1
CHP_INFORMATION,ABLTY_FORCE_MODE,FORCE_LPI_100_ABLTY,10,1
CHP_INFORMATION,ABLTY_FORCE_MODE,FORCE_MST_FAULT_ABLTY,9,1
CHP_INFORMATION,ABLTY_FORCE_MODE,FORCE_MST_MOD_ABLTY,8,1
CHP_INFORMATION,ABLTY_FORCE_MODE,FORCE_NWAY_ABLTY,7,1
CHP_INFORMATION,ABLTY_FORCE_MODE,FORCE_TXPAUSE_ABLTY,6,1
CHP_INFORMATION,ABLTY_FORCE_MODE,FORCE_RXPAUSE_ABLTY,5,1
CHP_INFORMATION,ABLTY_FORCE_MODE,FORCE_LINK_ABLTY,4,1
CHP_INFORMATION,ABLTY_FORCE_MODE,FORCE_FIB1G_ABLTY,3,1
CHP_INFORMATION,ABLTY_FORCE_MODE,FORCE_DUPLEX_ABLTY,2,1
CHP_INFORMATION,ABLTY_FORCE_MODE,FORCE_SPEED1_ABLTY,1,1
CHP_INFORMATION,ABLTY_FORCE_MODE,FORCE_SPEED0_ABLTY,0,1
CHP_INFORMATION,DEBUG_SEL,DBGO_SEL,0,32
CHP_INFORMATION,DEBUG_SEL_TOP,RESERVED,27,5
CHP_INFORMATION,DEBUG_SEL_TOP,DBG_BY_REG,26,1
CHP_INFORMATION,DEBUG_SEL_TOP,DBG_BY_LED,25,1
CHP_INFORMATION,DEBUG_SEL_TOP,DBG_BY_SPI,24,1
CHP_INFORMATION,DEBUG_SEL_TOP,DBG_BY_OEM,22,2
CHP_INFORMATION,DEBUG_SEL_TOP,DBG_BY_SLIC,21,1
CHP_INFORMATION,DEBUG_SEL_TOP,DBG_BY_EXT,20,1
CHP_INFORMATION,DEBUG_SEL_TOP,CFG_DBGO_SHIFT,16,4
CHP_INFORMATION,DEBUG_SEL_TOP,DBGO_SEL_TOP,8,8
CHP_INFORMATION,DEBUG_SEL_TOP,DBGO_SEL_BLK,0,8
CHP_INFORMATION,RST_SYNC_FIFO,RESERVED,2,30
CHP_INFORMATION,RST_SYNC_FIFO,CFG_STOP_GLI_CLK_EN,1,1
CHP_INFORMATION,RST_SYNC_FIFO,CFG_STOP_CLK_PORT_EN,0,1
CHP_INFORMATION,SDS_CFG,RESERVED,7,25
CHP_INFORMATION,SDS_CFG,CFG_SDS_SG_LIMT,6,1
CHP_INFORMATION,SDS_CFG,CFG_COMBO_SDS_EN,5,1
CHP_INFORMATION,SDS_CFG,CFG_SDS_MODE,0,5
CHP_INFORMATION,MAC_ACT_CFG,RESERVED,20,12
CHP_INFORMATION,MAC_ACT_CFG,CFG_MAC_ACTIVE,9,11
CHP_INFORMATION,MAC_ACT_CFG,CFG_LINK_DOWN_TIME_EN,8,1
CHP_INFORMATION,MAC_ACT_CFG,CFG_LINK_DOWN_TIME,0,8
CHP_INFORMATION,BYPS_ABLTY_LOCK,RESERVED,11,21
CHP_INFORMATION,BYPS_ABLTY_LOCK,BYPS_ABLTY_LOCK,0,11
CHP_INFORMATION,FIFO_ERR_STS,RESERVED,5,27
CHP_INFORMATION,FIFO_ERR_STS,STS_SYNC_FIFO_RX_ERR,0,5
CHP_INFORMATION,SDS_AN_RX_CFG,RESERVED,16,16
CHP_INFORMATION,SDS_AN_RX_CFG,RX_CFG_REG_SDS,0,16
CHP_INFORMATION,SDS_FIB_STATUS,RESERVED,20,12
CHP_INFORMATION,SDS_FIB_STATUS,SDS_RX_SYM_ERR,19,1
CHP_INFORMATION,SDS_FIB_STATUS,FIB_EEE_ABLTY,18,1
CHP_INFORMATION,SDS_FIB_STATUS,SDS_SDET,17,1
CHP_INFORMATION,SDS_FIB_STATUS,FIBER_ABLTY,5,12
CHP_INFORMATION,SDS_FIB_STATUS,SDS_LINK_OK,4,1
CHP_INFORMATION,SDS_FIB_STATUS,SDS_INTB,3,1
CHP_INFORMATION,SDS_FIB_STATUS,FIB100_SDET,2,1
CHP_INFORMATION,SDS_FIB_STATUS,FIB_ISO,1,1
CHP_INFORMATION,SDS_FIB_STATUS,FIB100_DET,0,1
CHP_INFORMATION,HWPKT_GEN_STA,RESERVED,27,5
CHP_INFORMATION,HWPKT_GEN_STA,HWPKT_GEN_SUS,16,11
CHP_INFORMATION,HWPKT_GEN_STA,RESERVED,11,5
CHP_INFORMATION,HWPKT_GEN_STA,HWPKT_GEN_STATUS,0,11
CHP_INFORMATION,GPHY_AFE_DBG_CFG,RESERVED,6,26
CHP_INFORMATION,GPHY_AFE_DBG_CFG,RESERVED,2,4
CHP_INFORMATION,GPHY_AFE_DBG_CFG,EN_RTT2,1,1
CHP_INFORMATION,GPHY_AFE_DBG_CFG,EN_RTT1,0,1
CHP_INFORMATION,DYNGASP_CTRL,GASP_DGC_TIMER,16,16
CHP_INFORMATION,DYNGASP_CTRL,GASP_FORCE,15,1
CHP_INFORMATION,DYNGASP_CTRL,RESERVED,8,7
CHP_INFORMATION,DYNGASP_CTRL,DYNGASP_OUT_2_INV,7,1
CHP_INFORMATION,DYNGASP_CTRL,DYNGASP_OUT_2_EN,6,1
CHP_INFORMATION,DYNGASP_CTRL,DYNGASP_OUT_1_INV,5,1
CHP_INFORMATION,DYNGASP_CTRL,DYNGASP_OUT_1_EN,4,1
CHP_INFORMATION,DYNGASP_CTRL,DYNGASP_CMP_INV,3,1
CHP_INFORMATION,DYNGASP_CTRL,DYNGASP_OUT_INV,2,1
CHP_INFORMATION,DYNGASP_CTRL,DYNGASP_OUT_EN,1,1
CHP_INFORMATION,DYNGASP_CTRL,DYNGASP_OUT_PULL,0,1
CHP_INFORMATION,BOND_STS,RESERVED,24,8
CHP_INFORMATION,BOND_STS,BOND_STS,0,24
CHP_INFORMATION,STRAP_STS,STRAP_STS,0,32
CHP_INFORMATION,MISCELLANEOUS_BONDING,RESERVED,6,26
CHP_INFORMATION,MISCELLANEOUS_BONDING,BYPS_CLK_LX,5,1
CHP_INFORMATION,MISCELLANEOUS_BONDING,BYPS_CLK_M90,4,1
CHP_INFORMATION,MISCELLANEOUS_BONDING,BYPS_CLK_M,3,1
CHP_INFORMATION,MISCELLANEOUS_BONDING,BYPS_CLK_OCP2,2,1
CHP_INFORMATION,MISCELLANEOUS_BONDING,BYPS_CLK_OCP1,1,1
CHP_INFORMATION,MISCELLANEOUS_BONDING,BYPS_CLK_SW,0,1
CHP_INFORMATION,MISCELLANEOUS_STRAPPING0,RESERVED,2,30
CHP_INFORMATION,MISCELLANEOUS_STRAPPING0,DIS_JTAG,0,2
CHP_INFORMATION,MAC_DLYLNK,RESERVED,17,15
CHP_INFORMATION,MAC_DLYLNK,LNKUP_DELAY_2P5G,15,2
CHP_INFORMATION,MAC_DLYLNK,LNKDN_FRC_DIS,14,1
CHP_INFORMATION,MAC_DLYLNK,TX_IDLE_TMR,6,8
CHP_INFORMATION,MAC_DLYLNK,MACRX_DUPDET_EN,5,1
CHP_INFORMATION,MAC_DLYLNK,MAC_LNKUP_DELAY_EN,4,1
CHP_INFORMATION,MAC_DLYLNK,LNKUP_DELAY_GE_100M,2,2
CHP_INFORMATION,MAC_DLYLNK,LNKUP_DELAY_10M,0,2
CHP_INFORMATION,PONCTRL,RESERVED,14,18
CHP_INFORMATION,PONCTRL,CFG_NOT_WAIT_BISR_DONE,13,1
CHP_INFORMATION,PONCTRL,CFG_NOT_WAIT_EFUSE_RDY,12,1
CHP_INFORMATION,PONCTRL,CFG_NOT_WAIT_PHY_RDY,11,1
CHP_INFORMATION,PONCTRL,HT_RDY,10,1
CHP_INFORMATION,PONCTRL,ALE_INIT_RDY,9,1
CHP_INFORMATION,PONCTRL,MIB_INIT_RDY,8,1
CHP_INFORMATION,PONCTRL,MAC_RDY,7,1
CHP_INFORMATION,PONCTRL,PONCTRL_CS,0,7
CHP_INFORMATION,HSG_SDS_CTRL,RESERVED,4,28
CHP_INFORMATION,HSG_SDS_CTRL,CKUSB3_SEL,3,1
CHP_INFORMATION,HSG_SDS_CTRL,CKPCIE1_SEL,2,1
CHP_INFORMATION,HSG_SDS_CTRL,CKPCIE0_SEL,1,1
CHP_INFORMATION,HSG_SDS_CTRL,CKGPHY_SEL,0,1
MAC_CONTROL,CPU_HASH_SELECT_CTRL,SEL,0,1
MAC_CONTROL,CPU_HASH_PORT_CTRL,HASH,0,1
MAC_CONTROL,CPU_HASH_CTRL,RESERVED,1,31
MAC_CONTROL,CPU_HASH_CTRL,EN,0,1
MAC_CONTROL,CPU_TAG_INSERT_CTRL,EN,0,1
MAC_CONTROL,CPU_TAG_AWARE_CTRL,EN,0,1
MAC_CONTROL,ACCEPT_MAX_LEN_CTRL,RESERVED,14,18
MAC_CONTROL,ACCEPT_MAX_LEN_CTRL,ACCEPT_MAX_LENTH,0,14
MAC_CONTROL,CFG_MAC_MISC,RESERVED,29,3
MAC_CONTROL,CFG_MAC_MISC,RESERVED,28,1
MAC_CONTROL,CFG_MAC_MISC,CFG_RX_USE_DSC_EN,27,1
MAC_CONTROL,CFG_MAC_MISC,CFG_TX_FIFO_RST,26,1
MAC_CONTROL,CFG_MAC_MISC,CFG_RX_FIFO_RST,25,1
MAC_CONTROL,CFG_MAC_MISC,RSVPG_BEFORE_FCDROP,15,10
MAC_CONTROL,CFG_MAC_MISC,CHECK_MIN_IPG_RXDV,14,1
MAC_CONTROL,CFG_MAC_MISC,LIMIT_IPG_CFG,9,5
MAC_CONTROL,CFG_MAC_MISC,RX_IOL_MAX_LENGTH_CFG,8,1
MAC_CONTROL,CFG_MAC_MISC,RX_IOL_ERROR_LENGTH_CFG,7,1
MAC_CONTROL,CFG_MAC_MISC,RESERVED,6,1
MAC_CONTROL,CFG_MAC_MISC,RX_DV_CNT_CFG,0,6
MAC_CONTROL,CFG_BACKPRESSURE,RESERVED,4,28
MAC_CONTROL,CFG_BACKPRESSURE,DROP_48_PASS_1,3,1
MAC_CONTROL,CFG_BACKPRESSURE,LONGTXE,2,1
MAC_CONTROL,CFG_BACKPRESSURE,RESERVED,1,1
MAC_CONTROL,CFG_BACKPRESSURE,EN_48_PASS_1,0,1
MAC_CONTROL,CFG_UNHIOL,RESERVED,10,22
MAC_CONTROL,CFG_UNHIOL,DIS_ITFSP_OP,9,1
MAC_CONTROL,CFG_UNHIOL,DIS_SKIP_FP,8,1
MAC_CONTROL,CFG_UNHIOL,ITFSP_REG,5,3
MAC_CONTROL,CFG_UNHIOL,IOL_16DROP,4,1
MAC_CONTROL,CFG_UNHIOL,IOL_BACKOFF,3,1
MAC_CONTROL,CFG_UNHIOL,BACKOFF_RANDOM_TIME,2,1
MAC_CONTROL,CFG_UNHIOL,DISABLE_BACK_OFF,1,1
MAC_CONTROL,CFG_UNHIOL,IPG_COMPENSATION,0,1
MAC_CONTROL,SWITCH_MAC,RESERVED,48,16
MAC_CONTROL,SWITCH_MAC,SWITCH_MAC5,40,8
MAC_CONTROL,SWITCH_MAC,SWITCH_MAC4,32,8
MAC_CONTROL,SWITCH_MAC,SWITCH_MAC3,24,8
MAC_CONTROL,SWITCH_MAC,SWITCH_MAC2,16,8
MAC_CONTROL,SWITCH_MAC,SWITCH_MAC1,8,8
MAC_CONTROL,SWITCH_MAC,SWITCH_MAC0,0,8
MAC_CONTROL,SWITCH_CTRL,RESERVED,10,22
MAC_CONTROL,SWITCH_CTRL,KEEP_CGST_PAT_ORG,9,1
MAC_CONTROL,SWITCH_CTRL,BKPR_DEF_PAT,8,1
MAC_CONTROL,SWITCH_CTRL,BKPR_IPG,6,2
MAC_CONTROL,SWITCH_CTRL,LDNDRN_ORG,5,1
MAC_CONTROL,SWITCH_CTRL,PKTDRN_ORG,4,1
MAC_CONTROL,SWITCH_CTRL,CRCRECAL,2,2
MAC_CONTROL,SWITCH_CTRL,SHORT_IPG,1,1
MAC_CONTROL,SWITCH_CTRL,PAUSE_MAX128,0,1
MAC_CONTROL,CFG_L2TP_SPORT,RESERVED,16,16
MAC_CONTROL,CFG_L2TP_SPORT,CFG_L2TP_UDP_SPORT,0,16
MAC_CONTROL,INBW_HBOUND,RESERVED,24,8
MAC_CONTROL,INBW_HBOUND,HBOUND,0,24
MAC_CONTROL,INBW_LBOUND,RESERVED,24,8
MAC_CONTROL,INBW_LBOUND,LBOUND,0,24
MAC_CONTROL,P_TX_ERR_CNT,RESERVED,8,24
MAC_CONTROL,P_TX_ERR_CNT,TX_ERR_CNT,0,8
MAC_CONTROL,P_MISC,RESERVED,26,6
MAC_CONTROL,P_MISC,RESERVED,24,2
MAC_CONTROL,P_MISC,DIS_HOLD_BT4IP6,23,1
MAC_CONTROL,P_MISC,CFG_RX_FIFO_DIRECT_RST,22,1
MAC_CONTROL,P_MISC,CFG_ENBKPRESS,21,1
MAC_CONTROL,P_MISC,RESERVED,20,1
MAC_CONTROL,P_MISC,GETTFRD_ORG,19,1
MAC_CONTROL,P_MISC,TXCOM_ORG,18,1
MAC_CONTROL,P_MISC,PADDING_EN,17,1
MAC_CONTROL,P_MISC,BYPS_ABLTY_LOCK,16,1
MAC_CONTROL,P_MISC,PAD_PAT,8,8
MAC_CONTROL,P_MISC,TX_FIRST,7,1
MAC_CONTROL,P_MISC,ACCEPT_RX_ERROR,6,1
MAC_CONTROL,P_MISC,LATE_COL,5,1
MAC_CONTROL,P_MISC,SMALL_TAG_IPG,4,1
MAC_CONTROL,P_MISC,TX_ITFSP_MODE,3,1
MAC_CONTROL,P_MISC,RX_SPC,2,1
MAC_CONTROL,P_MISC,CRC_SKIP,1,1
MAC_CONTROL,P_MISC,MAC_LOOPBACK,0,1
MAC_CONTROL,P_CUR_RATE,P_CURENT_RATE,0,32
MAC_CONTROL,UTP_FIBER_AUTODET,RESERVED,11,21
MAC_CONTROL,UTP_FIBER_AUTODET,SDS_PHY_MODE,10,1
MAC_CONTROL,UTP_FIBER_AUTODET,SDS_LPI_GMII_SEL,9,1
MAC_CONTROL,UTP_FIBER_AUTODET,SDS_CMD_STOP_GLI_CLK,8,1
MAC_CONTROL,UTP_FIBER_AUTODET,SDS_FRC_REG4_EN,7,1
MAC_CONTROL,UTP_FIBER_AUTODET,SDS_FRC_REG4_FIB100,6,1
MAC_CONTROL,UTP_FIBER_AUTODET,SDS_LOAD_SYS_PAR,5,1
MAC_CONTROL,UTP_FIBER_AUTODET,SDS_UNIDIR_TX,4,1
MAC_CONTROL,UTP_FIBER_AUTODET,SDS_PWR_GATING,3,1
MAC_CONTROL,UTP_FIBER_AUTODET,SDS_RX_DISABLE,2,1
MAC_CONTROL,UTP_FIBER_AUTODET,SDS_TX_DISABLE,1,1
MAC_CONTROL,UTP_FIBER_AUTODET,SDS_FRC_LD,0,1
MAC_CONTROL,CHANGE_DUPLEX_CTRL,RESERVED,8,24
MAC_CONTROL,CHANGE_DUPLEX_CTRL,CFG_CHG_DUP_EN,7,1
MAC_CONTROL,CHANGE_DUPLEX_CTRL,CFG_CHG_DUP_THR,2,5
MAC_CONTROL,CHANGE_DUPLEX_CTRL,CFG_CHG_DUP_CONGEST,1,1
MAC_CONTROL,CHANGE_DUPLEX_CTRL,RESERVED,0,1
MAC_CONTROL,EXTG_ACTYPE0,RESERVED,30,2
MAC_CONTROL,EXTG_ACTYPE0,CFG_EXTG_ACTYPE0,0,30
MAC_CONTROL,EXTG_ACTYPE1,RESERVED,30,2
MAC_CONTROL,EXTG_ACTYPE1,CFG_EXTG_ACTYPE1,0,30
MAC_CONTROL,EXTG_ACTYPE2,RESERVED,30,2
MAC_CONTROL,EXTG_ACTYPE2,CFG_EXTG_ACTYPE2,0,30
MAC_CONTROL,EXTG_ACTYPE3,RESERVED,30,2
MAC_CONTROL,EXTG_ACTYPE3,CFG_EXTG_ACTYPE3,0,30
MAC_CONTROL,EXTG_ACTYPE4,RESERVED,30,2
MAC_CONTROL,EXTG_ACTYPE4,CFG_EXTG_ACTYPE4,0,30
MAC_CONTROL,EXTG_ACTYPE5,RESERVED,30,2
MAC_CONTROL,EXTG_ACTYPE5,CFG_EXTG_ACTYPE5,0,30
MAC_CONTROL,EXTG_ACTYPE6,RESERVED,30,2
MAC_CONTROL,EXTG_ACTYPE6,CFG_EXTG_ACTYPE6,0,30
MAC_CONTROL,EXTG_ACTYPE7,RESERVED,30,2
MAC_CONTROL,EXTG_ACTYPE7,CFG_EXTG_ACTYPE7,0,30
MAC_CONTROL,EXTHDR_DAT,EXTHDR_DAT,0,32
PHY_SERDES,WSDS_ANA_00,RESERVED,14,18
PHY_SERDES,WSDS_ANA_00,TX_DISABLE_OPTIC,13,1
PHY_SERDES,WSDS_ANA_00,CKRDY_GPHY,12,1
PHY_SERDES,WSDS_ANA_00,BER_NOTIFY,11,1
PHY_SERDES,WSDS_ANA_00,REG_RX_EQ_FILTER_OUT,4,7
PHY_SERDES,WSDS_ANA_00,REG_RX_OFFSET_CODE,0,4
PHY_SERDES,WSDS_ANA_01,DMY0,0,32
PHY_SERDES,WSDS_ANA_02,DMY1,0,32
PHY_SERDES,WSDS_ANA_03,RESERVED,16,16
PHY_SERDES,WSDS_ANA_03,REG_ANA_RSV_0,0,16
PHY_SERDES,WSDS_ANA_04,RESERVED,16,16
PHY_SERDES,WSDS_ANA_04,REG_ANA_RSV_1,0,16
PHY_SERDES,WSDS_ANA_05,RESERVED,16,16
PHY_SERDES,WSDS_ANA_05,REG_ANA_RSV_2,0,16
PHY_SERDES,WSDS_ANA_06,RESERVED,16,16
PHY_SERDES,WSDS_ANA_06,REG_ANA_RSV_3,0,16
PHY_SERDES,WSDS_ANA_07,RESERVED,16,16
PHY_SERDES,WSDS_ANA_07,REG_ANA_RSV_4,0,16
PHY_SERDES,WSDS_ANA_08,RESERVED,16,16
PHY_SERDES,WSDS_ANA_08,REG_ANA_RSV_5,0,16
PHY_SERDES,WSDS_ANA_09,RESERVED,16,16
PHY_SERDES,WSDS_ANA_09,CFG_ANA_DMYRD_0,0,16
PHY_SERDES,WSDS_ANA_0A,RESERVED,16,16
PHY_SERDES,WSDS_ANA_0A,CFG_ANA_DMYRD_1,0,16
PHY_SERDES,WSDS_ANA_0B,RESERVED,16,16
PHY_SERDES,WSDS_ANA_0B,CFG_ANA_DMYRD_2,0,16
PHY_SERDES,WSDS_DIG_00,RESERVED,12,20
PHY_SERDES,WSDS_DIG_00,CFG_SFT_RSB_ANA,11,1
PHY_SERDES,WSDS_DIG_00,CFG_SFT_RSTB_GPON,10,1
PHY_SERDES,WSDS_DIG_00,CFG_SFT_RSTB_EPON,9,1
PHY_SERDES,WSDS_DIG_00,CFG_SFT_RSTB,8,1
PHY_SERDES,WSDS_DIG_00,CFG_FRCV_155M_EN,7,1
PHY_SERDES,WSDS_DIG_00,CFG_FRC_155M_EN,6,1
PHY_SERDES,WSDS_DIG_00,CFG_FRCV_125M_EN,5,1
PHY_SERDES,WSDS_DIG_00,CFG_FRC_125M_EN,4,1
PHY_SERDES,WSDS_DIG_00,CFG_FRCV_GMIICK_EN,3,1
PHY_SERDES,WSDS_DIG_00,CFG_FRC_GMIICK_EN,2,1
PHY_SERDES,WSDS_DIG_00,CFG_TXDIS_SEL,1,1
PHY_SERDES,WSDS_DIG_00,CFG_STOP_CLK,0,1
PHY_SERDES,WSDS_DIG_01,CFG_DMY0,0,32
PHY_SERDES,WSDS_DIG_02,RESERVED,12,20
PHY_SERDES,WSDS_DIG_02,REG_BEN_SYNC_SEL,11,1
PHY_SERDES,WSDS_DIG_02,REG_EN_PDOWN_BEN,10,1
PHY_SERDES,WSDS_DIG_02,REG_PDOWN_BEN_INV,9,1
PHY_SERDES,WSDS_DIG_02,CFG_SILENT_EN_INI,8,1
PHY_SERDES,WSDS_DIG_02,CFG_SDS_PHY_MODE,7,1
PHY_SERDES,WSDS_DIG_02,FRC_REG4_EN,6,1
PHY_SERDES,WSDS_DIG_02,FRC_REG4_FIB100,5,1
PHY_SERDES,WSDS_DIG_02,CFG_LPI_GMII_SEL,4,1
PHY_SERDES,WSDS_DIG_02,CFG_CMD_STOP_GLI_CLK,0,4
PHY_SERDES,WSDS_DIG_03,RESERVED,7,25
PHY_SERDES,WSDS_DIG_03,CFG_TXDIS_SEL_DLY,4,3
PHY_SERDES,WSDS_DIG_03,CFG_D2ANLOG_SEL,0,4
PHY_SERDES,WSDS_DIG_04,RESERVED,3,29
PHY_SERDES,WSDS_DIG_04,CFG_AFE_LPK_EN,2,1
PHY_SERDES,WSDS_DIG_04,CFG_DIG_LPK_EN,1,1
PHY_SERDES,WSDS_DIG_04,CFG_RMT_LPK_EN,0,1
PHY_SERDES,WSDS_DIG_05,CFG_DMY1,0,32
PHY_SERDES,WSDS_DIG_06,CFG_DMY2,0,32
PHY_SERDES,WSDS_DIG_07,RESERVED,16,16
PHY_SERDES,WSDS_DIG_07,CFG_DBG_TRAN_SEL,0,16
PHY_SERDES,WSDS_DIG_08,RESERVED,24,8
PHY_SERDES,WSDS_DIG_08,SDS_IND_ADDR_0,0,24
PHY_SERDES,WSDS_DIG_09,RESERVED,24,8
PHY_SERDES,WSDS_DIG_09,SDS_IND_ADDR_1,0,24
PHY_SERDES,WSDS_DIG_0A,SDS_IND_REG_0,0,32
PHY_SERDES,WSDS_DIG_0B,SDS_IND_REG_1,0,32
PHY_SERDES,WSDS_DIG_0C,RESERVED,16,16
PHY_SERDES,WSDS_DIG_0C,CFG_IND_TMOUT,0,16
PHY_SERDES,WSDS_DIG_0D,CFG_DMY3,16,16
PHY_SERDES,WSDS_DIG_0D,CFG_DEBOUNCE_CTRL,0,16
PHY_SERDES,WSDS_DIG_0E,CFG_DMY4,16,16
PHY_SERDES,WSDS_DIG_0E,CFG_RXIDLEDET_CTRL,0,16
PHY_SERDES,WSDS_DIG_0F,CFG_DMY5,0,32
PHY_SERDES,WSDS_DIG_10,CFG_DMY6,0,32
PHY_SERDES,WSDS_DIG_11,CFG_DMY7,0,32
PHY_SERDES,WSDS_DIG_12,CFG_DMY8,0,32
PHY_SERDES,WSDS_DIG_13,CFG_DMY9,0,32
PHY_SERDES,WSDS_DIG_14,CFG_DMY10,0,32
PHY_SERDES,WSDS_DIG_15,CFG_DMY11,0,32
PHY_SERDES,WSDS_DIG_16,RESERVED,16,16
PHY_SERDES,WSDS_DIG_16,CFG_WRAP_SDS_DBG_SEL,0,16
PHY_SERDES,WSDS_DIG_17,RESERVED,2,30
PHY_SERDES,WSDS_DIG_17,CFG_FRC_BYP_EPMC,0,2
PHY_SERDES,WSDS_DIG_18,RESERVED,16,16
PHY_SERDES,WSDS_DIG_18,CFG_OPTIC_LOS_SEL_EPON,15,1
PHY_SERDES,WSDS_DIG_18,CFG_FRC_OPTIC_LOS,14,1
PHY_SERDES,WSDS_DIG_18,CFG_FRCV_OPTIC_LOS,13,1
PHY_SERDES,WSDS_DIG_18,BEN_OE,12,1
PHY_SERDES,WSDS_DIG_18,TX_DISABLE_OPTIC_OE,11,1
PHY_SERDES,WSDS_DIG_18,CFG_FRC_OPTIC_LOS_INV,10,1
PHY_SERDES,WSDS_DIG_18,CFG_FRC_CDR_LOS_INV,9,1
PHY_SERDES,WSDS_DIG_18,CFG_FRC_TX_DISABLE_OPTIC_INV,8,1
PHY_SERDES,WSDS_DIG_18,CFG_FRC_TX_DISABLE_OPTIC,6,2
PHY_SERDES,WSDS_DIG_18,CFG_FRC_TX_OPTIC_SD_INV,5,1
PHY_SERDES,WSDS_DIG_18,CFG_FRC_TX_OPTIC_SD,3,2
PHY_SERDES,WSDS_DIG_18,CFG_FRC_BEN_INV,2,1
PHY_SERDES,WSDS_DIG_18,RESERVED,0,2
PHY_SERDES,WSDS_DIG_19,RESERVED,16,16
PHY_SERDES,WSDS_DIG_19,CFG_PRBS_TYPE_SEL,0,16
PHY_SERDES,WSDS_DIG_1A,RESERVED,2,30
PHY_SERDES,WSDS_DIG_1A,CFG_PRBS_ERR_SIG,1,1
PHY_SERDES,WSDS_DIG_1A,CFG_PRBS_EN,0,1
PHY_SERDES,WSDS_DIG_1B,RESERVED,16,16
PHY_SERDES,WSDS_DIG_1B,CFG_PRBS_ERRORS,0,16
PHY_SERDES,WSDS_DIG_1C,RESERVED,16,16
PHY_SERDES,WSDS_DIG_1C,CFG_PRBS_STATUS,0,16
PHY_SERDES,WSDS_DIG_1D,RESERVED,17,15
PHY_SERDES,WSDS_DIG_1D,CFG_SFT_RSTB_INF_TX,16,1
PHY_SERDES,WSDS_DIG_1D,CFG_SFT_RSTB_INF_RX,15,1
PHY_SERDES,WSDS_DIG_1D,CFG_SFT_RSTB_INF,14,1
PHY_SERDES,WSDS_DIG_1D,CFG_FRC_CLK_EN,13,1
PHY_SERDES,WSDS_DIG_1D,CFG_FRCV_CLK_EN,12,1
PHY_SERDES,WSDS_DIG_1D,CFG_TX_WRPT_DN_SEL,9,3
PHY_SERDES,WSDS_DIG_1D,CFG_RX_WRPT_DN_SEL,6,3
PHY_SERDES,WSDS_DIG_1D,CFG_BEN_INV,5,1
PHY_SERDES,WSDS_DIG_1D,CFG_HAM_PTR,4,1
PHY_SERDES,WSDS_DIG_1D,CFG_ERRHAM_EN,3,1
PHY_SERDES,WSDS_DIG_1D,CFG_FREE_CNT_SEL,0,3
PHY_SERDES,WSDS_DIG_1E,RESERVED,10,22
PHY_SERDES,WSDS_DIG_1E,CFG_TXC155_INV,9,1
PHY_SERDES,WSDS_DIG_1E,CFG_A2D16_INV,8,1
PHY_SERDES,WSDS_DIG_1E,CFG_D2A16_INV,7,1
PHY_SERDES,WSDS_DIG_1E,CFG_RSTB_BITERR_INV,6,1
PHY_SERDES,WSDS_DIG_1E,CFG_ANALOG2D_SEL,5,1
PHY_SERDES,WSDS_DIG_1E,CFG_D2ANLOG_INF_SEL,4,1
PHY_SERDES,WSDS_DIG_1E,CFG_622_START_SEL,0,4
PHY_SERDES,WSDS_DIG_1F,RESERVED,28,4
PHY_SERDES,WSDS_DIG_1F,CFG_T1_FULL_EN,27,1
PHY_SERDES,WSDS_DIG_1F,CFG_T0_FULL_EN,26,1
PHY_SERDES,WSDS_DIG_1F,CFG_T1_FULL_CLR,25,1
PHY_SERDES,WSDS_DIG_1F,CFG_T0_FULL_CLR,24,1
PHY_SERDES,WSDS_DIG_1F,CFG_T1_DIF_MIN,18,6
PHY_SERDES,WSDS_DIG_1F,CFG_T1_DIF_MAX,12,6
PHY_SERDES,WSDS_DIG_1F,CFG_T0_DIF_MIN,6,6
PHY_SERDES,WSDS_DIG_1F,CFG_T0_DIF_MAX,0,6
PHY_SERDES,WSDS_DIG_20,RESERVED,14,18
PHY_SERDES,WSDS_DIG_20,CFG_R0_FULL_EN,13,1
PHY_SERDES,WSDS_DIG_20,CFG_R0_FULL_CLR,12,1
PHY_SERDES,WSDS_DIG_20,CFG_R0_DIF_MIN,6,6
PHY_SERDES,WSDS_DIG_20,CFG_R0_DIF_MAX,0,6
PHY_SERDES,WSDS_DIG_21,RESERVED,26,6
PHY_SERDES,WSDS_DIG_21,T1_FULL,25,1
PHY_SERDES,WSDS_DIG_21,T0_FULL,24,1
PHY_SERDES,WSDS_DIG_21,T1_DIF_MIN,18,6
PHY_SERDES,WSDS_DIG_21,T1_DIF_MAX,12,6
PHY_SERDES,WSDS_DIG_21,T0_DIF_MIN,6,6
PHY_SERDES,WSDS_DIG_21,T0_DIF_MAX,0,6
PHY_SERDES,WSDS_DIG_22,RESERVED,13,19
PHY_SERDES,WSDS_DIG_22,R0_FULL,12,1
PHY_SERDES,WSDS_DIG_22,R0_DIF_MIN,6,6
PHY_SERDES,WSDS_DIG_22,R0_DIF_MAX,0,6
PHY_SERDES,WSDS_DIG_23,CFG_SDSINF_DMYRD_0,0,32
PHY_SERDES,WSDS_DIG_24,CFG_WRAP_DMYRD_0,0,32
PHY_SERDES,WSDS_DIG_25,CFG_WRAP_DMYRD_1,0,32
PHY_SERDES,WSDS_DIG_26,CFG_WRAP_DMYRD_2,0,32
PHY_SERDES,WSDS_DIG_27,CFG_WRAP_DMYRD_3,0,32
PHY_SERDES,WSDS_DIG_28,CFG_WRAP_DMYRD_4,0,32
PHY_SERDES,WSDS_DIG_29,CFG_WRAP_DMY_0,0,32
PHY_SERDES,WSDS_DIG_2A,CFG_WRAP_DMY_1,0,32
PHY_SERDES,WSDS_DIG_2B,CFG_WRAP_DMY_2,0,32
PHY_SERDES,WSDS_DIG_2C,CFG_WRAP_DMY_3,0,32
PHY_SERDES,FORCE_BEN,RESERVED,2,30
PHY_SERDES,FORCE_BEN,BEN_FORCE_VALUE,1,1
PHY_SERDES,FORCE_BEN,BEN_FORCE_MODE,0,1
PHY_SERDES,SDS_REG0,RESERVED,16,16
PHY_SERDES,SDS_REG0,SP_DIS_RENWAY,15,1
PHY_SERDES,SDS_REG0,SP_BYP_8B10B,14,1
PHY_SERDES,SDS_REG0,SP_CDET,12,2
PHY_SERDES,SDS_REG0,SP_DIS_TMR_CMA,11,1
PHY_SERDES,SDS_REG0,SP_DIS_APX,10,1
PHY_SERDES,SDS_REG0,SP_INV_HSI,9,1
PHY_SERDES,SDS_REG0,SP_INV_HSO,8,1
PHY_SERDES,SDS_REG0,SP_SDS_SDET_DEG,6,2
PHY_SERDES,SDS_REG0,SP_CFG_AFE_FEC_LPK,5,1
PHY_SERDES,SDS_REG0,SP_CFG_DIG_LPK,4,1
PHY_SERDES,SDS_REG0,SP_CFG_REM_LPK,3,1
PHY_SERDES,SDS_REG0,SP_SDS_TX_DOWN,2,1
PHY_SERDES,SDS_REG0,SP_SDS_EN_RX,1,1
PHY_SERDES,SDS_REG0,SP_SDS_EN_TX,0,1
PHY_SERDES,SDS_REG1,RESERVED,16,16
PHY_SERDES,SDS_REG1,SP_CFG_PTR_ERR_EN,15,1
PHY_SERDES,SDS_REG1,SP_CFG_AUTO_10BIT,14,1
PHY_SERDES,SDS_REG1,SP_CFG_FULL_ACK2,13,1
PHY_SERDES,SDS_REG1,SP_CFG_NXP_EN,12,1
PHY_SERDES,SDS_REG1,SP_SDS_FRC_RX,8,4
PHY_SERDES,SDS_REG1,SP_CFG_HSG_RTIG,7,1
PHY_SERDES,SDS_REG1,SP_CFG_XSG,6,1
PHY_SERDES,SDS_REG1,SP_CFG_FRC_DWSPD,5,1
PHY_SERDES,SDS_REG1,SP_CFG_DIS_8B10B_PWR_OPT,4,1
PHY_SERDES,SDS_REG1,SP_SDS_FRC_TX,0,4
PHY_SERDES,SDS_REG2,RESERVED,16,16
PHY_SERDES,SDS_REG2,SP_FRC_PREAMBLE,14,2
PHY_SERDES,SDS_REG2,SP_FRC_IPG,12,2
PHY_SERDES,SDS_REG2,SP_FRC_CGGOOD,10,2
PHY_SERDES,SDS_REG2,SP_SDS_FRC_AN,8,2
PHY_SERDES,SDS_REG2,SP_CFG_INS_IPG_MDY,7,1
PHY_SERDES,SDS_REG2,SP_CFG_RDS_CMA_DET,6,1
PHY_SERDES,SDS_REG2,SP_CFG_SEL_TMR_LIM,4,2
PHY_SERDES,SDS_REG2,SP_SDS_RESTART_AN,0,4
PHY_SERDES,SDS_REG3,RESERVED,16,16
PHY_SERDES,SDS_REG3,SP_WR_SOFT_RSTB,15,1
PHY_SERDES,SDS_REG3,SP_USE_25M_CLK,14,1
PHY_SERDES,SDS_REG3,SP_MARK_CARR_EXT,13,1
PHY_SERDES,SDS_REG3,SP_SEL_DEG,12,1
PHY_SERDES,SDS_REG3,SP_REG_CALIB_OK_CNT,8,4
PHY_SERDES,SDS_REG3,SP_EXT_PWR_CTL,7,1
PHY_SERDES,SDS_REG3,SP_SOFT_RST,6,1
PHY_SERDES,SDS_REG3,SP_CLR_SOFT_RSTB,5,1
PHY_SERDES,SDS_REG3,SP_CMA_RQ,0,5
PHY_SERDES,SDS_REG4,RESERVED,16,16
PHY_SERDES,SDS_REG4,SP_CFG_FRC_SDS_MODE,13,3
PHY_SERDES,SDS_REG4,SP_CFG_FRC_SDS_MODE_EN,12,1
PHY_SERDES,SDS_REG4,SP_CFG_UPD_RXD,8,4
PHY_SERDES,SDS_REG4,SP_CFG_UPD_TXD,4,4
PHY_SERDES,SDS_REG4,SP_CFG_UPD_RXD_DYN,3,1
PHY_SERDES,SDS_REG4,SP_CFG_EN_LINK_FIB1G,2,1
PHY_SERDES,SDS_REG4,SP_CFG_EN_LINK_SGM,1,1
PHY_SERDES,SDS_REG4,SP_CFG_SGM_CK_SEL,0,1
PHY_SERDES,SDS_REG5,RESERVED,16,16
PHY_SERDES,SDS_REG5,SP_LPI_TRANSMIT_STYLE,15,1
PHY_SERDES,SDS_REG5,SP_PWRSV_INB_PERIOD,12,3
PHY_SERDES,SDS_REG5,SP_PWRSV_WAKEUP_C2,11,1
PHY_SERDES,SDS_REG5,SP_PWRSV_WAKEUP_C1,10,1
PHY_SERDES,SDS_REG5,SP_CFG_MARK_CARR_EXT_ERR,9,1
PHY_SERDES,SDS_REG5,SP_REG_PCSREQ_POS,8,1
PHY_SERDES,SDS_REG5,SP_CFG_INBTOUT_LEVEL,7,1
PHY_SERDES,SDS_REG5,SP_CFG_SUDINB,6,1
PHY_SERDES,SDS_REG5,SP_CFG_PCSRDABT_LD,5,1
PHY_SERDES,SDS_REG5,SP_CFG_AN_UZ,4,1
PHY_SERDES,SDS_REG5,SP_CFG_INBAND_EN,0,4
PHY_SERDES,SDS_REG6,RESERVED,16,16
PHY_SERDES,SDS_REG6,SP_CFG_NO_GIGA_SCM,15,1
PHY_SERDES,SDS_REG6,SP_CFG_RE_SYNC_STYLE,14,1
PHY_SERDES,SDS_REG6,SP_CFG_SYNC_GAT,13,1
PHY_SERDES,SDS_REG6,SP_CFG_BYPSCR_XSG,12,1
PHY_SERDES,SDS_REG6,SP_RX_BYPSCR,8,4
PHY_SERDES,SDS_REG6,SP_CFG_SLP_RQ,4,4
PHY_SERDES,SDS_REG6,SP_TX_BYPSCR,0,4
PHY_SERDES,SDS_REG7,RESERVED,16,16
PHY_SERDES,SDS_REG7,SP_CFG_8B10B_NO_CREXT,15,1
PHY_SERDES,SDS_REG7,SP_CFG_NEG_CLKWR_A2D,14,1
PHY_SERDES,SDS_REG7,SP_CFG_MIIXF_TS1K,13,1
PHY_SERDES,SDS_REG7,SP_CFG_DLY_PRE8,12,1
PHY_SERDES,SDS_REG7,SP_CFG_GRXD_SEL,11,1
PHY_SERDES,SDS_REG7,SP_CFG_LPI_CMD_MII,10,1
PHY_SERDES,SDS_REG7,SP_CFG_MARK_RXSCR_ERR,9,1
PHY_SERDES,SDS_REG7,SP_CFG_MARK_TXSCR_ERR,8,1
PHY_SERDES,SDS_REG7,SP_BYP_START,4,4
PHY_SERDES,SDS_REG7,SP_BYP_END,0,4
PHY_SERDES,SDS_REG8,RESERVED,16,16
PHY_SERDES,SDS_REG8,SP_CFG_EEE_PWRSAV_EN,15,1
PHY_SERDES,SDS_REG8,SP_REG_EEE_SDS_AN,14,1
PHY_SERDES,SDS_REG8,SP_REG_C3_TIMER,11,3
PHY_SERDES,SDS_REG8,SP_REG_C2_TIMER,8,3
PHY_SERDES,SDS_REG8,SP_REG_C1_TIMER,5,3
PHY_SERDES,SDS_REG8,SP_REG_C0_TIMER,2,3
PHY_SERDES,SDS_REG8,SP_CFG_MAC_C1_CHG_RESTC3,1,1
PHY_SERDES,SDS_REG8,SP_CFG_PHY_GO_C1_COND_SPC,0,1
PHY_SERDES,SDS_REG9,RESERVED,16,16
PHY_SERDES,SDS_REG9,SP_CFG_EEE_PROGRAM_0,0,16
PHY_SERDES,SDS_REG10,RESERVED,16,16
PHY_SERDES,SDS_REG10,SP_CFG_EEE_NEW,15,1
PHY_SERDES,SDS_REG10,SP_CFG_ICG_GTCK,14,1
PHY_SERDES,SDS_REG10,SP_CFG_ICG_GRCK,13,1
PHY_SERDES,SDS_REG10,SP_CFG_SEL2_CALIBOK,12,1
PHY_SERDES,SDS_REG10,SP_QSGMII_NO_DILE2,11,1
PHY_SERDES,SDS_REG10,SP_QSGMII_EEE_SEL,10,1
PHY_SERDES,SDS_REG10,SP_QSGMII_LPI_TX_EN,9,1
PHY_SERDES,SDS_REG10,SP_QSGMII_LPI_RX_EN,8,1
PHY_SERDES,SDS_REG10,SP_QSGMII_INB_EN,7,1
PHY_SERDES,SDS_REG10,SP_QSGMII_RXER_SEL,6,1
PHY_SERDES,SDS_REG10,SP_CFG_FAST_TIMER,4,2
PHY_SERDES,SDS_REG10,SP_EEE_LINK_FASTER,0,4
PHY_SERDES,SDS_REG11,RESERVED,16,16
PHY_SERDES,SDS_REG11,SP_CFG_EEE_DBG_CNT,0,16
PHY_SERDES,SDS_REG12,RESERVED,16,16
PHY_SERDES,SDS_REG12,SP_CFG_INB_TIMEOUT,8,8
PHY_SERDES,SDS_REG12,SP_ABILITY,4,4
PHY_SERDES,SDS_REG12,SP_CFG_AFE_40B,3,1
PHY_SERDES,SDS_REG12,SP_SD_DET_ALGOR,2,1
PHY_SERDES,SDS_REG12,SP_AUTO_DET_ALGOR,1,1
PHY_SERDES,SDS_REG12,SP_SEND_NP_ON,0,1
PHY_SERDES,SDS_REG13,RESERVED,16,16
PHY_SERDES,SDS_REG13,SP_SDS_LK_TIME,8,8
PHY_SERDES,SDS_REG13,SP_CFG_F100_LKON_CNT,4,4
PHY_SERDES,SDS_REG13,SP_CFG_APXT_TMP32,2,2
PHY_SERDES,SDS_REG13,SP_CFG_REDET_F100,1,1
PHY_SERDES,SDS_REG13,SP_CFG_APXT_TMP0,0,1
PHY_SERDES,SDS_REG14,RESERVED,16,16
PHY_SERDES,SDS_REG14,SP_CFG_SPDUP,15,1
PHY_SERDES,SDS_REG14,SP_CFG_SPDUP_FIB100,14,1
PHY_SERDES,SDS_REG14,SP_CFG_RXSLEEP_TMROUT,13,1
PHY_SERDES,SDS_REG14,SP_SEL_CALIBOK,12,1
PHY_SERDES,SDS_REG14,SP_SEL_SDET,11,1
PHY_SERDES,SDS_REG14,SP_SEL_ANOK,10,1
PHY_SERDES,SDS_REG14,SP_CFG_SEL_ODD_BIT,9,1
PHY_SERDES,SDS_REG14,SP_CFG_FRC_LD_VALUE,8,1
PHY_SERDES,SDS_REG14,SP_CFG_FRC_LD,7,1
PHY_SERDES,SDS_REG14,SP_CFG_SGMI_CK1MS_EN,6,1
PHY_SERDES,SDS_REG14,SP_CFG_LINK_TMR_SGMII_SEL,3,3
PHY_SERDES,SDS_REG14,SP_CFG_LINK_TMR_NORM_SEL,0,3
PHY_SERDES,SDS_REG15,RESERVED,16,16
PHY_SERDES,SDS_REG15,SP_CFG_INBAND_MASTER_0,0,16
PHY_SERDES,SDS_REG16,RESERVED,16,16
PHY_SERDES,SDS_REG16,SP_CFG_INBAND_MASTER_1,0,16
PHY_SERDES,SDS_REG17,RESERVED,16,16
PHY_SERDES,SDS_REG17,SP_MACRDVLD,15,1
PHY_SERDES,SDS_REG17,SP_MACRDABT,14,1
PHY_SERDES,SDS_REG17,SP_CFG_INBAND_MASTER_2,0,14
PHY_SERDES,SDS_REG18,RESERVED,16,16
PHY_SERDES,SDS_REG18,SP_CFG_RSGP_TXCFG_PHY,0,16
PHY_SERDES,SDS_REG19,RESERVED,16,16
PHY_SERDES,SDS_REG19,SP_CFG_RSGP_TXCFG_MAC,0,16
PHY_SERDES,SDS_REG20,RESERVED,16,16
PHY_SERDES,SDS_REG20,SP_CFG_SGM_TXCFG_PHY,0,16
PHY_SERDES,SDS_REG21,RESERVED,16,16
PHY_SERDES,SDS_REG21,SP_CFG_SGM_TXCFG_MAC,0,16
PHY_SERDES,SDS_REG22,RESERVED,16,16
PHY_SERDES,SDS_REG22,SP_CFG_FIB2G_TXCFG_P0,0,16
PHY_SERDES,SDS_REG23,RESERVED,16,16
PHY_SERDES,SDS_REG23,SP_CFG_FIB2G_TXCFG_P1,0,16
PHY_SERDES,SDS_REG24,RESERVED,16,16
PHY_SERDES,SDS_REG24,SP_CFG_FIB2G_TXCFG_NP_P0,0,16
PHY_SERDES,SDS_REG25,RESERVED,16,16
PHY_SERDES,SDS_REG25,SP_CFG_FIB2G_TXCFG_NP_P1,0,16
PHY_SERDES,SDS_REG26,RESERVED,16,16
PHY_SERDES,SDS_REG26,SP_IP_VERSION,9,7
PHY_SERDES,SDS_REG26,SP_SDS_MODE,0,9
PHY_SERDES,SDS_REG27,RESERVED,16,16
PHY_SERDES,SDS_REG27,SP_CFG_DBG_OUT_ECO1,0,16
PHY_SERDES,SDS_REG28,RESERVED,16,16
PHY_SERDES,SDS_REG28,SP_CFG_PHY_GO_C2_COND_SPC,15,1
PHY_SERDES,SDS_REG28,SP_CFG_ERRMSK_NOSIG,14,1
PHY_SERDES,SDS_REG28,SP_RM_LPK_EVEN_BITS,13,1
PHY_SERDES,SDS_REG28,SP_CFG_QSGMII_PARITY_CHK,12,1
PHY_SERDES,SDS_REG28,SP_CFG_DBG_S0,11,1
PHY_SERDES,SDS_REG28,SP_CFG_SDS_DBG_EN,10,1
PHY_SERDES,SDS_REG28,SP_CFG_SDS_DBG_SEL,0,10
PHY_SERDES,SDS_REG29,RESERVED,16,16
PHY_SERDES,SDS_REG29,SP_CFG_SDS_DBG_OUT_0,0,16
PHY_SERDES,SDS_REG30,RESERVED,16,16
PHY_SERDES,SDS_REG30,SP_CFG_SDS_DBG_OUT_1,0,16
PHY_SERDES,SDS_REG31,RESERVED,16,16
PHY_SERDES,SDS_REG31,SP_SDS_RG_31,0,16
PHY_SERDES,SDS_EXT_REG0,RESERVED,16,16
PHY_SERDES,SDS_EXT_REG0,SEP_ALL_SYMBOLERR_CNT_NEW_1500,0,16
PHY_SERDES,SDS_EXT_REG1,RESERVED,16,16
PHY_SERDES,SDS_EXT_REG1,SEP_ALL_SYMBOLERR_CNT_NEW_2316,8,8
PHY_SERDES,SDS_EXT_REG1,SEP_CFG_GLI_TXC_TOG_CH3,7,1
PHY_SERDES,SDS_EXT_REG1,SEP_CFG_GLI_TXC_TOG_CH2,6,1
PHY_SERDES,SDS_EXT_REG1,SEP_CFG_GLI_TXC_TOG_CH1,5,1
PHY_SERDES,SDS_EXT_REG1,SEP_CFG_GLI_TXC_TOG_CH0,4,1
PHY_SERDES,SDS_EXT_REG1,SEP_CFG_GLI_RXC_TOG_CH3,3,1
PHY_SERDES,SDS_EXT_REG1,SEP_CFG_GLI_RXC_TOG_CH2,2,1
PHY_SERDES,SDS_EXT_REG1,SEP_CFG_GLI_RXC_TOG_CH1,1,1
PHY_SERDES,SDS_EXT_REG1,SEP_CFG_GLI_RXC_TOG_CH0,0,1
PHY_SERDES,SDS_EXT_REG2,RESERVED,16,16
PHY_SERDES,SDS_EXT_REG2,SEP_MUX_SYMBOLERR_CNT_NEW_1500,0,16
PHY_SERDES,SDS_EXT_REG3,RESERVED,16,16
PHY_SERDES,SDS_EXT_REG3,SEP_MUX_SYMBOLERR_CNT_NEW_2316,8,8
PHY_SERDES,SDS_EXT_REG3,SEP_SDS_AFE_RG03_0700,0,8
PHY_SERDES,SDS_EXT_REG4,RESERVED,16,16
PHY_SERDES,SDS_EXT_REG4,SEP_PRBS_ERR_CNT_1500,0,16
PHY_SERDES,SDS_EXT_REG5,RESERVED,16,16
PHY_SERDES,SDS_EXT_REG5,SEP_PRBS_ERR_CNT_3116,0,16
PHY_SERDES,SDS_EXT_REG6,RESERVED,16,16
PHY_SERDES,SDS_EXT_REG6,SEP_CFG_FEC_MK_OPT,0,16
PHY_SERDES,SDS_EXT_REG7,RESERVED,16,16
PHY_SERDES,SDS_EXT_REG7,SEP_CFG_FRC_HSO_INV_EN,15,1
PHY_SERDES,SDS_EXT_REG7,SEP_CFG_FRC_HSO_INV_VAL,14,1
PHY_SERDES,SDS_EXT_REG7,SEP_CFG_SDS_BERCHK_FIB100,13,1
PHY_SERDES,SDS_EXT_REG7,SEP_CFG_LCH_RDS,12,1
PHY_SERDES,SDS_EXT_REG7,SEP_CFG_SDS_BCHK_PMSK,4,8
PHY_SERDES,SDS_EXT_REG7,SEP_CFG_SDS_BCHK_PMSK_FRC,3,1
PHY_SERDES,SDS_EXT_REG7,SEP_CFG_FEC_MD_ON,2,1
PHY_SERDES,SDS_EXT_REG7,SEP_CFG_KEEP_IPG_CNT,1,1
PHY_SERDES,SDS_EXT_REG7,SEP_CFG_EPON_ENABLE,0,1
PHY_SERDES,SDS_EXT_REG8,RESERVED,16,16
PHY_SERDES,SDS_EXT_REG8,SEP_CFG_AFE_RG8X_1514,14,2
PHY_SERDES,SDS_EXT_REG8,SEP_CFG_FEC_BAD_SEL,12,2
PHY_SERDES,SDS_EXT_REG8,SEP_CFG_FEC_GOOD_NUM,6,6
PHY_SERDES,SDS_EXT_REG8,SEP_CFG_FEC_BAD_NUM,0,6
PHY_SERDES,SDS_EXT_REG9,RESERVED,16,16
PHY_SERDES,SDS_EXT_REG9,SEP_CFG_SYNC_LOSS_NUM,8,8
PHY_SERDES,SDS_EXT_REG9,SEP_CFG_CODE_REVERSE,7,1
PHY_SERDES,SDS_EXT_REG9,SEP_CFG_ALIGN_FRC_POS,1,6
PHY_SERDES,SDS_EXT_REG9,SEP_CFG_ALIGN_FRC_EN,0,1
PHY_SERDES,SDS_EXT_REG10,RESERVED,16,16
PHY_SERDES,SDS_EXT_REG10,SEP_SDS_AFE_RG10X,0,16
PHY_SERDES,SDS_EXT_REG11,RESERVED,16,16
PHY_SERDES,SDS_EXT_REG11,SEP_CFG_STS_UPD_DIS,15,1
PHY_SERDES,SDS_EXT_REG11,SEP_CFG_PSEQ_ORG,14,1
PHY_SERDES,SDS_EXT_REG11,SEP_CFG_PRBS_REVERSE,13,1
PHY_SERDES,SDS_EXT_REG11,SEP_CFG_BEN_OE_SEL,12,1
PHY_SERDES,SDS_EXT_REG11,SEP_CFG_BEN_OE,11,1
PHY_SERDES,SDS_EXT_REG11,SEP_CFG_BEN_POL,10,1
PHY_SERDES,SDS_EXT_REG11,SEP_CFG_PRBS_SEL_1_0,8,2
PHY_SERDES,SDS_EXT_REG11,SEP_CFG_BEN_MSK_DISTX,7,1
PHY_SERDES,SDS_EXT_REG11,SEP_CFG_XMIT_ORG,6,1
PHY_SERDES,SDS_EXT_REG11,SEP_CFG_DIS_RXIDLE_MSK_EEE,5,1
PHY_SERDES,SDS_EXT_REG11,SEP_CFG_DIS_RXIDLE_MSK_BCHK,4,1
PHY_SERDES,SDS_EXT_REG11,SEP_CFG_FRC_SRC_RXIDLE_EN,3,1
PHY_SERDES,SDS_EXT_REG11,SEP_CFG_FRC_SRC_RXIDLE_VAL,2,1
PHY_SERDES,SDS_EXT_REG11,SEP_CFG_HSG_MAC_FIFO_DIS,1,1
PHY_SERDES,SDS_EXT_REG11,SEP_CFG_D2A_ERR_BIT_TOG,0,1
PHY_SERDES,SDS_EXT_REG12,RESERVED,16,16
PHY_SERDES,SDS_EXT_REG12,SEP_CFG_PRBS_SEED,13,3
PHY_SERDES,SDS_EXT_REG12,SEP_CFG_FEC_PRBS_MD,12,1
PHY_SERDES,SDS_EXT_REG12,SEP_CFG_PRBS_ON,11,1
PHY_SERDES,SDS_EXT_REG12,SEP_CFG_FIFO_RESTORE,10,1
PHY_SERDES,SDS_EXT_REG12,SEP_CFG_ASDS_RST,9,1
PHY_SERDES,SDS_EXT_REG12,SEP_CFG_NEG_CLKRD_D2A,8,1
PHY_SERDES,SDS_EXT_REG12,SEP_CFG_FIFO_ORG,7,1
PHY_SERDES,SDS_EXT_REG12,SEP_CFG_FRXNRZI_SEL,6,1
PHY_SERDES,SDS_EXT_REG12,SEP_CFG_SCR_SEED_SEL,5,1
PHY_SERDES,SDS_EXT_REG12,SEP_CFG_XSG257_NO_CLKGAT,4,1
PHY_SERDES,SDS_EXT_REG12,SEP_CFG_XSG_OFF_AFE1,3,1
PHY_SERDES,SDS_EXT_REG12,SEP_CFG_IPG_CNT,0,3
PHY_SERDES,SDS_EXT_REG13,RESERVED,16,16
PHY_SERDES,SDS_EXT_REG13,SEP_CFG_NEG_GTXC,15,1
PHY_SERDES,SDS_EXT_REG13,SEP_CFG_LP_CNT_2,11,4
PHY_SERDES,SDS_EXT_REG13,SEP_CFG_EPON_SYNC_SM,10,1
PHY_SERDES,SDS_EXT_REG13,SEP_CFG_DY,0,10
PHY_SERDES,SDS_EXT_REG14,RESERVED,16,16
PHY_SERDES,SDS_EXT_REG14,SEP_CFG_BERCHK_FUNC_EN,15,1
PHY_SERDES,SDS_EXT_REG14,SEP_CFG_AUTO_BCHK_EN,14,1
PHY_SERDES,SDS_EXT_REG14,SEP_CFG_AUTO_BCHK_LNK_DIS,13,1
PHY_SERDES,SDS_EXT_REG14,SEP_CFG_SIGDET_TMR,8,5
PHY_SERDES,SDS_EXT_REG14,SEP_CFG_BERCHK_TMR,4,4
PHY_SERDES,SDS_EXT_REG14,SEP_CFG_BERCHK_NUM,0,4
PHY_SERDES,SDS_EXT_REG15,RESERVED,16,16
PHY_SERDES,SDS_EXT_REG15,SEP_CFG_EPON_PWRCTL,15,1
PHY_SERDES,SDS_EXT_REG15,SEP_CFG_LP_CNT_1,11,4
PHY_SERDES,SDS_EXT_REG15,SEP_CFG_DIS_FECK_SPUP,10,1
PHY_SERDES,SDS_EXT_REG15,SEP_CFG_DX,0,10
PHY_SERDES,SDS_EXT_REG16,RESERVED,16,16
PHY_SERDES,SDS_EXT_REG16,SEP_CFG_DY_8B,8,8
PHY_SERDES,SDS_EXT_REG16,SEP_CFG_DX_8B,0,8
PHY_SERDES,SDS_EXT_REG17,RESERVED,16,16
PHY_SERDES,SDS_EXT_REG17,SEP_MR_NP_TX_1,0,16
PHY_SERDES,SDS_EXT_REG18,RESERVED,16,16
PHY_SERDES,SDS_EXT_REG18,SEP_MR_NP_TX_2,0,16
PHY_SERDES,SDS_EXT_REG19,RESERVED,16,16
PHY_SERDES,SDS_EXT_REG19,SEP_MR_NP_TX_3,0,16
PHY_SERDES,SDS_EXT_REG20,RESERVED,16,16
PHY_SERDES,SDS_EXT_REG20,SEP_CFG_RX_INTR_POL,15,1
PHY_SERDES,SDS_EXT_REG20,SEP_CFG_TX_INTR_POL,14,1
PHY_SERDES,SDS_EXT_REG20,SEP_TR_EN,13,1
PHY_SERDES,SDS_EXT_REG20,SEP_LINK_BCHK_EN,12,1
PHY_SERDES,SDS_EXT_REG20,SEP_DIS_GATE_RXC,11,1
PHY_SERDES,SDS_EXT_REG20,SEP_FIB_PDOWN_SEL,10,1
PHY_SERDES,SDS_EXT_REG20,SEP_RSTB_BITERR_CLK,9,1
PHY_SERDES,SDS_EXT_REG20,SEP_CFG_HSG_LCTANK,8,1
PHY_SERDES,SDS_EXT_REG20,SEP_CFG_HSG_RXC_ALI,7,1
PHY_SERDES,SDS_EXT_REG20,SEP_CFG_FRC_2P5G,6,1
PHY_SERDES,SDS_EXT_REG20,SEP_CFG_FCRR_CLR_SEL,5,1
PHY_SERDES,SDS_EXT_REG20,SEP_CFG_ORG_RXCFGREG,4,1
PHY_SERDES,SDS_EXT_REG20,SEP_CFG_DIS_CMA_CHGPOS,3,1
PHY_SERDES,SDS_EXT_REG20,SEP_CFG_SDS_MODE_3B,2,1
PHY_SERDES,SDS_EXT_REG20,SEP_CFG_STMALI_SEL,1,1
PHY_SERDES,SDS_EXT_REG20,SEP_CFG_PRBS_SEL_2,0,1
PHY_SERDES,SDS_EXT_REG21,RESERVED,16,16
PHY_SERDES,SDS_EXT_REG21,SEP_CFG_SDS_AFE_RG21X_RD_MX,0,16
PHY_SERDES,SDS_EXT_REG22,RESERVED,16,16
PHY_SERDES,SDS_EXT_REG22,SEP_CFG_SDS_AFE_RG22X_RD_MX,0,16
PHY_SERDES,SDS_EXT_REG23,RESERVED,16,16
PHY_SERDES,SDS_EXT_REG23,SEP_CFG_SDS_AFE_RG23X_RD_MX,0,16
PHY_SERDES,SDS_EXT_REG24,RESERVED,16,16
PHY_SERDES,SDS_EXT_REG24,SEP_CFG_SD_H,15,1
PHY_SERDES,SDS_EXT_REG24,SEP_CFG_XSG_DAT40,14,1
PHY_SERDES,SDS_EXT_REG24,SEP_CFG_HYSDET,10,4
PHY_SERDES,SDS_EXT_REG24,SEP_CFG_D2A_LPK,9,1
PHY_SERDES,SDS_EXT_REG24,SEP_CFG_HAM_PTR,8,1
PHY_SERDES,SDS_EXT_REG24,SEP_CFG_ENTX,7,1
PHY_SERDES,SDS_EXT_REG24,SEP_CFG_CMALI_SIG,6,1
PHY_SERDES,SDS_EXT_REG24,SEP_CFG_TMR_ALI,3,3
PHY_SERDES,SDS_EXT_REG24,SEP_CFG_SYMBOLERR_CNT,0,3
PHY_SERDES,SDS_EXT_REG25,RESERVED,16,16
PHY_SERDES,SDS_EXT_REG25,SEP_CFG_TR_CNT,0,16
PHY_SERDES,SDS_EXT_REG26,RESERVED,16,16
PHY_SERDES,SDS_EXT_REG26,SEP_P3LNKDOWNCNT,12,4
PHY_SERDES,SDS_EXT_REG26,SEP_P2LNKDOWNCNT,8,4
PHY_SERDES,SDS_EXT_REG26,SEP_P1LNKDOWNCNT,4,4
PHY_SERDES,SDS_EXT_REG26,SEP_P0LNKDOWNCNT,0,4
PHY_SERDES,SDS_EXT_REG27,RESERVED,16,16
PHY_SERDES,SDS_EXT_REG27,SEP_DEC_CRCT_CNT,0,16
PHY_SERDES,SDS_EXT_REG28,RESERVED,16,16
PHY_SERDES,SDS_EXT_REG28,SEP_DEC_FAIL_CNT,0,16
PHY_SERDES,SDS_EXT_REG29,RESERVED,16,16
PHY_SERDES,SDS_EXT_REG29,SEP_CFG_DBG_STATUS_ECO_2,10,6
PHY_SERDES,SDS_EXT_REG29,SEP_LECSYNC_REAL,9,1
PHY_SERDES,SDS_EXT_REG29,SEP_SIGNOK_REAL,8,1
PHY_SERDES,SDS_EXT_REG29,SEP_LINKOK_REAL,4,4
PHY_SERDES,SDS_EXT_REG29,SEP_SYNCOK_REAL,0,4
PHY_SERDES,SDS_EXT_REG30,RESERVED,16,16
PHY_SERDES,SDS_EXT_REG30,SEP_CFG_AFE_SDS_RG30_1514,14,2
PHY_SERDES,SDS_EXT_REG30,SEP_STS_UPD_RX,10,4
PHY_SERDES,SDS_EXT_REG30,SEP_LECSYNC_LATCH,9,1
PHY_SERDES,SDS_EXT_REG30,SEP_SIGNOK_LATCH,8,1
PHY_SERDES,SDS_EXT_REG30,SEP_LINKOK_LATCH,4,4
PHY_SERDES,SDS_EXT_REG30,SEP_SYNCOK_LATCH,0,4
PHY_SERDES,SDS_EXT_REG31,RESERVED,16,16
PHY_SERDES,SDS_EXT_REG31,SEP_CFG_AFE_SDS_RG30_1501,2,14
PHY_SERDES,SDS_EXT_REG31,SEP_RXIDLE,1,1
PHY_SERDES,SDS_EXT_REG31,SEP_RXIDLE_LCH_H,0,1
PHY_SERDES,FIB_REG0,RESERVED,16,16
PHY_SERDES,FIB_REG0,FP_CFG_FIB_RST,15,1
PHY_SERDES,FIB_REG0,FP_CFG_FIB_LPK,14,1
PHY_SERDES,FIB_REG0,FP_CFG_FIB_SPD_RD_00,13,1
PHY_SERDES,FIB_REG0,FP_CFG_FIB_ANEN,12,1
PHY_SERDES,FIB_REG0,FP_CFG_FIB_PDOWN,11,1
PHY_SERDES,FIB_REG0,FP_CFG_FIB_ISO,10,1
PHY_SERDES,FIB_REG0,FP_CFG_FIB_RESTART,9,1
PHY_SERDES,FIB_REG0,FP_CFG_FIB_FULLDUP,8,1
PHY_SERDES,FIB_REG0,FP_FIB_REG00_07,7,1
PHY_SERDES,FIB_REG0,FP_CFG_FIB_SPD_RD_01,6,1
PHY_SERDES,FIB_REG0,FP_CFG_FIB_FRCTX,5,1
PHY_SERDES,FIB_REG0,FP_FIB_REG_00_0400,0,5
PHY_SERDES,FIB_REG1,RESERVED,16,16
PHY_SERDES,FIB_REG1,FP_CFG_FIB_CAPBILITY,6,10
PHY_SERDES,FIB_REG1,FP_CFG_FIB_AN_COMPLETE,5,1
PHY_SERDES,FIB_REG1,FP_CFG_FIB_R_FAULT,4,1
PHY_SERDES,FIB_REG1,FP_CFG_FIB_NWAY_ABILITY,3,1
PHY_SERDES,FIB_REG1,FP_CFG_FIB_LINK_STATUS,2,1
PHY_SERDES,FIB_REG1,FP_CFG_FIB_JABBER_DETECT,1,1
PHY_SERDES,FIB_REG1,FP_CFG_FIB_EXTENDED_CAPBILITY,0,1
PHY_SERDES,FIB_REG2,RESERVED,16,16
PHY_SERDES,FIB_REG2,FP_CFG_FIB_REALTEK_OUI_2106,0,16
PHY_SERDES,FIB_REG3,RESERVED,16,16
PHY_SERDES,FIB_REG3,FP_CFG_FIB_REALTEK_OUI_0500,10,6
PHY_SERDES,FIB_REG3,FP_CFG_FIB_MODEL_NO_0500,4,6
PHY_SERDES,FIB_REG3,FP_CFG_FIB_REVISION_NO_0300,0,4
PHY_SERDES,FIB_REG4,RESERVED,16,16
PHY_SERDES,FIB_REG4,FP_CFG_FIB_TX_CFG_REG,0,16
PHY_SERDES,FIB_REG5,RESERVED,16,16
PHY_SERDES,FIB_REG5,FP_CFG_FIB_RX_CFG_REG,0,16
PHY_SERDES,FIB_REG6,RESERVED,16,16
PHY_SERDES,FIB_REG6,FP_FIB_REG_06_1503,3,13
PHY_SERDES,FIB_REG6,FP_CFG_FIB_FIB_NP_EN,2,1
PHY_SERDES,FIB_REG6,FP_CFG_FIB_RXPAGE,1,1
PHY_SERDES,FIB_REG6,FP_FIB_REG_06_00,0,1
PHY_SERDES,FIB_REG7,RESERVED,16,16
PHY_SERDES,FIB_REG7,FP_CFG_FIB_MR_NP_TX,0,16
PHY_SERDES,FIB_REG8,RESERVED,16,16
PHY_SERDES,FIB_REG8,FP_CFG_FIB_MR_NP_RX,0,16
PHY_SERDES,FIB_REG13,RESERVED,16,16
PHY_SERDES,FIB_REG13,FP_CFG_FIB_INDR_FUNC,14,2
PHY_SERDES,FIB_REG13,FP_FIB_REG_13_1305,5,9
PHY_SERDES,FIB_REG13,FP_CFG_FIB_INDR_DEVAD,0,5
PHY_SERDES,FIB_REG14,RESERVED,16,16
PHY_SERDES,FIB_REG14,FP_CFG_FIB_MMDRDBUS,0,16
PHY_SERDES,FIB_REG15,RESERVED,16,16
PHY_SERDES,FIB_REG15,FP_GIGA_BASEX_FULL,15,1
PHY_SERDES,FIB_REG15,FP_GIGA_BASEX_HALF,14,1
PHY_SERDES,FIB_REG15,FP_GIGA_BASET_FULL,13,1
PHY_SERDES,FIB_REG15,FP_GIGA_BASE_HALF,12,1
PHY_SERDES,FIB_REG15,FP_FIB_REG_15_1100,0,12
PHY_SERDES,FIB_REG16,RESERVED,16,16
PHY_SERDES,FIB_REG16,FP_CFG_ENLONGERR,15,1
PHY_SERDES,FIB_REG16,FP_CFG_ENPMEERR,14,1
PHY_SERDES,FIB_REG16,FP_CFG_IPG_BYTE,12,2
PHY_SERDES,FIB_REG16,FP_CFG_FLINKOK,11,1
PHY_SERDES,FIB_REG16,FP_CFG_FRC_SD,10,1
PHY_SERDES,FIB_REG16,FP_CFG_FRC_TX,9,1
PHY_SERDES,FIB_REG16,FP_CFG_DIS_CLKWR_GATING,8,1
PHY_SERDES,FIB_REG16,FP_CFG_DFULLDUO100,7,1
PHY_SERDES,FIB_REG16,FP_FIB_REG_16_06,6,1
PHY_SERDES,FIB_REG16,FP_CFG_REMO100LBK,5,1
PHY_SERDES,FIB_REG16,FP_CFG_DIS_RX_FEFI,4,1
PHY_SERDES,FIB_REG16,FP_CFG_DIS_TX_FEFI,3,1
PHY_SERDES,FIB_REG16,FP_CFG_SEL_RX_SD,2,1
PHY_SERDES,FIB_REG16,FP_CFG_SEL_TX_SD,1,1
PHY_SERDES,FIB_REG16,FP_CFG_SEL_SD,0,1
PHY_SERDES,FIB_REG17,RESERVED,16,16
PHY_SERDES,FIB_REG17,FP_CFG_FRC_TXDOWN,15,1
PHY_SERDES,FIB_REG17,FP_CFG_SEL_PRE_LONG,13,2
PHY_SERDES,FIB_REG17,FP_CFG_FIB100_PRB_SEL,10,3
PHY_SERDES,FIB_REG17,FP_CFG_ERR_REST,9,1
PHY_SERDES,FIB_REG17,FP_CFG_SDS_LPBK,8,1
PHY_SERDES,FIB_REG17,FP_CFG_F100_INV_I,7,1
PHY_SERDES,FIB_REG17,FP_CFG_F100_INV_O,6,1
PHY_SERDES,FIB_REG17,FP_CFG_FL100MCOND,5,1
PHY_SERDES,FIB_REG17,FP_CFG_ENTXCRS,4,1
PHY_SERDES,FIB_REG17,FP_CFG_4B5B,3,1
PHY_SERDES,FIB_REG17,FP_CFG_FTXNRZI_EG,2,1
PHY_SERDES,FIB_REG17,FP_CFG_ENCODEERR,1,1
PHY_SERDES,FIB_REG17,FP_CFG_ENLINKERR,0,1
PHY_SERDES,FIB_REG18,RESERVED,16,16
PHY_SERDES,FIB_REG18,FB_HSG_SPD_SET,12,4
PHY_SERDES,FIB_REG18,FP_FIB_REG_18_1501,1,11
PHY_SERDES,FIB_REG18,FP_CFG_SDS_SDET_OUT,0,1
PHY_SERDES,FIB_REG19,RESERVED,16,16
PHY_SERDES,FIB_REG19,FP_FIB_REG_19,0,16
PHY_SERDES,FIB_REG20,RESERVED,16,16
PHY_SERDES,FIB_REG20,FP_FIB_REG_20,0,16
PHY_SERDES,FIB_REG21,RESERVED,16,16
PHY_SERDES,FIB_REG21,FP_FIB_REG_21,0,16
PHY_SERDES,FIB_REG22,RESERVED,16,16
PHY_SERDES,FIB_REG22,FP_QSGM_TXCFG_PHY,0,16
PHY_SERDES,FIB_REG23,RESERVED,16,16
PHY_SERDES,FIB_REG23,FP_QSGM_TXCFG_MAC,0,16
PHY_SERDES,FIB_REG26,RESERVED,16,16
PHY_SERDES,FIB_REG26,FP_FIB_REG_26_1508,8,8
PHY_SERDES,FIB_REG26,FP_P3_QSGMII_CHK_ERR,7,1
PHY_SERDES,FIB_REG26,FP_P2_QSGMII_CHK_ERR,6,1
PHY_SERDES,FIB_REG26,FP_P1_QSGMII_CHK_ERR,5,1
PHY_SERDES,FIB_REG26,FP_P0_QSGMII_CHK_ERR,4,1
PHY_SERDES,FIB_REG26,FP_PKTERR_CNT,0,4
PHY_SERDES,FIB_REG28,RESERVED,16,16
PHY_SERDES,FIB_REG28,FP_CFG_CONS1_MAX,12,4
PHY_SERDES,FIB_REG28,FP_CFG_CONS0_MAX,8,4
PHY_SERDES,FIB_REG28,FP_CFG_CNT_MIN,0,8
PHY_SERDES,FIB_REG29,RESERVED,16,16
PHY_SERDES,FIB_REG29,FP_CFG_AUTO_DET_ON,15,1
PHY_SERDES,FIB_REG29,FP_CFG_TOUT_MAX,9,6
PHY_SERDES,FIB_REG29,FP_CFG_STATE_TMR,5,4
PHY_SERDES,FIB_REG29,FP_CFG_TEST_TMR,0,5
PHY_SERDES,FIB_REG30,RESERVED,16,16
PHY_SERDES,FIB_REG30,FP_FIB_REG_30_1513,13,3
PHY_SERDES,FIB_REG30,FP_FIB100_DET,12,1
PHY_SERDES,FIB_REG30,FP_CFG_STATMR_LEVEL,11,1
PHY_SERDES,FIB_REG30,FP_CFG_CNTEN,10,1
PHY_SERDES,FIB_REG30,FP_CFG_CONSEN,9,1
PHY_SERDES,FIB_REG30,FP_CFG_STATMR_EN,8,1
PHY_SERDES,FIB_REG30,FP_CFG_LNK_ON_TMR,0,8
PHY_SERDES,FIB_REG31,RESERVED,16,16
PHY_SERDES,FIB_REG31,FP_FIB_REG_31,1,15
PHY_SERDES,FIB_REG31,FP_FIB_LP_NWAY_ABLE,0,1
PHY_SERDES,FIB_EXT_REG0,RESERVED,16,16
PHY_SERDES,FIB_EXT_REG0,FEP_CFG_FIB_EXT_RST,15,1
PHY_SERDES,FIB_EXT_REG0,FEP_CFG_FIB_EXT_LPK,14,1
PHY_SERDES,FIB_EXT_REG0,FEP_CFG_FIB_EXT_SPD_RD_00,13,1
PHY_SERDES,FIB_EXT_REG0,FEP_CFG_FIB_EXT_ANEN,12,1
PHY_SERDES,FIB_EXT_REG0,FEP_CFG_FIB_EXT_PDOWN,11,1
PHY_SERDES,FIB_EXT_REG0,FEP_CFG_FIB_EXT_ISO,10,1
PHY_SERDES,FIB_EXT_REG0,FEP_CFG_FIB_EXT_RESTART,9,1
PHY_SERDES,FIB_EXT_REG0,FEP_CFG_FIB_EXT_FULLDUP,8,1
PHY_SERDES,FIB_EXT_REG0,FEP_FIB_EXT_REG_00_07,7,1
PHY_SERDES,FIB_EXT_REG0,FEP_CFG_FIB_EXT_SPD_RD_01,6,1
PHY_SERDES,FIB_EXT_REG0,FEP_CFG_FIB_EXT_FRCTX,5,1
PHY_SERDES,FIB_EXT_REG0,FEP_FIB_EXT_REG_00_0400,0,5
PHY_SERDES,FIB_EXT_REG1,RESERVED,16,16
PHY_SERDES,FIB_EXT_REG1,FEP_CFG_FIB_EXT_CAPBILITY,6,10
PHY_SERDES,FIB_EXT_REG1,FEP_CFG_FIB_EXT_AN_COMPLETE,5,1
PHY_SERDES,FIB_EXT_REG1,FEP_CFG_FIB_EXT_R_FAULT,4,1
PHY_SERDES,FIB_EXT_REG1,FEP_CFG_FIB_EXT_NWAY_ABILITY,3,1
PHY_SERDES,FIB_EXT_REG1,FEP_CFG_FIB_EXT_LINK_STATUS,2,1
PHY_SERDES,FIB_EXT_REG1,FEP_CFG_FIB_EXT_JABBER_DETECT,1,1
PHY_SERDES,FIB_EXT_REG1,FEP_CFG_FIB_EXT_EXTENDED_CAPBILITY,0,1
PHY_SERDES,FIB_EXT_REG2,RESERVED,16,16
PHY_SERDES,FIB_EXT_REG2,FEP_CFG_FIB_EXT_REALTEK_OUI_2106,0,16
PHY_SERDES,FIB_EXT_REG3,RESERVED,16,16
PHY_SERDES,FIB_EXT_REG3,FEP_CFG_FIB_EXT_REALTEK_OUI_0500,10,6
PHY_SERDES,FIB_EXT_REG3,FEP_CFG_FIB_EXT_MODEL_NO_0500,4,6
PHY_SERDES,FIB_EXT_REG3,FEP_CFG_FIB_EXT_REVISION_NO_0300,0,4
PHY_SERDES,FIB_EXT_REG4,RESERVED,16,16
PHY_SERDES,FIB_EXT_REG4,FEP_CFG_FIB_EXT_TX_CFG_REG,0,16
PHY_SERDES,FIB_EXT_REG5,RESERVED,16,16
PHY_SERDES,FIB_EXT_REG5,FEP_CFG_FIB_EXT_RX_CFG_REG,0,16
PHY_SERDES,FIB_EXT_REG6,RESERVED,16,16
PHY_SERDES,FIB_EXT_REG6,FEP_FIB_EXT_REG_06_1503,3,13
PHY_SERDES,FIB_EXT_REG6,FEP_CFG_FIB_EXT_FIB_NP_EN,2,1
PHY_SERDES,FIB_EXT_REG6,FEP_CFG_FIB_EXT_RXPAGE,1,1
PHY_SERDES,FIB_EXT_REG6,FEP_FIB_EXT_REG_06_00,0,1
PHY_SERDES,FIB_EXT_REG7,RESERVED,16,16
PHY_SERDES,FIB_EXT_REG7,FEP_CFG_FIB_EXT_MR_NP_TX,0,16
PHY_SERDES,FIB_EXT_REG8,RESERVED,16,16
PHY_SERDES,FIB_EXT_REG8,FEP_CFG_FIB_EXT_MR_NP_RX,0,16
PHY_SERDES,FIB_EXT_REG13,RESERVED,16,16
PHY_SERDES,FIB_EXT_REG13,FEP_CFG_FIB_EXT_INDR_FUNC,14,2
PHY_SERDES,FIB_EXT_REG13,FEP_FIB_EXT_REG_13_1305,5,9
PHY_SERDES,FIB_EXT_REG13,FEP_CFG_FIB_EXT_INDR_DEVAD,0,5
PHY_SERDES,FIB_EXT_REG14,RESERVED,16,16
PHY_SERDES,FIB_EXT_REG14,FEP_CFG_FIB_EXT_MMDRDBUS,0,16
PHY_SERDES,FIB_EXT_REG15,RESERVED,16,16
PHY_SERDES,FIB_EXT_REG15,FEP_FIB_EXT_REG_15,0,16
PHY_SERDES,FIB_EXT_REG16,RESERVED,16,16
PHY_SERDES,FIB_EXT_REG16,FEP_FIB_EXT_REG_16_15,15,1
PHY_SERDES,FIB_EXT_REG16,FEP_CFG_EEE_RSG_FIB1G,14,1
PHY_SERDES,FIB_EXT_REG16,FEP_CFG_EEE_STD_FIB1G,13,1
PHY_SERDES,FIB_EXT_REG16,FEP_CFG_C1_PWRSAV_EN_FIB1G,12,1
PHY_SERDES,FIB_EXT_REG16,FEP_CFG_C2_PWRSAV_EN_FIB1G,11,1
PHY_SERDES,FIB_EXT_REG16,FEP_CFG_EEE_QUIET_FIB1G,10,1
PHY_SERDES,FIB_EXT_REG16,FEP_CFG_EEE_RSG_QSG,9,1
PHY_SERDES,FIB_EXT_REG16,FEP_CFG_EEE_STD_QSG,8,1
PHY_SERDES,FIB_EXT_REG16,FEP_CFG_C1_PWRSAV_EN_QSG,7,1
PHY_SERDES,FIB_EXT_REG16,FEP_CFG_C2_PWRSAV_EN_QSG,6,1
PHY_SERDES,FIB_EXT_REG16,FEP_CFG_EEE_QUIET_QSG,5,1
PHY_SERDES,FIB_EXT_REG16,FEP_CFG_EEE_RSG_RSGP,4,1
PHY_SERDES,FIB_EXT_REG16,FEP_CFG_EEE_STD_RSGP,3,1
PHY_SERDES,FIB_EXT_REG16,FEP_CFG_C1_PWRSAV_EN_RSGP,2,1
PHY_SERDES,FIB_EXT_REG16,FEP_CFG_C2_PWRSAV_EN_RSGP,1,1
PHY_SERDES,FIB_EXT_REG16,FEP_CFG_EEE_QUIET_RSGP,0,1
PHY_SERDES,FIB_EXT_REG17,RESERVED,16,16
PHY_SERDES,FIB_EXT_REG17,FEP_FIB_EXT_REG_17_1506,6,10
PHY_SERDES,FIB_EXT_REG17,FEP_CFG_FIB_EXT_CFG_EEE_PWRSAV_EN,5,1
PHY_SERDES,FIB_EXT_REG17,FEP_CFG_EEE_RSG_FIB100,4,1
PHY_SERDES,FIB_EXT_REG17,FEP_CFG_EEE_STD_FIB100,3,1
PHY_SERDES,FIB_EXT_REG17,FEP_CFG_C1_PWRSAV_EN_FIB100,2,1
PHY_SERDES,FIB_EXT_REG17,FEP_CFG_C2_PWRSAV_EN_FIB100,1,1
PHY_SERDES,FIB_EXT_REG17,FEP_CFG_EEE_QUIET_FIB100,0,1
PHY_SERDES,FIB_EXT_REG18,RESERVED,16,16
PHY_SERDES,FIB_EXT_REG18,FEP_FIB_EXT_REG_18_1509,9,7
PHY_SERDES,FIB_EXT_REG18,FEP_CFG_TX_TR_TIMER,6,3
PHY_SERDES,FIB_EXT_REG18,FEP_CFG_TX_TQ_TIMER,3,3
PHY_SERDES,FIB_EXT_REG18,FEP_CFG_TX_TS_TIMER,0,3
PHY_SERDES,FIB_EXT_REG19,RESERVED,16,16
PHY_SERDES,FIB_EXT_REG19,FEP_CFG_TX_MODE,14,2
PHY_SERDES,FIB_EXT_REG19,FEP_CFG_DET_IDLE32_DIS,13,1
PHY_SERDES,FIB_EXT_REG19,FEP_CFG_DET_CG_DIS,12,1
PHY_SERDES,FIB_EXT_REG19,FEP_FIB_EXT_REG_19_11,11,1
PHY_SERDES,FIB_EXT_REG19,FEP_CFG_RX_TS_TIMER,9,2
PHY_SERDES,FIB_EXT_REG19,FEP_CFG_RX_WF_TIMER,6,3
PHY_SERDES,FIB_EXT_REG19,FEP_CFG_RX_TW_TIMER,3,3
PHY_SERDES,FIB_EXT_REG19,FEP_CFG_RX_TQ_TIMER,0,3
PHY_SERDES,FIB_EXT_REG20,RESERVED,16,16
PHY_SERDES,FIB_EXT_REG20,FEP_CFG_SFD_SEL,15,1
PHY_SERDES,FIB_EXT_REG20,FEP_CFG_IDLE_SEL,14,1
PHY_SERDES,FIB_EXT_REG20,FEP_CFG_CG_SEL,13,1
PHY_SERDES,FIB_EXT_REG20,FEP_CFG_IDLE32_CNT,8,5
PHY_SERDES,FIB_EXT_REG20,FEP_CFG_IDLE_CNT,4,4
PHY_SERDES,FIB_EXT_REG20,FEP_CFG_CG_CNT,0,4
PHY_SERDES,FIB_EXT_REG21,RESERVED,16,16
PHY_SERDES,FIB_EXT_REG21,FEP_TX_EN_FIB1G,15,1
PHY_SERDES,FIB_EXT_REG21,FEP_TX_DATA_EN,14,1
PHY_SERDES,FIB_EXT_REG21,FEP_V2ANALOG,13,1
PHY_SERDES,FIB_EXT_REG21,FEP_FIB_EXT_REG_21_1204,4,9
PHY_SERDES,FIB_EXT_REG21,FEP_DET_EPON,3,1
PHY_SERDES,FIB_EXT_REG21,FEP_DET_IDLE32,2,1
PHY_SERDES,FIB_EXT_REG21,FEP_DET_IDLE,1,1
PHY_SERDES,FIB_EXT_REG21,FEP_DET_CG,0,1
PHY_SERDES,FIB_EXT_REG22,RESERVED,16,16
PHY_SERDES,FIB_EXT_REG22,FEP_CFG_EPON_INTEN,15,1
PHY_SERDES,FIB_EXT_REG22,FEP_CFG_LINK_ON_INTEN,14,1
PHY_SERDES,FIB_EXT_REG22,FEP_CFG_LINK_DN_INTEN,13,1
PHY_SERDES,FIB_EXT_REG22,FEP_FIB_EXT_REG_22_1203,3,10
PHY_SERDES,FIB_EXT_REG22,FEP_SDS_LINK_DN_INT,2,1
PHY_SERDES,FIB_EXT_REG22,FEP_DET_EPON_INT,1,1
PHY_SERDES,FIB_EXT_REG22,FEP_SDS_LINK_ON_INT,0,1
PHY_SERDES,FIB_EXT_REG23,RESERVED,16,16
PHY_SERDES,FIB_EXT_REG23,FEP_FIB_EXT_REG_23_15,15,1
PHY_SERDES,FIB_EXT_REG23,FEP_CFG_FRC_CLEAR_ALL,14,1
PHY_SERDES,FIB_EXT_REG23,FEP_CFG_DIS_AN_OK_NEG,13,1
PHY_SERDES,FIB_EXT_REG23,FEP_CFG_DIS_AN_OK_POS,12,1
PHY_SERDES,FIB_EXT_REG23,FEP_CFG_DIS_SYNC_OK_NEG,11,1
PHY_SERDES,FIB_EXT_REG23,FEP_CFG_DIS_SYNC_OK_POS,10,1
PHY_SERDES,FIB_EXT_REG23,FEP_CFG_LINK_OK_SEL,8,2
PHY_SERDES,FIB_EXT_REG23,FEP_CFG_SILENT_PROB_SEL,4,4
PHY_SERDES,FIB_EXT_REG23,FEP_CFG_LINK_SEL,3,1
PHY_SERDES,FIB_EXT_REG23,FEP_CFG_EEEP_ENB,2,1
PHY_SERDES,FIB_EXT_REG23,FEP_CFG_EEEP_LINK_ENB,1,1
PHY_SERDES,FIB_EXT_REG23,FEP_FIB_EXT_REG_23_00,0,1
PHY_SERDES,FIB_EXT_REG24,RESERVED,16,16
PHY_SERDES,FIB_EXT_REG24,FEP_AN_ST,12,4
PHY_SERDES,FIB_EXT_REG24,FEP_FIB_EXT_REG_24_1109,9,3
PHY_SERDES,FIB_EXT_REG24,FEP_CMPLY_NXP,8,1
PHY_SERDES,FIB_EXT_REG24,FEP_FIB_EXT_REG_24_07,7,1
PHY_SERDES,FIB_EXT_REG24,FEP_NP_RX_CNT,4,3
PHY_SERDES,FIB_EXT_REG24,FEP_FIB_EXT_REG_24_03,3,1
PHY_SERDES,FIB_EXT_REG24,FEP_NP_TX_CNT,0,3
PHY_SERDES,FIB_EXT_REG25,RESERVED,16,16
PHY_SERDES,FIB_EXT_REG25,FEP_INVLD_CNT_DN_FLAG,15,1
PHY_SERDES,FIB_EXT_REG25,FEP_INVLD_CNT_4RD_BIT16,14,1
PHY_SERDES,FIB_EXT_REG25,FEP_CFG_MD_FIB100_SEL,13,1
PHY_SERDES,FIB_EXT_REG25,FEP_CFG_RPS_EN_1,12,1
PHY_SERDES,FIB_EXT_REG25,FEP_CFG_DBG_FIB100_SEL,7,5
PHY_SERDES,FIB_EXT_REG25,FEP_CFG_CLR_INVLD_CNT_DN_FLAG,6,1
PHY_SERDES,FIB_EXT_REG25,FEP_CFG_CLR_INVLD_CNT_4RD,5,1
PHY_SERDES,FIB_EXT_REG25,FEP_CFG_CLR_INVLD_CNT_MAX,4,1
PHY_SERDES,FIB_EXT_REG25,FEP_CFG_CLR_INVLD_CNT,3,1
PHY_SERDES,FIB_EXT_REG25,FEP_CFG_CLR_INVLD_ALL,2,1
PHY_SERDES,FIB_EXT_REG25,FEP_CFG_INVLD_LDN_EN,1,1
PHY_SERDES,FIB_EXT_REG25,FEP_CFG_RPS_EN,0,1
PHY_SERDES,FIB_EXT_REG26,RESERVED,16,16
PHY_SERDES,FIB_EXT_REG26,FEP_CFG_INVDL_CNT_DN,0,16
PHY_SERDES,FIB_EXT_REG27,RESERVED,16,16
PHY_SERDES,FIB_EXT_REG27,FEP_FIB_EXT_REG_27_1504,4,12
PHY_SERDES,FIB_EXT_REG27,FEP_CFG_FRC_RPS_SEL,2,2
PHY_SERDES,FIB_EXT_REG27,FEP_CFG_FRC_FPS_SEL,0,2
PHY_SERDES,FIB_EXT_REG28,RESERVED,16,16
PHY_SERDES,FIB_EXT_REG28,FEP_INVLD_CNT_4RD,0,16
PHY_SERDES,FIB_EXT_REG29,RESERVED,16,16
PHY_SERDES,FIB_EXT_REG29,FEP_INVLD_CNT_MAX,0,16
PHY_SERDES,FIB_EXT_REG30,RESERVED,16,16
PHY_SERDES,FIB_EXT_REG30,FEP_FIB_EXT_REG_30,0,16
PHY_SERDES,FIB_EXT_REG31,RESERVED,16,16
PHY_SERDES,FIB_EXT_REG31,FEP_FIB_EXT_REG_31,1,15
PHY_SERDES,FIB_EXT_REG31,FEP_FIB_EXT_LP_NWAY_ABLE,0,1
PHY_SERDES,PHY_RG0X_CEN,RESERVED,16,16
PHY_SERDES,PHY_RG0X_CEN,RG0X_CEN,0,16
PHY_SERDES,PHY_RG1X_CEN,RESERVED,16,16
PHY_SERDES,PHY_RG1X_CEN,RG1X_CEN,0,16
PHY_SERDES,PHY_RG2X_CEN,RESERVED,16,16
PHY_SERDES,PHY_RG2X_CEN,RG2X_CEN,0,16
PHY_SERDES,PHY_RG3X_CEN,RESERVED,16,16
PHY_SERDES,PHY_RG3X_CEN,RG3X_CEN,0,16
PHY_SERDES,PHY_RG4X_CEN,RESERVED,16,16
PHY_SERDES,PHY_RG4X_CEN,RG4X_CEN,0,16
PHY_SERDES,PHY_RG5X_CEN,RESERVED,16,16
PHY_SERDES,PHY_RG5X_CEN,RG5X_CEN,0,16
PHY_SERDES,PHY_RG6X_CEN,RESERVED,16,16
PHY_SERDES,PHY_RG6X_CEN,RG6X_CEN,0,16
PHY_SERDES,PHY_RG7X_CEN,RESERVED,16,16
PHY_SERDES,PHY_RG7X_CEN,RG7X_CEN,0,16
PHY_SERDES,PHY_RG8X_CEN,RESERVED,16,16
PHY_SERDES,PHY_RG8X_CEN,RG8X_CEN,0,16
PHY_SERDES,PHY_RG9X_CEN,RESERVED,16,16
PHY_SERDES,PHY_RG9X_CEN,RG9X_CEN,0,16
PHY_SERDES,PHY_RG10X_CEN,RESERVED,16,16
PHY_SERDES,PHY_RG10X_CEN,RG10X_CEN,0,16
PHY_SERDES,PHY_RG11X_CEN,RESERVED,16,16
PHY_SERDES,PHY_RG11X_CEN,RG11X_CEN,0,16
PHY_SERDES,PHY_RG12X_CEN,RESERVED,16,16
PHY_SERDES,PHY_RG12X_CEN,RG12X_CEN,0,16
PHY_SERDES,PHY_RG13X_CEN,RESERVED,16,16
PHY_SERDES,PHY_RG13X_CEN,RG13X_CEN,0,16
PHY_SERDES,PHY_RG0X_PLL,RESERVED,16,16
PHY_SERDES,PHY_RG0X_PLL,RG0X_PLL,0,16
PHY_SERDES,PHY_RG1X_PLL,RESERVED,16,16
PHY_SERDES,PHY_RG1X_PLL,RG1X_PLL,0,16
PHY_SERDES,PHY_RG2X_PLL,RESERVED,16,16
PHY_SERDES,PHY_RG2X_PLL,RG2X_PLL,0,16
PHY_SERDES,PHY_RG3X_PLL,RESERVED,16,16
PHY_SERDES,PHY_RG3X_PLL,RG3X_PLL,0,16
PHY_SERDES,PHY_RG4X_PLL,RESERVED,16,16
PHY_SERDES,PHY_RG4X_PLL,RG4X_PLL,0,16
PHY_SERDES,PHY_RG5X_PLL,RESERVED,16,16
PHY_SERDES,PHY_RG5X_PLL,RG5X_PLL,0,16
PHY_SERDES,PHY_RG6X_PLL,RESERVED,16,16
PHY_SERDES,PHY_RG6X_PLL,RG6X_PLL,0,16
PHY_SERDES,PHY_RG7X_PLL,RESERVED,16,16
PHY_SERDES,PHY_RG7X_PLL,RG7X_PLL,0,16
PHY_SERDES,PHY_RG8X_PLL,RESERVED,16,16
PHY_SERDES,PHY_RG8X_PLL,RG8X_PLL,0,16
PHY_SERDES,PHY_RG9X_PLL,RESERVED,16,16
PHY_SERDES,PHY_RG9X_PLL,RG9X_PLL,0,16
PHY_SERDES,PHY_GDAC_IB_10M,RESERVED,18,14
PHY_SERDES,PHY_GDAC_IB_10M,CFG_GDAC_IB_10M,0,18
PHY_SERDES,PHY_GDAC_IB_100M,RESERVED,18,14
PHY_SERDES,PHY_GDAC_IB_100M,CFG_GDAC_IB_100M,0,18
PHY_SERDES,PHY_GDAC_IB_1000M,RESERVED,18,14
PHY_SERDES,PHY_GDAC_IB_1000M,CFG_GDAC_IB_1000M,0,18
PHY_SERDES,PHY_POW_PLL,RESERVED,2,30
PHY_SERDES,PHY_POW_PLL,POWLDO_PLL,1,1
PHY_SERDES,PHY_POW_PLL,POWSW_PLL,0,1
HIGH_SG_SERDES,WSDS_HSG0_ANA_00,RESERVED,4,28
HIGH_SG_SERDES,WSDS_HSG0_ANA_00,CFG_MDIO_RSTB,3,1
HIGH_SG_SERDES,WSDS_HSG0_ANA_00,CFG_RCV_DETECT,2,1
HIGH_SG_SERDES,WSDS_HSG0_ANA_00,CFG_TXBEACON,1,1
HIGH_SG_SERDES,WSDS_HSG0_ANA_00,CFG_RSTB_BITERR_INV,0,1
HIGH_SG_SERDES,WSDS_HSG0_ANA_01,DMY0,0,32
HIGH_SG_SERDES,WSDS_HSG0_ANA_02,DMY1,0,32
HIGH_SG_SERDES,WSDS_HSG0_ANA_03,RESERVED,16,16
HIGH_SG_SERDES,WSDS_HSG0_ANA_03,REG_ANA_RSV_0,0,16
HIGH_SG_SERDES,WSDS_HSG0_ANA_04,RESERVED,16,16
HIGH_SG_SERDES,WSDS_HSG0_ANA_04,REG_ANA_RSV_1,0,16
HIGH_SG_SERDES,WSDS_HSG0_ANA_05,RESERVED,16,16
HIGH_SG_SERDES,WSDS_HSG0_ANA_05,REG_ANA_RSV_2,0,16
HIGH_SG_SERDES,WSDS_HSG0_ANA_06,RESERVED,16,16
HIGH_SG_SERDES,WSDS_HSG0_ANA_06,REG_ANA_RSV_3,0,16
HIGH_SG_SERDES,WSDS_HSG0_ANA_07,RESERVED,16,16
HIGH_SG_SERDES,WSDS_HSG0_ANA_07,REG_ANA_RSV_4,0,16
HIGH_SG_SERDES,WSDS_HSG0_ANA_08,RESERVED,16,16
HIGH_SG_SERDES,WSDS_HSG0_ANA_08,REG_ANA_RSV_5,0,16
HIGH_SG_SERDES,WSDS_HSG0_ANA_09,RESERVED,16,16
HIGH_SG_SERDES,WSDS_HSG0_ANA_09,CFG_ANA_DMYRD_0,0,16
HIGH_SG_SERDES,WSDS_HSG0_ANA_0A,RESERVED,16,16
HIGH_SG_SERDES,WSDS_HSG0_ANA_0A,CFG_ANA_DMYRD_1,0,16
HIGH_SG_SERDES,WSDS_HSG0_ANA_0B,RESERVED,16,16
HIGH_SG_SERDES,WSDS_HSG0_ANA_0B,CFG_ANA_DMYRD_2,0,16
HIGH_SG_SERDES,WSDS_HSG0_DIG_00,RESERVED,16,16
HIGH_SG_SERDES,WSDS_HSG0_DIG_00,CFG_IND_TMOUT,0,16
HIGH_SG_SERDES,WSDS_HSG0_DIG_01,RESERVED,16,16
HIGH_SG_SERDES,WSDS_HSG0_DIG_01,CFG_SDS_MDX_REQ,15,1
HIGH_SG_SERDES,WSDS_HSG0_DIG_01,CFG_SDS_MDX_WR,14,1
HIGH_SG_SERDES,WSDS_HSG0_DIG_01,RESERVED,13,1
HIGH_SG_SERDES,WSDS_HSG0_DIG_01,CFG_SDS_MDX_PHYAD,8,5
HIGH_SG_SERDES,WSDS_HSG0_DIG_01,RESERVED,5,3
HIGH_SG_SERDES,WSDS_HSG0_DIG_01,CFG_SDS_MDX_REGAD,0,5
HIGH_SG_SERDES,WSDS_HSG0_DIG_02,RESERVED,16,16
HIGH_SG_SERDES,WSDS_HSG0_DIG_02,CFG_SDS_MDX_DATA,0,16
HIGH_SG_SERDES,WSDS_HSG0_DIG_03,RESERVED,10,22
HIGH_SG_SERDES,WSDS_HSG0_DIG_03,CFG_SDS_MDX_PRD,0,10
HIGH_SG_SERDES,WSDS_HSG0_DIG_04,CFG_DMY_RD_0,16,16
HIGH_SG_SERDES,WSDS_HSG0_DIG_04,CFG_DMY_RW_0,0,16
HIGH_SG_SERDES,HSG0_SDS_REG0,RESERVED,16,16
HIGH_SG_SERDES,HSG0_SDS_REG0,SP_DIS_RENWAY,15,1
HIGH_SG_SERDES,HSG0_SDS_REG0,SP_BYP_8B10B,14,1
HIGH_SG_SERDES,HSG0_SDS_REG0,SP_CDET,12,2
HIGH_SG_SERDES,HSG0_SDS_REG0,SP_DIS_TMR_CMA,11,1
HIGH_SG_SERDES,HSG0_SDS_REG0,SP_DIS_APX,10,1
HIGH_SG_SERDES,HSG0_SDS_REG0,SP_INV_HSI,9,1
HIGH_SG_SERDES,HSG0_SDS_REG0,SP_INV_HSO,8,1
HIGH_SG_SERDES,HSG0_SDS_REG0,SP_SDS_SDET_DEG,6,2
HIGH_SG_SERDES,HSG0_SDS_REG0,SP_CFG_AFE_FEC_LPK,5,1
HIGH_SG_SERDES,HSG0_SDS_REG0,SP_CFG_DIG_LPK,4,1
HIGH_SG_SERDES,HSG0_SDS_REG0,SP_CFG_REM_LPK,3,1
HIGH_SG_SERDES,HSG0_SDS_REG0,SP_SDS_TX_DOWN,2,1
HIGH_SG_SERDES,HSG0_SDS_REG0,SP_SDS_EN_RX,1,1
HIGH_SG_SERDES,HSG0_SDS_REG0,SP_SDS_EN_TX,0,1
HIGH_SG_SERDES,HSG0_SDS_REG1,RESERVED,16,16
HIGH_SG_SERDES,HSG0_SDS_REG1,SP_CFG_PTR_ERR_EN,15,1
HIGH_SG_SERDES,HSG0_SDS_REG1,SP_CFG_AUTO_10BIT,14,1
HIGH_SG_SERDES,HSG0_SDS_REG1,SP_CFG_FULL_ACK2,13,1
HIGH_SG_SERDES,HSG0_SDS_REG1,SP_CFG_NXP_EN,12,1
HIGH_SG_SERDES,HSG0_SDS_REG1,SP_SDS_FRC_RX,8,4
HIGH_SG_SERDES,HSG0_SDS_REG1,SP_CFG_HSG0_RTIG,7,1
HIGH_SG_SERDES,HSG0_SDS_REG1,SP_CFG_XSG,6,1
HIGH_SG_SERDES,HSG0_SDS_REG1,SP_CFG_FRC_DWSPD,5,1
HIGH_SG_SERDES,HSG0_SDS_REG1,SP_CFG_DIS_8B10B_PWR_OPT,4,1
HIGH_SG_SERDES,HSG0_SDS_REG1,SP_SDS_FRC_TX,0,4
HIGH_SG_SERDES,HSG0_SDS_REG2,RESERVED,16,16
HIGH_SG_SERDES,HSG0_SDS_REG2,SP_FRC_PREAMBLE,14,2
HIGH_SG_SERDES,HSG0_SDS_REG2,SP_FRC_IPG,12,2
HIGH_SG_SERDES,HSG0_SDS_REG2,SP_FRC_CGGOOD,10,2
HIGH_SG_SERDES,HSG0_SDS_REG2,SP_SDS_FRC_AN,8,2
HIGH_SG_SERDES,HSG0_SDS_REG2,SP_CFG_INS_IPG_MDY,7,1
HIGH_SG_SERDES,HSG0_SDS_REG2,SP_CFG_RDS_CMA_DET,6,1
HIGH_SG_SERDES,HSG0_SDS_REG2,SP_CFG_SEL_TMR_LIM,4,2
HIGH_SG_SERDES,HSG0_SDS_REG2,SP_SDS_RESTART_AN,0,4
HIGH_SG_SERDES,HSG0_SDS_REG3,RESERVED,16,16
HIGH_SG_SERDES,HSG0_SDS_REG3,SP_WR_SOFT_RSTB,15,1
HIGH_SG_SERDES,HSG0_SDS_REG3,SP_USE_25M_CLK,14,1
HIGH_SG_SERDES,HSG0_SDS_REG3,SP_MARK_CARR_EXT,13,1
HIGH_SG_SERDES,HSG0_SDS_REG3,SP_SEL_DEG,12,1
HIGH_SG_SERDES,HSG0_SDS_REG3,SP_REG_CALIB_OK_CNT,8,4
HIGH_SG_SERDES,HSG0_SDS_REG3,SP_EXT_PWR_CTL,7,1
HIGH_SG_SERDES,HSG0_SDS_REG3,SP_SOFT_RST,6,1
HIGH_SG_SERDES,HSG0_SDS_REG3,SP_CLR_SOFT_RSTB,5,1
HIGH_SG_SERDES,HSG0_SDS_REG3,SP_CMA_RQ,0,5
HIGH_SG_SERDES,HSG0_SDS_REG4,RESERVED,16,16
HIGH_SG_SERDES,HSG0_SDS_REG4,SP_CFG_FRC_SDS_MODE,13,3
HIGH_SG_SERDES,HSG0_SDS_REG4,SP_CFG_FRC_SDS_MODE_EN,12,1
HIGH_SG_SERDES,HSG0_SDS_REG4,SP_CFG_UPD_RXD,8,4
HIGH_SG_SERDES,HSG0_SDS_REG4,SP_CFG_UPD_TXD,4,4
HIGH_SG_SERDES,HSG0_SDS_REG4,SP_CFG_UPD_RXD_DYN,3,1
HIGH_SG_SERDES,HSG0_SDS_REG4,SP_CFG_EN_LINK_FIB1G,2,1
HIGH_SG_SERDES,HSG0_SDS_REG4,SP_CFG_EN_LINK_SGM,1,1
HIGH_SG_SERDES,HSG0_SDS_REG4,SP_CFG_SGM_CK_SEL,0,1
HIGH_SG_SERDES,HSG0_SDS_REG5,RESERVED,16,16
HIGH_SG_SERDES,HSG0_SDS_REG5,SP_LPI_TRANSMIT_STYLE,15,1
HIGH_SG_SERDES,HSG0_SDS_REG5,SP_PWRSV_INB_PERIOD,12,3
HIGH_SG_SERDES,HSG0_SDS_REG5,SP_PWRSV_WAKEUP_C2,11,1
HIGH_SG_SERDES,HSG0_SDS_REG5,SP_PWRSV_WAKEUP_C1,10,1
HIGH_SG_SERDES,HSG0_SDS_REG5,SP_CFG_MARK_CARR_EXT_ERR,9,1
HIGH_SG_SERDES,HSG0_SDS_REG5,SP_REG_PCSREQ_POS,8,1
HIGH_SG_SERDES,HSG0_SDS_REG5,SP_CFG_INBTOUT_LEVEL,7,1
HIGH_SG_SERDES,HSG0_SDS_REG5,SP_CFG_SUDINB,6,1
HIGH_SG_SERDES,HSG0_SDS_REG5,SP_CFG_PCSRDABT_LD,5,1
HIGH_SG_SERDES,HSG0_SDS_REG5,SP_CFG_AN_UZ,4,1
HIGH_SG_SERDES,HSG0_SDS_REG5,SP_CFG_INBAND_EN,0,4
HIGH_SG_SERDES,HSG0_SDS_REG6,RESERVED,16,16
HIGH_SG_SERDES,HSG0_SDS_REG6,SP_CFG_NO_GIGA_SCM,15,1
HIGH_SG_SERDES,HSG0_SDS_REG6,SP_CFG_RE_SYNC_STYLE,14,1
HIGH_SG_SERDES,HSG0_SDS_REG6,SP_CFG_SYNC_GAT,13,1
HIGH_SG_SERDES,HSG0_SDS_REG6,SP_CFG_BYPSCR_XSG,12,1
HIGH_SG_SERDES,HSG0_SDS_REG6,SP_RX_BYPSCR,8,4
HIGH_SG_SERDES,HSG0_SDS_REG6,SP_CFG_SLP_RQ,4,4
HIGH_SG_SERDES,HSG0_SDS_REG6,SP_TX_BYPSCR,0,4
HIGH_SG_SERDES,HSG0_SDS_REG7,RESERVED,16,16
HIGH_SG_SERDES,HSG0_SDS_REG7,SP_CFG_8B10B_NO_CREXT,15,1
HIGH_SG_SERDES,HSG0_SDS_REG7,SP_CFG_NEG_CLKWR_A2D,14,1
HIGH_SG_SERDES,HSG0_SDS_REG7,SP_CFG_MIIXF_TS1K,13,1
HIGH_SG_SERDES,HSG0_SDS_REG7,SP_CFG_DLY_PRE8,12,1
HIGH_SG_SERDES,HSG0_SDS_REG7,SP_CFG_GRXD_SEL,11,1
HIGH_SG_SERDES,HSG0_SDS_REG7,SP_CFG_LPI_CMD_MII,10,1
HIGH_SG_SERDES,HSG0_SDS_REG7,SP_CFG_MARK_RXSCR_ERR,9,1
HIGH_SG_SERDES,HSG0_SDS_REG7,SP_CFG_MARK_TXSCR_ERR,8,1
HIGH_SG_SERDES,HSG0_SDS_REG7,SP_BYP_START,4,4
HIGH_SG_SERDES,HSG0_SDS_REG7,SP_BYP_END,0,4
HIGH_SG_SERDES,HSG0_SDS_REG8,RESERVED,16,16
HIGH_SG_SERDES,HSG0_SDS_REG8,SP_CFG_EEE_PWRSAV_EN,15,1
HIGH_SG_SERDES,HSG0_SDS_REG8,SP_REG_EEE_SDS_AN,14,1
HIGH_SG_SERDES,HSG0_SDS_REG8,SP_REG_C3_TIMER,11,3
HIGH_SG_SERDES,HSG0_SDS_REG8,SP_REG_C2_TIMER,8,3
HIGH_SG_SERDES,HSG0_SDS_REG8,SP_REG_C1_TIMER,5,3
HIGH_SG_SERDES,HSG0_SDS_REG8,SP_REG_C0_TIMER,2,3
HIGH_SG_SERDES,HSG0_SDS_REG8,SP_CFG_MAC_C1_CHG_RESTC3,1,1
HIGH_SG_SERDES,HSG0_SDS_REG8,SP_CFG_PHY_GO_C1_COND_SPC,0,1
HIGH_SG_SERDES,HSG0_SDS_REG9,RESERVED,16,16
HIGH_SG_SERDES,HSG0_SDS_REG9,SP_CFG_EEE_PROGRAM_0,0,16
HIGH_SG_SERDES,HSG0_SDS_REG10,RESERVED,16,16
HIGH_SG_SERDES,HSG0_SDS_REG10,SP_CFG_EEE_NEW,15,1
HIGH_SG_SERDES,HSG0_SDS_REG10,SP_CFG_ICG_GTCK,14,1
HIGH_SG_SERDES,HSG0_SDS_REG10,SP_CFG_ICG_GRCK,13,1
HIGH_SG_SERDES,HSG0_SDS_REG10,SP_CFG_SEL2_CALIBOK,12,1
HIGH_SG_SERDES,HSG0_SDS_REG10,SP_QSGMII_NO_DILE2,11,1
HIGH_SG_SERDES,HSG0_SDS_REG10,SP_QSGMII_EEE_SEL,10,1
HIGH_SG_SERDES,HSG0_SDS_REG10,SP_QSGMII_LPI_TX_EN,9,1
HIGH_SG_SERDES,HSG0_SDS_REG10,SP_QSGMII_LPI_RX_EN,8,1
HIGH_SG_SERDES,HSG0_SDS_REG10,SP_QSGMII_INB_EN,7,1
HIGH_SG_SERDES,HSG0_SDS_REG10,SP_QSGMII_RXER_SEL,6,1
HIGH_SG_SERDES,HSG0_SDS_REG10,SP_CFG_FAST_TIMER,4,2
HIGH_SG_SERDES,HSG0_SDS_REG10,SP_EEE_LINK_FASTER,0,4
HIGH_SG_SERDES,HSG0_SDS_REG11,RESERVED,16,16
HIGH_SG_SERDES,HSG0_SDS_REG11,SP_CFG_EEE_DBG_CNT,0,16
HIGH_SG_SERDES,HSG0_SDS_REG12,RESERVED,16,16
HIGH_SG_SERDES,HSG0_SDS_REG12,SP_CFG_INB_TIMEOUT,8,8
HIGH_SG_SERDES,HSG0_SDS_REG12,SP_ABILITY,4,4
HIGH_SG_SERDES,HSG0_SDS_REG12,SP_CFG_AFE_40B,3,1
HIGH_SG_SERDES,HSG0_SDS_REG12,SP_SD_DET_ALGOR,2,1
HIGH_SG_SERDES,HSG0_SDS_REG12,SP_AUTO_DET_ALGOR,1,1
HIGH_SG_SERDES,HSG0_SDS_REG12,SP_SEND_NP_ON,0,1
HIGH_SG_SERDES,HSG0_SDS_REG13,RESERVED,16,16
HIGH_SG_SERDES,HSG0_SDS_REG13,SP_SDS_LK_TIME,8,8
HIGH_SG_SERDES,HSG0_SDS_REG13,SP_CFG_F100_LKON_CNT,4,4
HIGH_SG_SERDES,HSG0_SDS_REG13,SP_CFG_APXT_TMP32,2,2
HIGH_SG_SERDES,HSG0_SDS_REG13,SP_CFG_REDET_F100,1,1
HIGH_SG_SERDES,HSG0_SDS_REG13,SP_CFG_APXT_TMP0,0,1
HIGH_SG_SERDES,HSG0_SDS_REG14,RESERVED,16,16
HIGH_SG_SERDES,HSG0_SDS_REG14,SP_CFG_SPDUP,15,1
HIGH_SG_SERDES,HSG0_SDS_REG14,SP_CFG_SPDUP_FIB100,14,1
HIGH_SG_SERDES,HSG0_SDS_REG14,SP_CFG_RXSLEEP_TMROUT,13,1
HIGH_SG_SERDES,HSG0_SDS_REG14,SP_SEL_CALIBOK,12,1
HIGH_SG_SERDES,HSG0_SDS_REG14,SP_SEL_SDET,11,1
HIGH_SG_SERDES,HSG0_SDS_REG14,SP_SEL_ANOK,10,1
HIGH_SG_SERDES,HSG0_SDS_REG14,SP_CFG_SEL_ODD_BIT,9,1
HIGH_SG_SERDES,HSG0_SDS_REG14,SP_CFG_FRC_LD_VALUE,8,1
HIGH_SG_SERDES,HSG0_SDS_REG14,SP_CFG_FRC_LD,7,1
HIGH_SG_SERDES,HSG0_SDS_REG14,SP_CFG_SGMI_CK1MS_EN,6,1
HIGH_SG_SERDES,HSG0_SDS_REG14,SP_CFG_LINK_TMR_SGMII_SEL,3,3
HIGH_SG_SERDES,HSG0_SDS_REG14,SP_CFG_LINK_TMR_NORM_SEL,0,3
HIGH_SG_SERDES,HSG0_SDS_REG15,RESERVED,16,16
HIGH_SG_SERDES,HSG0_SDS_REG15,SP_CFG_INBAND_MASTER_0,0,16
HIGH_SG_SERDES,HSG0_SDS_REG16,RESERVED,16,16
HIGH_SG_SERDES,HSG0_SDS_REG16,SP_CFG_INBAND_MASTER_1,0,16
HIGH_SG_SERDES,HSG0_SDS_REG17,RESERVED,16,16
HIGH_SG_SERDES,HSG0_SDS_REG17,SP_MACRDVLD,15,1
HIGH_SG_SERDES,HSG0_SDS_REG17,SP_MACRDABT,14,1
HIGH_SG_SERDES,HSG0_SDS_REG17,SP_CFG_INBAND_MASTER_2,0,14
HIGH_SG_SERDES,HSG0_SDS_REG18,RESERVED,16,16
HIGH_SG_SERDES,HSG0_SDS_REG18,SP_CFG_RSGP_TXCFG_PHY,0,16
HIGH_SG_SERDES,HSG0_SDS_REG19,RESERVED,16,16
HIGH_SG_SERDES,HSG0_SDS_REG19,SP_CFG_RSGP_TXCFG_MAC,0,16
HIGH_SG_SERDES,HSG0_SDS_REG20,RESERVED,16,16
HIGH_SG_SERDES,HSG0_SDS_REG20,SP_CFG_SGM_TXCFG_PHY,0,16
HIGH_SG_SERDES,HSG0_SDS_REG21,RESERVED,16,16
HIGH_SG_SERDES,HSG0_SDS_REG21,SP_CFG_SGM_TXCFG_MAC,0,16
HIGH_SG_SERDES,HSG0_SDS_REG22,RESERVED,16,16
HIGH_SG_SERDES,HSG0_SDS_REG22,SP_CFG_FIB2G_TXCFG_P0,0,16
HIGH_SG_SERDES,HSG0_SDS_REG23,RESERVED,16,16
HIGH_SG_SERDES,HSG0_SDS_REG23,SP_CFG_FIB2G_TXCFG_P1,0,16
HIGH_SG_SERDES,HSG0_SDS_REG24,RESERVED,16,16
HIGH_SG_SERDES,HSG0_SDS_REG24,SP_CFG_FIB2G_TXCFG_NP_P0,0,16
HIGH_SG_SERDES,HSG0_SDS_REG25,RESERVED,16,16
HIGH_SG_SERDES,HSG0_SDS_REG25,SP_CFG_FIB2G_TXCFG_NP_P1,0,16
HIGH_SG_SERDES,HSG0_SDS_REG26,RESERVED,16,16
HIGH_SG_SERDES,HSG0_SDS_REG26,SP_IP_VERSION,9,7
HIGH_SG_SERDES,HSG0_SDS_REG26,SP_SDS_MODE,0,9
HIGH_SG_SERDES,HSG0_SDS_REG27,RESERVED,16,16
HIGH_SG_SERDES,HSG0_SDS_REG27,SP_CFG_DBG_OUT_ECO1,0,16
HIGH_SG_SERDES,HSG0_SDS_REG28,RESERVED,16,16
HIGH_SG_SERDES,HSG0_SDS_REG28,SP_CFG_PHY_GO_C2_COND_SPC,15,1
HIGH_SG_SERDES,HSG0_SDS_REG28,SP_CFG_ERRMSK_NOSIG,14,1
HIGH_SG_SERDES,HSG0_SDS_REG28,SP_RM_LPK_EVEN_BITS,13,1
HIGH_SG_SERDES,HSG0_SDS_REG28,SP_CFG_QSGMII_PARITY_CHK,12,1
HIGH_SG_SERDES,HSG0_SDS_REG28,SP_CFG_DBG_S0,11,1
HIGH_SG_SERDES,HSG0_SDS_REG28,SP_CFG_SDS_DBG_EN,10,1
HIGH_SG_SERDES,HSG0_SDS_REG28,SP_CFG_SDS_DBG_SEL,0,10
HIGH_SG_SERDES,HSG0_SDS_REG29,RESERVED,16,16
HIGH_SG_SERDES,HSG0_SDS_REG29,SP_CFG_SDS_DBG_OUT_0,0,16
HIGH_SG_SERDES,HSG0_SDS_REG30,RESERVED,16,16
HIGH_SG_SERDES,HSG0_SDS_REG30,SP_CFG_SDS_DBG_OUT_1,0,16
HIGH_SG_SERDES,HSG0_SDS_REG31,RESERVED,16,16
HIGH_SG_SERDES,HSG0_SDS_REG31,SP_SDS_RG_31,0,16
HIGH_SG_SERDES,HSG0_SDS_EXT_REG0,RESERVED,16,16
HIGH_SG_SERDES,HSG0_SDS_EXT_REG0,SEP_ALL_SYMBOLERR_CNT_NEW_1500,0,16
HIGH_SG_SERDES,HSG0_SDS_EXT_REG1,RESERVED,16,16
HIGH_SG_SERDES,HSG0_SDS_EXT_REG1,SEP_ALL_SYMBOLERR_CNT_NEW_2316,8,8
HIGH_SG_SERDES,HSG0_SDS_EXT_REG1,SEP_CFG_GLI_TXC_TOG_CH3,7,1
HIGH_SG_SERDES,HSG0_SDS_EXT_REG1,SEP_CFG_GLI_TXC_TOG_CH2,6,1
HIGH_SG_SERDES,HSG0_SDS_EXT_REG1,SEP_CFG_GLI_TXC_TOG_CH1,5,1
HIGH_SG_SERDES,HSG0_SDS_EXT_REG1,SEP_CFG_GLI_TXC_TOG_CH0,4,1
HIGH_SG_SERDES,HSG0_SDS_EXT_REG1,SEP_CFG_GLI_RXC_TOG_CH3,3,1
HIGH_SG_SERDES,HSG0_SDS_EXT_REG1,SEP_CFG_GLI_RXC_TOG_CH2,2,1
HIGH_SG_SERDES,HSG0_SDS_EXT_REG1,SEP_CFG_GLI_RXC_TOG_CH1,1,1
HIGH_SG_SERDES,HSG0_SDS_EXT_REG1,SEP_CFG_GLI_RXC_TOG_CH0,0,1
HIGH_SG_SERDES,HSG0_SDS_EXT_REG2,RESERVED,16,16
HIGH_SG_SERDES,HSG0_SDS_EXT_REG2,SEP_MUX_SYMBOLERR_CNT_NEW_1500,0,16
HIGH_SG_SERDES,HSG0_SDS_EXT_REG3,RESERVED,16,16
HIGH_SG_SERDES,HSG0_SDS_EXT_REG3,SEP_MUX_SYMBOLERR_CNT_NEW_2316,8,8
HIGH_SG_SERDES,HSG0_SDS_EXT_REG3,SEP_SDS_AFE_RG03_0700,0,8
HIGH_SG_SERDES,HSG0_SDS_EXT_REG4,RESERVED,16,16
HIGH_SG_SERDES,HSG0_SDS_EXT_REG4,SEP_PRBS_ERR_CNT_1500,0,16
HIGH_SG_SERDES,HSG0_SDS_EXT_REG5,RESERVED,16,16
HIGH_SG_SERDES,HSG0_SDS_EXT_REG5,SEP_PRBS_ERR_CNT_3116,0,16
HIGH_SG_SERDES,HSG0_SDS_EXT_REG6,RESERVED,16,16
HIGH_SG_SERDES,HSG0_SDS_EXT_REG6,SEP_CFG_FEC_MK_OPT,0,16
HIGH_SG_SERDES,HSG0_SDS_EXT_REG7,RESERVED,16,16
HIGH_SG_SERDES,HSG0_SDS_EXT_REG7,SEP_CFG_FRC_HSO_INV_EN,15,1
HIGH_SG_SERDES,HSG0_SDS_EXT_REG7,SEP_CFG_FRC_HSO_INV_VAL,14,1
HIGH_SG_SERDES,HSG0_SDS_EXT_REG7,SEP_CFG_SDS_BERCHK_FIB100,13,1
HIGH_SG_SERDES,HSG0_SDS_EXT_REG7,SEP_CFG_LCH_RDS,12,1
HIGH_SG_SERDES,HSG0_SDS_EXT_REG7,SEP_CFG_SDS_BCHK_PMSK,4,8
HIGH_SG_SERDES,HSG0_SDS_EXT_REG7,SEP_CFG_SDS_BCHK_PMSK_FRC,3,1
HIGH_SG_SERDES,HSG0_SDS_EXT_REG7,SEP_CFG_FEC_MD_ON,2,1
HIGH_SG_SERDES,HSG0_SDS_EXT_REG7,SEP_CFG_KEEP_IPG_CNT,1,1
HIGH_SG_SERDES,HSG0_SDS_EXT_REG7,SEP_CFG_EPON_ENABLE,0,1
HIGH_SG_SERDES,HSG0_SDS_EXT_REG8,RESERVED,16,16
HIGH_SG_SERDES,HSG0_SDS_EXT_REG8,SEP_CFG_AFE_RG8X_1514,14,2
HIGH_SG_SERDES,HSG0_SDS_EXT_REG8,SEP_CFG_FEC_BAD_SEL,12,2
HIGH_SG_SERDES,HSG0_SDS_EXT_REG8,SEP_CFG_FEC_GOOD_NUM,6,6
HIGH_SG_SERDES,HSG0_SDS_EXT_REG8,SEP_CFG_FEC_BAD_NUM,0,6
HIGH_SG_SERDES,HSG0_SDS_EXT_REG9,RESERVED,16,16
HIGH_SG_SERDES,HSG0_SDS_EXT_REG9,SEP_CFG_SYNC_LOSS_NUM,8,8
HIGH_SG_SERDES,HSG0_SDS_EXT_REG9,SEP_CFG_CODE_REVERSE,7,1
HIGH_SG_SERDES,HSG0_SDS_EXT_REG9,SEP_CFG_ALIGN_FRC_POS,1,6
HIGH_SG_SERDES,HSG0_SDS_EXT_REG9,SEP_CFG_ALIGN_FRC_EN,0,1
HIGH_SG_SERDES,HSG0_SDS_EXT_REG10,RESERVED,16,16
HIGH_SG_SERDES,HSG0_SDS_EXT_REG10,SEP_SDS_AFE_RG10X,0,16
HIGH_SG_SERDES,HSG0_SDS_EXT_REG11,RESERVED,16,16
HIGH_SG_SERDES,HSG0_SDS_EXT_REG11,SEP_CFG_STS_UPD_DIS,15,1
HIGH_SG_SERDES,HSG0_SDS_EXT_REG11,SEP_CFG_PSEQ_ORG,14,1
HIGH_SG_SERDES,HSG0_SDS_EXT_REG11,SEP_CFG_PRBS_REVERSE,13,1
HIGH_SG_SERDES,HSG0_SDS_EXT_REG11,SEP_CFG_BEN_OE_SEL,12,1
HIGH_SG_SERDES,HSG0_SDS_EXT_REG11,SEP_CFG_BEN_OE,11,1
HIGH_SG_SERDES,HSG0_SDS_EXT_REG11,SEP_CFG_BEN_POL,10,1
HIGH_SG_SERDES,HSG0_SDS_EXT_REG11,SEP_CFG_PRBS_SEL_1_0,8,2
HIGH_SG_SERDES,HSG0_SDS_EXT_REG11,SEP_CFG_BEN_MSK_DISTX,7,1
HIGH_SG_SERDES,HSG0_SDS_EXT_REG11,SEP_CFG_XMIT_ORG,6,1
HIGH_SG_SERDES,HSG0_SDS_EXT_REG11,SEP_CFG_DIS_RXIDLE_MSK_EEE,5,1
HIGH_SG_SERDES,HSG0_SDS_EXT_REG11,SEP_CFG_DIS_RXIDLE_MSK_BCHK,4,1
HIGH_SG_SERDES,HSG0_SDS_EXT_REG11,SEP_CFG_FRC_SRC_RXIDLE_EN,3,1
HIGH_SG_SERDES,HSG0_SDS_EXT_REG11,SEP_CFG_FRC_SRC_RXIDLE_VAL,2,1
HIGH_SG_SERDES,HSG0_SDS_EXT_REG11,SEP_CFG_HSG0_MAC_FIFO_DIS,1,1
HIGH_SG_SERDES,HSG0_SDS_EXT_REG11,SEP_CFG_D2A_ERR_BIT_TOG,0,1
HIGH_SG_SERDES,HSG0_SDS_EXT_REG12,RESERVED,16,16
HIGH_SG_SERDES,HSG0_SDS_EXT_REG12,SEP_CFG_PRBS_SEED,13,3
HIGH_SG_SERDES,HSG0_SDS_EXT_REG12,SEP_CFG_FEC_PRBS_MD,12,1
HIGH_SG_SERDES,HSG0_SDS_EXT_REG12,SEP_CFG_PRBS_ON,11,1
HIGH_SG_SERDES,HSG0_SDS_EXT_REG12,SEP_CFG_FIFO_RESTORE,10,1
HIGH_SG_SERDES,HSG0_SDS_EXT_REG12,SEP_CFG_ASDS_RST,9,1
HIGH_SG_SERDES,HSG0_SDS_EXT_REG12,SEP_CFG_NEG_CLKRD_D2A,8,1
HIGH_SG_SERDES,HSG0_SDS_EXT_REG12,SEP_CFG_FIFO_ORG,7,1
HIGH_SG_SERDES,HSG0_SDS_EXT_REG12,SEP_CFG_FRXNRZI_SEL,6,1
HIGH_SG_SERDES,HSG0_SDS_EXT_REG12,SEP_CFG_SCR_SEED_SEL,5,1
HIGH_SG_SERDES,HSG0_SDS_EXT_REG12,SEP_CFG_XSG257_NO_CLKGAT,4,1
HIGH_SG_SERDES,HSG0_SDS_EXT_REG12,SEP_CFG_XSG_OFF_AFE1,3,1
HIGH_SG_SERDES,HSG0_SDS_EXT_REG12,SEP_CFG_IPG_CNT,0,3
HIGH_SG_SERDES,HSG0_SDS_EXT_REG13,RESERVED,16,16
HIGH_SG_SERDES,HSG0_SDS_EXT_REG13,SEP_CFG_NEG_GTXC,15,1
HIGH_SG_SERDES,HSG0_SDS_EXT_REG13,SEP_CFG_LP_CNT_2,11,4
HIGH_SG_SERDES,HSG0_SDS_EXT_REG13,SEP_CFG_EPON_SYNC_SM,10,1
HIGH_SG_SERDES,HSG0_SDS_EXT_REG13,SEP_CFG_DY,0,10
HIGH_SG_SERDES,HSG0_SDS_EXT_REG14,RESERVED,16,16
HIGH_SG_SERDES,HSG0_SDS_EXT_REG14,SEP_CFG_BERCHK_FUNC_EN,15,1
HIGH_SG_SERDES,HSG0_SDS_EXT_REG14,SEP_CFG_AUTO_BCHK_EN,14,1
HIGH_SG_SERDES,HSG0_SDS_EXT_REG14,SEP_CFG_AUTO_BCHK_LNK_DIS,13,1
HIGH_SG_SERDES,HSG0_SDS_EXT_REG14,SEP_CFG_SIGDET_TMR,8,5
HIGH_SG_SERDES,HSG0_SDS_EXT_REG14,SEP_CFG_BERCHK_TMR,4,4
HIGH_SG_SERDES,HSG0_SDS_EXT_REG14,SEP_CFG_BERCHK_NUM,0,4
HIGH_SG_SERDES,HSG0_SDS_EXT_REG15,RESERVED,16,16
HIGH_SG_SERDES,HSG0_SDS_EXT_REG15,SEP_CFG_EPON_PWRCTL,15,1
HIGH_SG_SERDES,HSG0_SDS_EXT_REG15,SEP_CFG_LP_CNT_1,11,4
HIGH_SG_SERDES,HSG0_SDS_EXT_REG15,SEP_CFG_DIS_FECK_SPUP,10,1
HIGH_SG_SERDES,HSG0_SDS_EXT_REG15,SEP_CFG_DX,0,10
HIGH_SG_SERDES,HSG0_SDS_EXT_REG16,RESERVED,16,16
HIGH_SG_SERDES,HSG0_SDS_EXT_REG16,SEP_CFG_DY_8B,8,8
HIGH_SG_SERDES,HSG0_SDS_EXT_REG16,SEP_CFG_DX_8B,0,8
HIGH_SG_SERDES,HSG0_SDS_EXT_REG17,RESERVED,16,16
HIGH_SG_SERDES,HSG0_SDS_EXT_REG17,SEP_MR_NP_TX_1,0,16
HIGH_SG_SERDES,HSG0_SDS_EXT_REG18,RESERVED,16,16
HIGH_SG_SERDES,HSG0_SDS_EXT_REG18,SEP_MR_NP_TX_2,0,16
HIGH_SG_SERDES,HSG0_SDS_EXT_REG19,RESERVED,16,16
HIGH_SG_SERDES,HSG0_SDS_EXT_REG19,SEP_MR_NP_TX_3,0,16
HIGH_SG_SERDES,HSG0_SDS_EXT_REG20,RESERVED,16,16
HIGH_SG_SERDES,HSG0_SDS_EXT_REG20,SEP_CFG_RX_INTR_POL,15,1
HIGH_SG_SERDES,HSG0_SDS_EXT_REG20,SEP_CFG_TX_INTR_POL,14,1
HIGH_SG_SERDES,HSG0_SDS_EXT_REG20,SEP_TR_EN,13,1
HIGH_SG_SERDES,HSG0_SDS_EXT_REG20,SEP_LINK_BCHK_EN,12,1
HIGH_SG_SERDES,HSG0_SDS_EXT_REG20,SEP_DIS_GATE_RXC,11,1
HIGH_SG_SERDES,HSG0_SDS_EXT_REG20,SEP_FIB_PDOWN_SEL,10,1
HIGH_SG_SERDES,HSG0_SDS_EXT_REG20,SEP_RSTB_BITERR_CLK,9,1
HIGH_SG_SERDES,HSG0_SDS_EXT_REG20,SEP_CFG_HSG0_LCTANK,8,1
HIGH_SG_SERDES,HSG0_SDS_EXT_REG20,SEP_CFG_HSG0_RXC_ALI,7,1
HIGH_SG_SERDES,HSG0_SDS_EXT_REG20,SEP_CFG_FRC_2P5G,6,1
HIGH_SG_SERDES,HSG0_SDS_EXT_REG20,SEP_CFG_FCRR_CLR_SEL,5,1
HIGH_SG_SERDES,HSG0_SDS_EXT_REG20,SEP_CFG_ORG_RXCFGREG,4,1
HIGH_SG_SERDES,HSG0_SDS_EXT_REG20,SEP_CFG_DIS_CMA_CHGPOS,3,1
HIGH_SG_SERDES,HSG0_SDS_EXT_REG20,SEP_CFG_SDS_MODE_3B,2,1
HIGH_SG_SERDES,HSG0_SDS_EXT_REG20,SEP_CFG_STMALI_SEL,1,1
HIGH_SG_SERDES,HSG0_SDS_EXT_REG20,SEP_CFG_PRBS_SEL_2,0,1
HIGH_SG_SERDES,HSG0_SDS_EXT_REG21,RESERVED,16,16
HIGH_SG_SERDES,HSG0_SDS_EXT_REG21,SEP_CFG_SDS_AFE_RG21X_RD_MX,0,16
HIGH_SG_SERDES,HSG0_SDS_EXT_REG22,RESERVED,16,16
HIGH_SG_SERDES,HSG0_SDS_EXT_REG22,SEP_CFG_SDS_AFE_RG22X_RD_MX,0,16
HIGH_SG_SERDES,HSG0_SDS_EXT_REG23,RESERVED,16,16
HIGH_SG_SERDES,HSG0_SDS_EXT_REG23,SEP_CFG_SDS_AFE_RG23X_RD_MX,0,16
HIGH_SG_SERDES,HSG0_SDS_EXT_REG24,RESERVED,16,16
HIGH_SG_SERDES,HSG0_SDS_EXT_REG24,SEP_CFG_SD_H,15,1
HIGH_SG_SERDES,HSG0_SDS_EXT_REG24,SEP_CFG_XSG_DAT40,14,1
HIGH_SG_SERDES,HSG0_SDS_EXT_REG24,SEP_CFG_HYSDET,10,4
HIGH_SG_SERDES,HSG0_SDS_EXT_REG24,SEP_CFG_D2A_LPK,9,1
HIGH_SG_SERDES,HSG0_SDS_EXT_REG24,SEP_CFG_HAM_PTR,8,1
HIGH_SG_SERDES,HSG0_SDS_EXT_REG24,SEP_CFG_ENTX,7,1
HIGH_SG_SERDES,HSG0_SDS_EXT_REG24,SEP_CFG_CMALI_SIG,6,1
HIGH_SG_SERDES,HSG0_SDS_EXT_REG24,SEP_CFG_TMR_ALI,3,3
HIGH_SG_SERDES,HSG0_SDS_EXT_REG24,SEP_CFG_SYMBOLERR_CNT,0,3
HIGH_SG_SERDES,HSG0_SDS_EXT_REG25,RESERVED,16,16
HIGH_SG_SERDES,HSG0_SDS_EXT_REG25,SEP_CFG_TR_CNT,0,16
HIGH_SG_SERDES,HSG0_SDS_EXT_REG26,RESERVED,16,16
HIGH_SG_SERDES,HSG0_SDS_EXT_REG26,SEP_P3LNKDOWNCNT,12,4
HIGH_SG_SERDES,HSG0_SDS_EXT_REG26,SEP_P2LNKDOWNCNT,8,4
HIGH_SG_SERDES,HSG0_SDS_EXT_REG26,SEP_P1LNKDOWNCNT,4,4
HIGH_SG_SERDES,HSG0_SDS_EXT_REG26,SEP_P0LNKDOWNCNT,0,4
HIGH_SG_SERDES,HSG0_SDS_EXT_REG27,RESERVED,16,16
HIGH_SG_SERDES,HSG0_SDS_EXT_REG27,SEP_DEC_CRCT_CNT,0,16
HIGH_SG_SERDES,HSG0_SDS_EXT_REG28,RESERVED,16,16
HIGH_SG_SERDES,HSG0_SDS_EXT_REG28,SEP_DEC_FAIL_CNT,0,16
HIGH_SG_SERDES,HSG0_SDS_EXT_REG29,RESERVED,16,16
HIGH_SG_SERDES,HSG0_SDS_EXT_REG29,SEP_CFG_DBG_STATUS_ECO_2,10,6
HIGH_SG_SERDES,HSG0_SDS_EXT_REG29,SEP_LECSYNC_REAL,9,1
HIGH_SG_SERDES,HSG0_SDS_EXT_REG29,SEP_SIGNOK_REAL,8,1
HIGH_SG_SERDES,HSG0_SDS_EXT_REG29,SEP_LINKOK_REAL,4,4
HIGH_SG_SERDES,HSG0_SDS_EXT_REG29,SEP_SYNCOK_REAL,0,4
HIGH_SG_SERDES,HSG0_SDS_EXT_REG30,RESERVED,16,16
HIGH_SG_SERDES,HSG0_SDS_EXT_REG30,SEP_CFG_AFE_SDS_RG30_1514,14,2
HIGH_SG_SERDES,HSG0_SDS_EXT_REG30,SEP_STS_UPD_RX,10,4
HIGH_SG_SERDES,HSG0_SDS_EXT_REG30,SEP_LECSYNC_LATCH,9,1
HIGH_SG_SERDES,HSG0_SDS_EXT_REG30,SEP_SIGNOK_LATCH,8,1
HIGH_SG_SERDES,HSG0_SDS_EXT_REG30,SEP_LINKOK_LATCH,4,4
HIGH_SG_SERDES,HSG0_SDS_EXT_REG30,SEP_SYNCOK_LATCH,0,4
HIGH_SG_SERDES,HSG0_SDS_EXT_REG31,RESERVED,16,16
HIGH_SG_SERDES,HSG0_SDS_EXT_REG31,SEP_CFG_AFE_SDS_RG30_1501,2,14
HIGH_SG_SERDES,HSG0_SDS_EXT_REG31,SEP_RXIDLE,1,1
HIGH_SG_SERDES,HSG0_SDS_EXT_REG31,SEP_RXIDLE_LCH_H,0,1
HIGH_SG_SERDES,HSG0_FIB_REG0,RESERVED,16,16
HIGH_SG_SERDES,HSG0_FIB_REG0,FP_CFG_FIB_RST,15,1
HIGH_SG_SERDES,HSG0_FIB_REG0,FP_CFG_FIB_LPK,14,1
HIGH_SG_SERDES,HSG0_FIB_REG0,FP_CFG_FIB_SPD_RD_00,13,1
HIGH_SG_SERDES,HSG0_FIB_REG0,FP_CFG_FIB_ANEN,12,1
HIGH_SG_SERDES,HSG0_FIB_REG0,FP_CFG_FIB_PDOWN,11,1
HIGH_SG_SERDES,HSG0_FIB_REG0,FP_CFG_FIB_ISO,10,1
HIGH_SG_SERDES,HSG0_FIB_REG0,FP_CFG_FIB_RESTART,9,1
HIGH_SG_SERDES,HSG0_FIB_REG0,FP_CFG_FIB_FULLDUP,8,1
HIGH_SG_SERDES,HSG0_FIB_REG0,FP_FIB_REG00_07,7,1
HIGH_SG_SERDES,HSG0_FIB_REG0,FP_CFG_FIB_SPD_RD_01,6,1
HIGH_SG_SERDES,HSG0_FIB_REG0,FP_CFG_FIB_FRCTX,5,1
HIGH_SG_SERDES,HSG0_FIB_REG0,FP_FIB_REG_00_0400,0,5
HIGH_SG_SERDES,HSG0_FIB_REG1,RESERVED,16,16
HIGH_SG_SERDES,HSG0_FIB_REG1,FP_CFG_FIB_CAPBILITY,6,10
HIGH_SG_SERDES,HSG0_FIB_REG1,FP_CFG_FIB_AN_COMPLETE,5,1
HIGH_SG_SERDES,HSG0_FIB_REG1,FP_CFG_FIB_R_FAULT,4,1
HIGH_SG_SERDES,HSG0_FIB_REG1,FP_CFG_FIB_NWAY_ABILITY,3,1
HIGH_SG_SERDES,HSG0_FIB_REG1,FP_CFG_FIB_LINK_STATUS,2,1
HIGH_SG_SERDES,HSG0_FIB_REG1,FP_CFG_FIB_JABBER_DETECT,1,1
HIGH_SG_SERDES,HSG0_FIB_REG1,FP_CFG_FIB_EXTENDED_CAPBILITY,0,1
HIGH_SG_SERDES,HSG0_FIB_REG2,RESERVED,16,16
HIGH_SG_SERDES,HSG0_FIB_REG2,FP_CFG_FIB_REALTEK_OUI_2106,0,16
HIGH_SG_SERDES,HSG0_FIB_REG3,RESERVED,16,16
HIGH_SG_SERDES,HSG0_FIB_REG3,FP_CFG_FIB_REALTEK_OUI_0500,10,6
HIGH_SG_SERDES,HSG0_FIB_REG3,FP_CFG_FIB_MODEL_NO_0500,4,6
HIGH_SG_SERDES,HSG0_FIB_REG3,FP_CFG_FIB_REVISION_NO_0300,0,4
HIGH_SG_SERDES,HSG0_FIB_REG4,RESERVED,16,16
HIGH_SG_SERDES,HSG0_FIB_REG4,FP_CFG_FIB_TX_CFG_REG,0,16
HIGH_SG_SERDES,HSG0_FIB_REG5,RESERVED,16,16
HIGH_SG_SERDES,HSG0_FIB_REG5,FP_CFG_FIB_RX_CFG_REG,0,16
HIGH_SG_SERDES,HSG0_FIB_REG6,RESERVED,16,16
HIGH_SG_SERDES,HSG0_FIB_REG6,FP_FIB_REG_06_1503,3,13
HIGH_SG_SERDES,HSG0_FIB_REG6,FP_CFG_FIB_FIB_NP_EN,2,1
HIGH_SG_SERDES,HSG0_FIB_REG6,FP_CFG_FIB_RXPAGE,1,1
HIGH_SG_SERDES,HSG0_FIB_REG6,FP_FIB_REG_06_00,0,1
HIGH_SG_SERDES,HSG0_FIB_REG7,RESERVED,16,16
HIGH_SG_SERDES,HSG0_FIB_REG7,FP_CFG_FIB_MR_NP_TX,0,16
HIGH_SG_SERDES,HSG0_FIB_REG8,RESERVED,16,16
HIGH_SG_SERDES,HSG0_FIB_REG8,FP_CFG_FIB_MR_NP_RX,0,16
HIGH_SG_SERDES,HSG0_FIB_REG13,RESERVED,16,16
HIGH_SG_SERDES,HSG0_FIB_REG13,FP_CFG_FIB_INDR_FUNC,14,2
HIGH_SG_SERDES,HSG0_FIB_REG13,FP_FIB_REG_13_1305,5,9
HIGH_SG_SERDES,HSG0_FIB_REG13,FP_CFG_FIB_INDR_DEVAD,0,5
HIGH_SG_SERDES,HSG0_FIB_REG14,RESERVED,16,16
HIGH_SG_SERDES,HSG0_FIB_REG14,FP_CFG_FIB_MMDRDBUS,0,16
HIGH_SG_SERDES,HSG0_FIB_REG15,RESERVED,16,16
HIGH_SG_SERDES,HSG0_FIB_REG15,FP_GIGA_BASEX_FULL,15,1
HIGH_SG_SERDES,HSG0_FIB_REG15,FP_GIGA_BASEX_HALF,14,1
HIGH_SG_SERDES,HSG0_FIB_REG15,FP_GIGA_BASET_FULL,13,1
HIGH_SG_SERDES,HSG0_FIB_REG15,FP_GIGA_BASE_HALF,12,1
HIGH_SG_SERDES,HSG0_FIB_REG15,FP_FIB_REG_15_1100,0,12
HIGH_SG_SERDES,HSG0_FIB_REG16,RESERVED,16,16
HIGH_SG_SERDES,HSG0_FIB_REG16,FP_CFG_ENLONGERR,15,1
HIGH_SG_SERDES,HSG0_FIB_REG16,FP_CFG_ENPMEERR,14,1
HIGH_SG_SERDES,HSG0_FIB_REG16,FP_CFG_IPG_BYTE,12,2
HIGH_SG_SERDES,HSG0_FIB_REG16,FP_CFG_FLINKOK,11,1
HIGH_SG_SERDES,HSG0_FIB_REG16,FP_CFG_FRC_SD,10,1
HIGH_SG_SERDES,HSG0_FIB_REG16,FP_CFG_FRC_TX,9,1
HIGH_SG_SERDES,HSG0_FIB_REG16,FP_CFG_DIS_CLKWR_GATING,8,1
HIGH_SG_SERDES,HSG0_FIB_REG16,FP_CFG_DFULLDUO100,7,1
HIGH_SG_SERDES,HSG0_FIB_REG16,FP_FIB_REG_16_06,6,1
HIGH_SG_SERDES,HSG0_FIB_REG16,FP_CFG_REMO100LBK,5,1
HIGH_SG_SERDES,HSG0_FIB_REG16,FP_CFG_DIS_RX_FEFI,4,1
HIGH_SG_SERDES,HSG0_FIB_REG16,FP_CFG_DIS_TX_FEFI,3,1
HIGH_SG_SERDES,HSG0_FIB_REG16,FP_CFG_SEL_RX_SD,2,1
HIGH_SG_SERDES,HSG0_FIB_REG16,FP_CFG_SEL_TX_SD,1,1
HIGH_SG_SERDES,HSG0_FIB_REG16,FP_CFG_SEL_SD,0,1
HIGH_SG_SERDES,HSG0_FIB_REG17,RESERVED,16,16
HIGH_SG_SERDES,HSG0_FIB_REG17,FP_CFG_FRC_TXDOWN,15,1
HIGH_SG_SERDES,HSG0_FIB_REG17,FP_CFG_SEL_PRE_LONG,13,2
HIGH_SG_SERDES,HSG0_FIB_REG17,FP_CFG_FIB100_PRB_SEL,10,3
HIGH_SG_SERDES,HSG0_FIB_REG17,FP_CFG_ERR_REST,9,1
HIGH_SG_SERDES,HSG0_FIB_REG17,FP_CFG_SDS_LPBK,8,1
HIGH_SG_SERDES,HSG0_FIB_REG17,FP_CFG_F100_INV_I,7,1
HIGH_SG_SERDES,HSG0_FIB_REG17,FP_CFG_F100_INV_O,6,1
HIGH_SG_SERDES,HSG0_FIB_REG17,FP_CFG_FL100MCOND,5,1
HIGH_SG_SERDES,HSG0_FIB_REG17,FP_CFG_ENTXCRS,4,1
HIGH_SG_SERDES,HSG0_FIB_REG17,FP_CFG_4B5B,3,1
HIGH_SG_SERDES,HSG0_FIB_REG17,FP_CFG_FTXNRZI_EG,2,1
HIGH_SG_SERDES,HSG0_FIB_REG17,FP_CFG_ENCODEERR,1,1
HIGH_SG_SERDES,HSG0_FIB_REG17,FP_CFG_ENLINKERR,0,1
HIGH_SG_SERDES,HSG0_FIB_REG18,RESERVED,16,16
HIGH_SG_SERDES,HSG0_FIB_REG18,FB_HSG0_SPD_SET,12,4
HIGH_SG_SERDES,HSG0_FIB_REG18,FP_FIB_REG_18_1501,1,11
HIGH_SG_SERDES,HSG0_FIB_REG18,FP_CFG_SDS_SDET_OUT,0,1
HIGH_SG_SERDES,HSG0_FIB_REG19,RESERVED,16,16
HIGH_SG_SERDES,HSG0_FIB_REG19,FP_FIB_REG_19,0,16
HIGH_SG_SERDES,HSG0_FIB_REG20,RESERVED,16,16
HIGH_SG_SERDES,HSG0_FIB_REG20,FP_FIB_REG_20,0,16
HIGH_SG_SERDES,HSG0_FIB_REG21,RESERVED,16,16
HIGH_SG_SERDES,HSG0_FIB_REG21,FP_FIB_REG_21,0,16
HIGH_SG_SERDES,HSG0_FIB_REG22,RESERVED,16,16
HIGH_SG_SERDES,HSG0_FIB_REG22,FP_QSGM_TXCFG_PHY,0,16
HIGH_SG_SERDES,HSG0_FIB_REG23,RESERVED,16,16
HIGH_SG_SERDES,HSG0_FIB_REG23,FP_QSGM_TXCFG_MAC,0,16
HIGH_SG_SERDES,HSG0_FIB_REG26,RESERVED,16,16
HIGH_SG_SERDES,HSG0_FIB_REG26,FP_FIB_REG_26_1508,8,8
HIGH_SG_SERDES,HSG0_FIB_REG26,FP_P3_QSGMII_CHK_ERR,7,1
HIGH_SG_SERDES,HSG0_FIB_REG26,FP_P2_QSGMII_CHK_ERR,6,1
HIGH_SG_SERDES,HSG0_FIB_REG26,FP_P1_QSGMII_CHK_ERR,5,1
HIGH_SG_SERDES,HSG0_FIB_REG26,FP_P0_QSGMII_CHK_ERR,4,1
HIGH_SG_SERDES,HSG0_FIB_REG26,FP_PKTERR_CNT,0,4
HIGH_SG_SERDES,HSG0_FIB_REG28,RESERVED,16,16
HIGH_SG_SERDES,HSG0_FIB_REG28,FP_CFG_CONS1_MAX,12,4
HIGH_SG_SERDES,HSG0_FIB_REG28,FP_CFG_CONS0_MAX,8,4
HIGH_SG_SERDES,HSG0_FIB_REG28,FP_CFG_CNT_MIN,0,8
HIGH_SG_SERDES,HSG0_FIB_REG29,RESERVED,16,16
HIGH_SG_SERDES,HSG0_FIB_REG29,FP_CFG_AUTO_DET_ON,15,1
HIGH_SG_SERDES,HSG0_FIB_REG29,FP_CFG_TOUT_MAX,9,6
HIGH_SG_SERDES,HSG0_FIB_REG29,FP_CFG_STATE_TMR,5,4
HIGH_SG_SERDES,HSG0_FIB_REG29,FP_CFG_TEST_TMR,0,5
HIGH_SG_SERDES,HSG0_FIB_REG30,RESERVED,16,16
HIGH_SG_SERDES,HSG0_FIB_REG30,FP_FIB_REG_30_1513,13,3
HIGH_SG_SERDES,HSG0_FIB_REG30,FP_FIB100_DET,12,1
HIGH_SG_SERDES,HSG0_FIB_REG30,FP_CFG_STATMR_LEVEL,11,1
HIGH_SG_SERDES,HSG0_FIB_REG30,FP_CFG_CNTEN,10,1
HIGH_SG_SERDES,HSG0_FIB_REG30,FP_CFG_CONSEN,9,1
HIGH_SG_SERDES,HSG0_FIB_REG30,FP_CFG_STATMR_EN,8,1
HIGH_SG_SERDES,HSG0_FIB_REG30,FP_CFG_LNK_ON_TMR,0,8
HIGH_SG_SERDES,HSG0_FIB_REG31,RESERVED,16,16
HIGH_SG_SERDES,HSG0_FIB_REG31,FP_FIB_REG_31,1,15
HIGH_SG_SERDES,HSG0_FIB_REG31,FP_FIB_LP_NWAY_ABLE,0,1
HIGH_SG_SERDES,HSG0_FIB_EXT_REG0,RESERVED,16,16
HIGH_SG_SERDES,HSG0_FIB_EXT_REG0,FEP_CFG_FIB_EXT_RST,15,1
HIGH_SG_SERDES,HSG0_FIB_EXT_REG0,FEP_CFG_FIB_EXT_LPK,14,1
HIGH_SG_SERDES,HSG0_FIB_EXT_REG0,FEP_CFG_FIB_EXT_SPD_RD_00,13,1
HIGH_SG_SERDES,HSG0_FIB_EXT_REG0,FEP_CFG_FIB_EXT_ANEN,12,1
HIGH_SG_SERDES,HSG0_FIB_EXT_REG0,FEP_CFG_FIB_EXT_PDOWN,11,1
HIGH_SG_SERDES,HSG0_FIB_EXT_REG0,FEP_CFG_FIB_EXT_ISO,10,1
HIGH_SG_SERDES,HSG0_FIB_EXT_REG0,FEP_CFG_FIB_EXT_RESTART,9,1
HIGH_SG_SERDES,HSG0_FIB_EXT_REG0,FEP_CFG_FIB_EXT_FULLDUP,8,1
HIGH_SG_SERDES,HSG0_FIB_EXT_REG0,FEP_FIB_EXT_REG_00_07,7,1
HIGH_SG_SERDES,HSG0_FIB_EXT_REG0,FEP_CFG_FIB_EXT_SPD_RD_01,6,1
HIGH_SG_SERDES,HSG0_FIB_EXT_REG0,FEP_CFG_FIB_EXT_FRCTX,5,1
HIGH_SG_SERDES,HSG0_FIB_EXT_REG0,FEP_FIB_EXT_REG_00_0400,0,5
HIGH_SG_SERDES,HSG0_FIB_EXT_REG1,RESERVED,16,16
HIGH_SG_SERDES,HSG0_FIB_EXT_REG1,FEP_CFG_FIB_EXT_CAPBILITY,6,10
HIGH_SG_SERDES,HSG0_FIB_EXT_REG1,FEP_CFG_FIB_EXT_AN_COMPLETE,5,1
HIGH_SG_SERDES,HSG0_FIB_EXT_REG1,FEP_CFG_FIB_EXT_R_FAULT,4,1
HIGH_SG_SERDES,HSG0_FIB_EXT_REG1,FEP_CFG_FIB_EXT_NWAY_ABILITY,3,1
HIGH_SG_SERDES,HSG0_FIB_EXT_REG1,FEP_CFG_FIB_EXT_LINK_STATUS,2,1
HIGH_SG_SERDES,HSG0_FIB_EXT_REG1,FEP_CFG_FIB_EXT_JABBER_DETECT,1,1
HIGH_SG_SERDES,HSG0_FIB_EXT_REG1,FEP_CFG_FIB_EXT_EXTENDED_CAPBILITY,0,1
HIGH_SG_SERDES,HSG0_FIB_EXT_REG2,RESERVED,16,16
HIGH_SG_SERDES,HSG0_FIB_EXT_REG2,FEP_CFG_FIB_EXT_REALTEK_OUI_2106,0,16
HIGH_SG_SERDES,HSG0_FIB_EXT_REG3,RESERVED,16,16
HIGH_SG_SERDES,HSG0_FIB_EXT_REG3,FEP_CFG_FIB_EXT_REALTEK_OUI_0500,10,6
HIGH_SG_SERDES,HSG0_FIB_EXT_REG3,FEP_CFG_FIB_EXT_MODEL_NO_0500,4,6
HIGH_SG_SERDES,HSG0_FIB_EXT_REG3,FEP_CFG_FIB_EXT_REVISION_NO_0300,0,4
HIGH_SG_SERDES,HSG0_FIB_EXT_REG4,RESERVED,16,16
HIGH_SG_SERDES,HSG0_FIB_EXT_REG4,FEP_CFG_FIB_EXT_TX_CFG_REG,0,16
HIGH_SG_SERDES,HSG0_FIB_EXT_REG5,RESERVED,16,16
HIGH_SG_SERDES,HSG0_FIB_EXT_REG5,FEP_CFG_FIB_EXT_RX_CFG_REG,0,16
HIGH_SG_SERDES,HSG0_FIB_EXT_REG6,RESERVED,16,16
HIGH_SG_SERDES,HSG0_FIB_EXT_REG6,FEP_FIB_EXT_REG_06_1503,3,13
HIGH_SG_SERDES,HSG0_FIB_EXT_REG6,FEP_CFG_FIB_EXT_FIB_NP_EN,2,1
HIGH_SG_SERDES,HSG0_FIB_EXT_REG6,FEP_CFG_FIB_EXT_RXPAGE,1,1
HIGH_SG_SERDES,HSG0_FIB_EXT_REG6,FEP_FIB_EXT_REG_06_00,0,1
HIGH_SG_SERDES,HSG0_FIB_EXT_REG7,RESERVED,16,16
HIGH_SG_SERDES,HSG0_FIB_EXT_REG7,FEP_CFG_FIB_EXT_MR_NP_TX,0,16
HIGH_SG_SERDES,HSG0_FIB_EXT_REG8,RESERVED,16,16
HIGH_SG_SERDES,HSG0_FIB_EXT_REG8,FEP_CFG_FIB_EXT_MR_NP_RX,0,16
HIGH_SG_SERDES,HSG0_FIB_EXT_REG13,RESERVED,16,16
HIGH_SG_SERDES,HSG0_FIB_EXT_REG13,FEP_CFG_FIB_EXT_INDR_FUNC,14,2
HIGH_SG_SERDES,HSG0_FIB_EXT_REG13,FEP_FIB_EXT_REG_13_1305,5,9
HIGH_SG_SERDES,HSG0_FIB_EXT_REG13,FEP_CFG_FIB_EXT_INDR_DEVAD,0,5
HIGH_SG_SERDES,HSG0_FIB_EXT_REG14,RESERVED,16,16
HIGH_SG_SERDES,HSG0_FIB_EXT_REG14,FEP_CFG_FIB_EXT_MMDRDBUS,0,16
HIGH_SG_SERDES,HSG0_FIB_EXT_REG15,RESERVED,16,16
HIGH_SG_SERDES,HSG0_FIB_EXT_REG15,FEP_FIB_EXT_REG_15,0,16
HIGH_SG_SERDES,HSG0_FIB_EXT_REG16,RESERVED,16,16
HIGH_SG_SERDES,HSG0_FIB_EXT_REG16,FEP_FIB_EXT_REG_16_15,15,1
HIGH_SG_SERDES,HSG0_FIB_EXT_REG16,FEP_CFG_EEE_RSG_FIB1G,14,1
HIGH_SG_SERDES,HSG0_FIB_EXT_REG16,FEP_CFG_EEE_STD_FIB1G,13,1
HIGH_SG_SERDES,HSG0_FIB_EXT_REG16,FEP_CFG_C1_PWRSAV_EN_FIB1G,12,1
HIGH_SG_SERDES,HSG0_FIB_EXT_REG16,FEP_CFG_C2_PWRSAV_EN_FIB1G,11,1
HIGH_SG_SERDES,HSG0_FIB_EXT_REG16,FEP_CFG_EEE_QUIET_FIB1G,10,1
HIGH_SG_SERDES,HSG0_FIB_EXT_REG16,FEP_CFG_EEE_RSG_QSG,9,1
HIGH_SG_SERDES,HSG0_FIB_EXT_REG16,FEP_CFG_EEE_STD_QSG,8,1
HIGH_SG_SERDES,HSG0_FIB_EXT_REG16,FEP_CFG_C1_PWRSAV_EN_QSG,7,1
HIGH_SG_SERDES,HSG0_FIB_EXT_REG16,FEP_CFG_C2_PWRSAV_EN_QSG,6,1
HIGH_SG_SERDES,HSG0_FIB_EXT_REG16,FEP_CFG_EEE_QUIET_QSG,5,1
HIGH_SG_SERDES,HSG0_FIB_EXT_REG16,FEP_CFG_EEE_RSG_RSGP,4,1
HIGH_SG_SERDES,HSG0_FIB_EXT_REG16,FEP_CFG_EEE_STD_RSGP,3,1
HIGH_SG_SERDES,HSG0_FIB_EXT_REG16,FEP_CFG_C1_PWRSAV_EN_RSGP,2,1
HIGH_SG_SERDES,HSG0_FIB_EXT_REG16,FEP_CFG_C2_PWRSAV_EN_RSGP,1,1
HIGH_SG_SERDES,HSG0_FIB_EXT_REG16,FEP_CFG_EEE_QUIET_RSGP,0,1
HIGH_SG_SERDES,HSG0_FIB_EXT_REG17,RESERVED,16,16
HIGH_SG_SERDES,HSG0_FIB_EXT_REG17,FEP_FIB_EXT_REG_17_1506,6,10
HIGH_SG_SERDES,HSG0_FIB_EXT_REG17,FEP_CFG_FIB_EXT_CFG_EEE_PWRSAV_EN,5,1
HIGH_SG_SERDES,HSG0_FIB_EXT_REG17,FEP_CFG_EEE_RSG_FIB100,4,1
HIGH_SG_SERDES,HSG0_FIB_EXT_REG17,FEP_CFG_EEE_STD_FIB100,3,1
HIGH_SG_SERDES,HSG0_FIB_EXT_REG17,FEP_CFG_C1_PWRSAV_EN_FIB100,2,1
HIGH_SG_SERDES,HSG0_FIB_EXT_REG17,FEP_CFG_C2_PWRSAV_EN_FIB100,1,1
HIGH_SG_SERDES,HSG0_FIB_EXT_REG17,FEP_CFG_EEE_QUIET_FIB100,0,1
HIGH_SG_SERDES,HSG0_FIB_EXT_REG18,RESERVED,16,16
HIGH_SG_SERDES,HSG0_FIB_EXT_REG18,FEP_FIB_EXT_REG_18_1509,9,7
HIGH_SG_SERDES,HSG0_FIB_EXT_REG18,FEP_CFG_TX_TR_TIMER,6,3
HIGH_SG_SERDES,HSG0_FIB_EXT_REG18,FEP_CFG_TX_TQ_TIMER,3,3
HIGH_SG_SERDES,HSG0_FIB_EXT_REG18,FEP_CFG_TX_TS_TIMER,0,3
HIGH_SG_SERDES,HSG0_FIB_EXT_REG19,RESERVED,16,16
HIGH_SG_SERDES,HSG0_FIB_EXT_REG19,FEP_CFG_TX_MODE,14,2
HIGH_SG_SERDES,HSG0_FIB_EXT_REG19,FEP_CFG_DET_IDLE32_DIS,13,1
HIGH_SG_SERDES,HSG0_FIB_EXT_REG19,FEP_CFG_DET_CG_DIS,12,1
HIGH_SG_SERDES,HSG0_FIB_EXT_REG19,FEP_FIB_EXT_REG_19_11,11,1
HIGH_SG_SERDES,HSG0_FIB_EXT_REG19,FEP_CFG_RX_TS_TIMER,9,2
HIGH_SG_SERDES,HSG0_FIB_EXT_REG19,FEP_CFG_RX_WF_TIMER,6,3
HIGH_SG_SERDES,HSG0_FIB_EXT_REG19,FEP_CFG_RX_TW_TIMER,3,3
HIGH_SG_SERDES,HSG0_FIB_EXT_REG19,FEP_CFG_RX_TQ_TIMER,0,3
HIGH_SG_SERDES,HSG0_FIB_EXT_REG20,RESERVED,16,16
HIGH_SG_SERDES,HSG0_FIB_EXT_REG20,FEP_CFG_SFD_SEL,15,1
HIGH_SG_SERDES,HSG0_FIB_EXT_REG20,FEP_CFG_IDLE_SEL,14,1
HIGH_SG_SERDES,HSG0_FIB_EXT_REG20,FEP_CFG_CG_SEL,13,1
HIGH_SG_SERDES,HSG0_FIB_EXT_REG20,FEP_CFG_IDLE32_CNT,8,5
HIGH_SG_SERDES,HSG0_FIB_EXT_REG20,FEP_CFG_IDLE_CNT,4,4
HIGH_SG_SERDES,HSG0_FIB_EXT_REG20,FEP_CFG_CG_CNT,0,4
HIGH_SG_SERDES,HSG0_FIB_EXT_REG21,RESERVED,16,16
HIGH_SG_SERDES,HSG0_FIB_EXT_REG21,FEP_TX_EN_FIB1G,15,1
HIGH_SG_SERDES,HSG0_FIB_EXT_REG21,FEP_TX_DATA_EN,14,1
HIGH_SG_SERDES,HSG0_FIB_EXT_REG21,FEP_V2ANALOG,13,1
HIGH_SG_SERDES,HSG0_FIB_EXT_REG21,FEP_FIB_EXT_REG_21_1204,4,9
HIGH_SG_SERDES,HSG0_FIB_EXT_REG21,FEP_DET_EPON,3,1
HIGH_SG_SERDES,HSG0_FIB_EXT_REG21,FEP_DET_IDLE32,2,1
HIGH_SG_SERDES,HSG0_FIB_EXT_REG21,FEP_DET_IDLE,1,1
HIGH_SG_SERDES,HSG0_FIB_EXT_REG21,FEP_DET_CG,0,1
HIGH_SG_SERDES,HSG0_FIB_EXT_REG22,RESERVED,16,16
HIGH_SG_SERDES,HSG0_FIB_EXT_REG22,FEP_CFG_EPON_INTEN,15,1
HIGH_SG_SERDES,HSG0_FIB_EXT_REG22,FEP_CFG_LINK_ON_INTEN,14,1
HIGH_SG_SERDES,HSG0_FIB_EXT_REG22,FEP_CFG_LINK_DN_INTEN,13,1
HIGH_SG_SERDES,HSG0_FIB_EXT_REG22,FEP_FIB_EXT_REG_22_1203,3,10
HIGH_SG_SERDES,HSG0_FIB_EXT_REG22,FEP_SDS_LINK_DN_INT,2,1
HIGH_SG_SERDES,HSG0_FIB_EXT_REG22,FEP_DET_EPON_INT,1,1
HIGH_SG_SERDES,HSG0_FIB_EXT_REG22,FEP_SDS_LINK_ON_INT,0,1
HIGH_SG_SERDES,HSG0_FIB_EXT_REG23,RESERVED,16,16
HIGH_SG_SERDES,HSG0_FIB_EXT_REG23,FEP_FIB_EXT_REG_23_15,15,1
HIGH_SG_SERDES,HSG0_FIB_EXT_REG23,FEP_CFG_FRC_CLEAR_ALL,14,1
HIGH_SG_SERDES,HSG0_FIB_EXT_REG23,FEP_CFG_DIS_AN_OK_NEG,13,1
HIGH_SG_SERDES,HSG0_FIB_EXT_REG23,FEP_CFG_DIS_AN_OK_POS,12,1
HIGH_SG_SERDES,HSG0_FIB_EXT_REG23,FEP_CFG_DIS_SYNC_OK_NEG,11,1
HIGH_SG_SERDES,HSG0_FIB_EXT_REG23,FEP_CFG_DIS_SYNC_OK_POS,10,1
HIGH_SG_SERDES,HSG0_FIB_EXT_REG23,FEP_CFG_LINK_OK_SEL,8,2
HIGH_SG_SERDES,HSG0_FIB_EXT_REG23,FEP_CFG_SILENT_PROB_SEL,4,4
HIGH_SG_SERDES,HSG0_FIB_EXT_REG23,FEP_CFG_LINK_SEL,3,1
HIGH_SG_SERDES,HSG0_FIB_EXT_REG23,FEP_CFG_EEEP_ENB,2,1
HIGH_SG_SERDES,HSG0_FIB_EXT_REG23,FEP_CFG_EEEP_LINK_ENB,1,1
HIGH_SG_SERDES,HSG0_FIB_EXT_REG23,FEP_FIB_EXT_REG_23_00,0,1
HIGH_SG_SERDES,HSG0_FIB_EXT_REG24,RESERVED,16,16
HIGH_SG_SERDES,HSG0_FIB_EXT_REG24,FEP_AN_ST,12,4
HIGH_SG_SERDES,HSG0_FIB_EXT_REG24,FEP_FIB_EXT_REG_24_1109,9,3
HIGH_SG_SERDES,HSG0_FIB_EXT_REG24,FEP_CMPLY_NXP,8,1
HIGH_SG_SERDES,HSG0_FIB_EXT_REG24,FEP_FIB_EXT_REG_24_07,7,1
HIGH_SG_SERDES,HSG0_FIB_EXT_REG24,FEP_NP_RX_CNT,4,3
HIGH_SG_SERDES,HSG0_FIB_EXT_REG24,FEP_FIB_EXT_REG_24_03,3,1
HIGH_SG_SERDES,HSG0_FIB_EXT_REG24,FEP_NP_TX_CNT,0,3
HIGH_SG_SERDES,HSG0_FIB_EXT_REG25,RESERVED,16,16
HIGH_SG_SERDES,HSG0_FIB_EXT_REG25,FEP_INVLD_CNT_DN_FLAG,15,1
HIGH_SG_SERDES,HSG0_FIB_EXT_REG25,FEP_INVLD_CNT_4RD_BIT16,14,1
HIGH_SG_SERDES,HSG0_FIB_EXT_REG25,FEP_CFG_MD_FIB100_SEL,13,1
HIGH_SG_SERDES,HSG0_FIB_EXT_REG25,FEP_CFG_RPS_EN_1,12,1
HIGH_SG_SERDES,HSG0_FIB_EXT_REG25,FEP_CFG_DBG_FIB100_SEL,7,5
HIGH_SG_SERDES,HSG0_FIB_EXT_REG25,FEP_CFG_CLR_INVLD_CNT_DN_FLAG,6,1
HIGH_SG_SERDES,HSG0_FIB_EXT_REG25,FEP_CFG_CLR_INVLD_CNT_4RD,5,1
HIGH_SG_SERDES,HSG0_FIB_EXT_REG25,FEP_CFG_CLR_INVLD_CNT_MAX,4,1
HIGH_SG_SERDES,HSG0_FIB_EXT_REG25,FEP_CFG_CLR_INVLD_CNT,3,1
HIGH_SG_SERDES,HSG0_FIB_EXT_REG25,FEP_CFG_CLR_INVLD_ALL,2,1
HIGH_SG_SERDES,HSG0_FIB_EXT_REG25,FEP_CFG_INVLD_LDN_EN,1,1
HIGH_SG_SERDES,HSG0_FIB_EXT_REG25,FEP_CFG_RPS_EN,0,1
HIGH_SG_SERDES,HSG0_FIB_EXT_REG26,RESERVED,16,16
HIGH_SG_SERDES,HSG0_FIB_EXT_REG26,FEP_CFG_INVDL_CNT_DN,0,16
HIGH_SG_SERDES,HSG0_FIB_EXT_REG27,RESERVED,16,16
HIGH_SG_SERDES,HSG0_FIB_EXT_REG27,FEP_FIB_EXT_REG_27_1504,4,12
HIGH_SG_SERDES,HSG0_FIB_EXT_REG27,FEP_CFG_FRC_RPS_SEL,2,2
HIGH_SG_SERDES,HSG0_FIB_EXT_REG27,FEP_CFG_FRC_FPS_SEL,0,2
HIGH_SG_SERDES,HSG0_FIB_EXT_REG28,RESERVED,16,16
HIGH_SG_SERDES,HSG0_FIB_EXT_REG28,FEP_INVLD_CNT_4RD,0,16
HIGH_SG_SERDES,HSG0_FIB_EXT_REG29,RESERVED,16,16
HIGH_SG_SERDES,HSG0_FIB_EXT_REG29,FEP_INVLD_CNT_MAX,0,16
HIGH_SG_SERDES,HSG0_FIB_EXT_REG30,RESERVED,16,16
HIGH_SG_SERDES,HSG0_FIB_EXT_REG30,FEP_FIB_EXT_REG_30,0,16
HIGH_SG_SERDES,HSG0_FIB_EXT_REG31,RESERVED,16,16
HIGH_SG_SERDES,HSG0_FIB_EXT_REG31,FEP_FIB_EXT_REG_31,1,15
HIGH_SG_SERDES,HSG0_FIB_EXT_REG31,FEP_FIB_EXT_LP_NWAY_ABLE,0,1
HIGH_SG_SERDES,WSDS_HSG1_ANA_00,RESERVED,4,28
HIGH_SG_SERDES,WSDS_HSG1_ANA_00,CFG_MDIO_RSTB,3,1
HIGH_SG_SERDES,WSDS_HSG1_ANA_00,CFG_RCV_DETECT,2,1
HIGH_SG_SERDES,WSDS_HSG1_ANA_00,CFG_TXBEACON,1,1
HIGH_SG_SERDES,WSDS_HSG1_ANA_00,CFG_RSTB_BITERR_INV,0,1
HIGH_SG_SERDES,WSDS_HSG1_ANA_01,DMY0,0,32
HIGH_SG_SERDES,WSDS_HSG1_ANA_02,DMY1,0,32
HIGH_SG_SERDES,WSDS_HSG1_ANA_03,RESERVED,16,16
HIGH_SG_SERDES,WSDS_HSG1_ANA_03,REG_ANA_RSV_0,0,16
HIGH_SG_SERDES,WSDS_HSG1_ANA_04,RESERVED,16,16
HIGH_SG_SERDES,WSDS_HSG1_ANA_04,REG_ANA_RSV_1,0,16
HIGH_SG_SERDES,WSDS_HSG1_ANA_05,RESERVED,16,16
HIGH_SG_SERDES,WSDS_HSG1_ANA_05,REG_ANA_RSV_2,0,16
HIGH_SG_SERDES,WSDS_HSG1_ANA_06,RESERVED,16,16
HIGH_SG_SERDES,WSDS_HSG1_ANA_06,REG_ANA_RSV_3,0,16
HIGH_SG_SERDES,WSDS_HSG1_ANA_07,RESERVED,16,16
HIGH_SG_SERDES,WSDS_HSG1_ANA_07,REG_ANA_RSV_4,0,16
HIGH_SG_SERDES,WSDS_HSG1_ANA_08,RESERVED,16,16
HIGH_SG_SERDES,WSDS_HSG1_ANA_08,REG_ANA_RSV_5,0,16
HIGH_SG_SERDES,WSDS_HSG1_ANA_09,RESERVED,16,16
HIGH_SG_SERDES,WSDS_HSG1_ANA_09,CFG_ANA_DMYRD_0,0,16
HIGH_SG_SERDES,WSDS_HSG1_ANA_0A,RESERVED,16,16
HIGH_SG_SERDES,WSDS_HSG1_ANA_0A,CFG_ANA_DMYRD_1,0,16
HIGH_SG_SERDES,WSDS_HSG1_ANA_0B,RESERVED,16,16
HIGH_SG_SERDES,WSDS_HSG1_ANA_0B,CFG_ANA_DMYRD_2,0,16
HIGH_SG_SERDES,WSDS_HSG1_DIG_00,RESERVED,16,16
HIGH_SG_SERDES,WSDS_HSG1_DIG_00,CFG_IND_TMOUT,0,16
HIGH_SG_SERDES,WSDS_HSG1_DIG_01,RESERVED,16,16
HIGH_SG_SERDES,WSDS_HSG1_DIG_01,CFG_SDS_MDX_REQ,15,1
HIGH_SG_SERDES,WSDS_HSG1_DIG_01,CFG_SDS_MDX_WR,14,1
HIGH_SG_SERDES,WSDS_HSG1_DIG_01,RESERVED,13,1
HIGH_SG_SERDES,WSDS_HSG1_DIG_01,CFG_SDS_MDX_PHYAD,8,5
HIGH_SG_SERDES,WSDS_HSG1_DIG_01,RESERVED,5,3
HIGH_SG_SERDES,WSDS_HSG1_DIG_01,CFG_SDS_MDX_REGAD,0,5
HIGH_SG_SERDES,WSDS_HSG1_DIG_02,RESERVED,16,16
HIGH_SG_SERDES,WSDS_HSG1_DIG_02,CFG_SDS_MDX_DATA,0,16
HIGH_SG_SERDES,WSDS_HSG1_DIG_03,RESERVED,10,22
HIGH_SG_SERDES,WSDS_HSG1_DIG_03,CFG_SDS_MDX_PRD,0,10
HIGH_SG_SERDES,WSDS_HSG1_DIG_04,CFG_DMY_RD_0,16,16
HIGH_SG_SERDES,WSDS_HSG1_DIG_04,CFG_DMY_RW_0,0,16
HIGH_SG_SERDES,HSG1_SDS_REG0,RESERVED,16,16
HIGH_SG_SERDES,HSG1_SDS_REG0,SP_DIS_RENWAY,15,1
HIGH_SG_SERDES,HSG1_SDS_REG0,SP_BYP_8B10B,14,1
HIGH_SG_SERDES,HSG1_SDS_REG0,SP_CDET,12,2
HIGH_SG_SERDES,HSG1_SDS_REG0,SP_DIS_TMR_CMA,11,1
HIGH_SG_SERDES,HSG1_SDS_REG0,SP_DIS_APX,10,1
HIGH_SG_SERDES,HSG1_SDS_REG0,SP_INV_HSI,9,1
HIGH_SG_SERDES,HSG1_SDS_REG0,SP_INV_HSO,8,1
HIGH_SG_SERDES,HSG1_SDS_REG0,SP_SDS_SDET_DEG,6,2
HIGH_SG_SERDES,HSG1_SDS_REG0,SP_CFG_AFE_FEC_LPK,5,1
HIGH_SG_SERDES,HSG1_SDS_REG0,SP_CFG_DIG_LPK,4,1
HIGH_SG_SERDES,HSG1_SDS_REG0,SP_CFG_REM_LPK,3,1
HIGH_SG_SERDES,HSG1_SDS_REG0,SP_SDS_TX_DOWN,2,1
HIGH_SG_SERDES,HSG1_SDS_REG0,SP_SDS_EN_RX,1,1
HIGH_SG_SERDES,HSG1_SDS_REG0,SP_SDS_EN_TX,0,1
HIGH_SG_SERDES,HSG1_SDS_REG1,RESERVED,16,16
HIGH_SG_SERDES,HSG1_SDS_REG1,SP_CFG_PTR_ERR_EN,15,1
HIGH_SG_SERDES,HSG1_SDS_REG1,SP_CFG_AUTO_10BIT,14,1
HIGH_SG_SERDES,HSG1_SDS_REG1,SP_CFG_FULL_ACK2,13,1
HIGH_SG_SERDES,HSG1_SDS_REG1,SP_CFG_NXP_EN,12,1
HIGH_SG_SERDES,HSG1_SDS_REG1,SP_SDS_FRC_RX,8,4
HIGH_SG_SERDES,HSG1_SDS_REG1,SP_CFG_HSG1_RTIG,7,1
HIGH_SG_SERDES,HSG1_SDS_REG1,SP_CFG_XSG,6,1
HIGH_SG_SERDES,HSG1_SDS_REG1,SP_CFG_FRC_DWSPD,5,1
HIGH_SG_SERDES,HSG1_SDS_REG1,SP_CFG_DIS_8B10B_PWR_OPT,4,1
HIGH_SG_SERDES,HSG1_SDS_REG1,SP_SDS_FRC_TX,0,4
HIGH_SG_SERDES,HSG1_SDS_REG2,RESERVED,16,16
HIGH_SG_SERDES,HSG1_SDS_REG2,SP_FRC_PREAMBLE,14,2
HIGH_SG_SERDES,HSG1_SDS_REG2,SP_FRC_IPG,12,2
HIGH_SG_SERDES,HSG1_SDS_REG2,SP_FRC_CGGOOD,10,2
HIGH_SG_SERDES,HSG1_SDS_REG2,SP_SDS_FRC_AN,8,2
HIGH_SG_SERDES,HSG1_SDS_REG2,SP_CFG_INS_IPG_MDY,7,1
HIGH_SG_SERDES,HSG1_SDS_REG2,SP_CFG_RDS_CMA_DET,6,1
HIGH_SG_SERDES,HSG1_SDS_REG2,SP_CFG_SEL_TMR_LIM,4,2
HIGH_SG_SERDES,HSG1_SDS_REG2,SP_SDS_RESTART_AN,0,4
HIGH_SG_SERDES,HSG1_SDS_REG3,RESERVED,16,16
HIGH_SG_SERDES,HSG1_SDS_REG3,SP_WR_SOFT_RSTB,15,1
HIGH_SG_SERDES,HSG1_SDS_REG3,SP_USE_25M_CLK,14,1
HIGH_SG_SERDES,HSG1_SDS_REG3,SP_MARK_CARR_EXT,13,1
HIGH_SG_SERDES,HSG1_SDS_REG3,SP_SEL_DEG,12,1
HIGH_SG_SERDES,HSG1_SDS_REG3,SP_REG_CALIB_OK_CNT,8,4
HIGH_SG_SERDES,HSG1_SDS_REG3,SP_EXT_PWR_CTL,7,1
HIGH_SG_SERDES,HSG1_SDS_REG3,SP_SOFT_RST,6,1
HIGH_SG_SERDES,HSG1_SDS_REG3,SP_CLR_SOFT_RSTB,5,1
HIGH_SG_SERDES,HSG1_SDS_REG3,SP_CMA_RQ,0,5
HIGH_SG_SERDES,HSG1_SDS_REG4,RESERVED,16,16
HIGH_SG_SERDES,HSG1_SDS_REG4,SP_CFG_FRC_SDS_MODE,13,3
HIGH_SG_SERDES,HSG1_SDS_REG4,SP_CFG_FRC_SDS_MODE_EN,12,1
HIGH_SG_SERDES,HSG1_SDS_REG4,SP_CFG_UPD_RXD,8,4
HIGH_SG_SERDES,HSG1_SDS_REG4,SP_CFG_UPD_TXD,4,4
HIGH_SG_SERDES,HSG1_SDS_REG4,SP_CFG_UPD_RXD_DYN,3,1
HIGH_SG_SERDES,HSG1_SDS_REG4,SP_CFG_EN_LINK_FIB1G,2,1
HIGH_SG_SERDES,HSG1_SDS_REG4,SP_CFG_EN_LINK_SGM,1,1
HIGH_SG_SERDES,HSG1_SDS_REG4,SP_CFG_SGM_CK_SEL,0,1
HIGH_SG_SERDES,HSG1_SDS_REG5,RESERVED,16,16
HIGH_SG_SERDES,HSG1_SDS_REG5,SP_LPI_TRANSMIT_STYLE,15,1
HIGH_SG_SERDES,HSG1_SDS_REG5,SP_PWRSV_INB_PERIOD,12,3
HIGH_SG_SERDES,HSG1_SDS_REG5,SP_PWRSV_WAKEUP_C2,11,1
HIGH_SG_SERDES,HSG1_SDS_REG5,SP_PWRSV_WAKEUP_C1,10,1
HIGH_SG_SERDES,HSG1_SDS_REG5,SP_CFG_MARK_CARR_EXT_ERR,9,1
HIGH_SG_SERDES,HSG1_SDS_REG5,SP_REG_PCSREQ_POS,8,1
HIGH_SG_SERDES,HSG1_SDS_REG5,SP_CFG_INBTOUT_LEVEL,7,1
HIGH_SG_SERDES,HSG1_SDS_REG5,SP_CFG_SUDINB,6,1
HIGH_SG_SERDES,HSG1_SDS_REG5,SP_CFG_PCSRDABT_LD,5,1
HIGH_SG_SERDES,HSG1_SDS_REG5,SP_CFG_AN_UZ,4,1
HIGH_SG_SERDES,HSG1_SDS_REG5,SP_CFG_INBAND_EN,0,4
HIGH_SG_SERDES,HSG1_SDS_REG6,RESERVED,16,16
HIGH_SG_SERDES,HSG1_SDS_REG6,SP_CFG_NO_GIGA_SCM,15,1
HIGH_SG_SERDES,HSG1_SDS_REG6,SP_CFG_RE_SYNC_STYLE,14,1
HIGH_SG_SERDES,HSG1_SDS_REG6,SP_CFG_SYNC_GAT,13,1
HIGH_SG_SERDES,HSG1_SDS_REG6,SP_CFG_BYPSCR_XSG,12,1
HIGH_SG_SERDES,HSG1_SDS_REG6,SP_RX_BYPSCR,8,4
HIGH_SG_SERDES,HSG1_SDS_REG6,SP_CFG_SLP_RQ,4,4
HIGH_SG_SERDES,HSG1_SDS_REG6,SP_TX_BYPSCR,0,4
HIGH_SG_SERDES,HSG1_SDS_REG7,RESERVED,16,16
HIGH_SG_SERDES,HSG1_SDS_REG7,SP_CFG_8B10B_NO_CREXT,15,1
HIGH_SG_SERDES,HSG1_SDS_REG7,SP_CFG_NEG_CLKWR_A2D,14,1
HIGH_SG_SERDES,HSG1_SDS_REG7,SP_CFG_MIIXF_TS1K,13,1
HIGH_SG_SERDES,HSG1_SDS_REG7,SP_CFG_DLY_PRE8,12,1
HIGH_SG_SERDES,HSG1_SDS_REG7,SP_CFG_GRXD_SEL,11,1
HIGH_SG_SERDES,HSG1_SDS_REG7,SP_CFG_LPI_CMD_MII,10,1
HIGH_SG_SERDES,HSG1_SDS_REG7,SP_CFG_MARK_RXSCR_ERR,9,1
HIGH_SG_SERDES,HSG1_SDS_REG7,SP_CFG_MARK_TXSCR_ERR,8,1
HIGH_SG_SERDES,HSG1_SDS_REG7,SP_BYP_START,4,4
HIGH_SG_SERDES,HSG1_SDS_REG7,SP_BYP_END,0,4
HIGH_SG_SERDES,HSG1_SDS_REG8,RESERVED,16,16
HIGH_SG_SERDES,HSG1_SDS_REG8,SP_CFG_EEE_PWRSAV_EN,15,1
HIGH_SG_SERDES,HSG1_SDS_REG8,SP_REG_EEE_SDS_AN,14,1
HIGH_SG_SERDES,HSG1_SDS_REG8,SP_REG_C3_TIMER,11,3
HIGH_SG_SERDES,HSG1_SDS_REG8,SP_REG_C2_TIMER,8,3
HIGH_SG_SERDES,HSG1_SDS_REG8,SP_REG_C1_TIMER,5,3
HIGH_SG_SERDES,HSG1_SDS_REG8,SP_REG_C0_TIMER,2,3
HIGH_SG_SERDES,HSG1_SDS_REG8,SP_CFG_MAC_C1_CHG_RESTC3,1,1
HIGH_SG_SERDES,HSG1_SDS_REG8,SP_CFG_PHY_GO_C1_COND_SPC,0,1
HIGH_SG_SERDES,HSG1_SDS_REG9,RESERVED,16,16
HIGH_SG_SERDES,HSG1_SDS_REG9,SP_CFG_EEE_PROGRAM_0,0,16
HIGH_SG_SERDES,HSG1_SDS_REG10,RESERVED,16,16
HIGH_SG_SERDES,HSG1_SDS_REG10,SP_CFG_EEE_NEW,15,1
HIGH_SG_SERDES,HSG1_SDS_REG10,SP_CFG_ICG_GTCK,14,1
HIGH_SG_SERDES,HSG1_SDS_REG10,SP_CFG_ICG_GRCK,13,1
HIGH_SG_SERDES,HSG1_SDS_REG10,SP_CFG_SEL2_CALIBOK,12,1
HIGH_SG_SERDES,HSG1_SDS_REG10,SP_QSGMII_NO_DILE2,11,1
HIGH_SG_SERDES,HSG1_SDS_REG10,SP_QSGMII_EEE_SEL,10,1
HIGH_SG_SERDES,HSG1_SDS_REG10,SP_QSGMII_LPI_TX_EN,9,1
HIGH_SG_SERDES,HSG1_SDS_REG10,SP_QSGMII_LPI_RX_EN,8,1
HIGH_SG_SERDES,HSG1_SDS_REG10,SP_QSGMII_INB_EN,7,1
HIGH_SG_SERDES,HSG1_SDS_REG10,SP_QSGMII_RXER_SEL,6,1
HIGH_SG_SERDES,HSG1_SDS_REG10,SP_CFG_FAST_TIMER,4,2
HIGH_SG_SERDES,HSG1_SDS_REG10,SP_EEE_LINK_FASTER,0,4
HIGH_SG_SERDES,HSG1_SDS_REG11,RESERVED,16,16
HIGH_SG_SERDES,HSG1_SDS_REG11,SP_CFG_EEE_DBG_CNT,0,16
HIGH_SG_SERDES,HSG1_SDS_REG12,RESERVED,16,16
HIGH_SG_SERDES,HSG1_SDS_REG12,SP_CFG_INB_TIMEOUT,8,8
HIGH_SG_SERDES,HSG1_SDS_REG12,SP_ABILITY,4,4
HIGH_SG_SERDES,HSG1_SDS_REG12,SP_CFG_AFE_40B,3,1
HIGH_SG_SERDES,HSG1_SDS_REG12,SP_SD_DET_ALGOR,2,1
HIGH_SG_SERDES,HSG1_SDS_REG12,SP_AUTO_DET_ALGOR,1,1
HIGH_SG_SERDES,HSG1_SDS_REG12,SP_SEND_NP_ON,0,1
HIGH_SG_SERDES,HSG1_SDS_REG13,RESERVED,16,16
HIGH_SG_SERDES,HSG1_SDS_REG13,SP_SDS_LK_TIME,8,8
HIGH_SG_SERDES,HSG1_SDS_REG13,SP_CFG_F100_LKON_CNT,4,4
HIGH_SG_SERDES,HSG1_SDS_REG13,SP_CFG_APXT_TMP32,2,2
HIGH_SG_SERDES,HSG1_SDS_REG13,SP_CFG_REDET_F100,1,1
HIGH_SG_SERDES,HSG1_SDS_REG13,SP_CFG_APXT_TMP0,0,1
HIGH_SG_SERDES,HSG1_SDS_REG14,RESERVED,16,16
HIGH_SG_SERDES,HSG1_SDS_REG14,SP_CFG_SPDUP,15,1
HIGH_SG_SERDES,HSG1_SDS_REG14,SP_CFG_SPDUP_FIB100,14,1
HIGH_SG_SERDES,HSG1_SDS_REG14,SP_CFG_RXSLEEP_TMROUT,13,1
HIGH_SG_SERDES,HSG1_SDS_REG14,SP_SEL_CALIBOK,12,1
HIGH_SG_SERDES,HSG1_SDS_REG14,SP_SEL_SDET,11,1
HIGH_SG_SERDES,HSG1_SDS_REG14,SP_SEL_ANOK,10,1
HIGH_SG_SERDES,HSG1_SDS_REG14,SP_CFG_SEL_ODD_BIT,9,1
HIGH_SG_SERDES,HSG1_SDS_REG14,SP_CFG_FRC_LD_VALUE,8,1
HIGH_SG_SERDES,HSG1_SDS_REG14,SP_CFG_FRC_LD,7,1
HIGH_SG_SERDES,HSG1_SDS_REG14,SP_CFG_SGMI_CK1MS_EN,6,1
HIGH_SG_SERDES,HSG1_SDS_REG14,SP_CFG_LINK_TMR_SGMII_SEL,3,3
HIGH_SG_SERDES,HSG1_SDS_REG14,SP_CFG_LINK_TMR_NORM_SEL,0,3
HIGH_SG_SERDES,HSG1_SDS_REG15,RESERVED,16,16
HIGH_SG_SERDES,HSG1_SDS_REG15,SP_CFG_INBAND_MASTER_0,0,16
HIGH_SG_SERDES,HSG1_SDS_REG16,RESERVED,16,16
HIGH_SG_SERDES,HSG1_SDS_REG16,SP_CFG_INBAND_MASTER_1,0,16
HIGH_SG_SERDES,HSG1_SDS_REG17,RESERVED,16,16
HIGH_SG_SERDES,HSG1_SDS_REG17,SP_MACRDVLD,15,1
HIGH_SG_SERDES,HSG1_SDS_REG17,SP_MACRDABT,14,1
HIGH_SG_SERDES,HSG1_SDS_REG17,SP_CFG_INBAND_MASTER_2,0,14
HIGH_SG_SERDES,HSG1_SDS_REG18,RESERVED,16,16
HIGH_SG_SERDES,HSG1_SDS_REG18,SP_CFG_RSGP_TXCFG_PHY,0,16
HIGH_SG_SERDES,HSG1_SDS_REG19,RESERVED,16,16
HIGH_SG_SERDES,HSG1_SDS_REG19,SP_CFG_RSGP_TXCFG_MAC,0,16
HIGH_SG_SERDES,HSG1_SDS_REG20,RESERVED,16,16
HIGH_SG_SERDES,HSG1_SDS_REG20,SP_CFG_SGM_TXCFG_PHY,0,16
HIGH_SG_SERDES,HSG1_SDS_REG21,RESERVED,16,16
HIGH_SG_SERDES,HSG1_SDS_REG21,SP_CFG_SGM_TXCFG_MAC,0,16
HIGH_SG_SERDES,HSG1_SDS_REG22,RESERVED,16,16
HIGH_SG_SERDES,HSG1_SDS_REG22,SP_CFG_FIB2G_TXCFG_P0,0,16
HIGH_SG_SERDES,HSG1_SDS_REG23,RESERVED,16,16
HIGH_SG_SERDES,HSG1_SDS_REG23,SP_CFG_FIB2G_TXCFG_P1,0,16
HIGH_SG_SERDES,HSG1_SDS_REG24,RESERVED,16,16
HIGH_SG_SERDES,HSG1_SDS_REG24,SP_CFG_FIB2G_TXCFG_NP_P0,0,16
HIGH_SG_SERDES,HSG1_SDS_REG25,RESERVED,16,16
HIGH_SG_SERDES,HSG1_SDS_REG25,SP_CFG_FIB2G_TXCFG_NP_P1,0,16
HIGH_SG_SERDES,HSG1_SDS_REG26,RESERVED,16,16
HIGH_SG_SERDES,HSG1_SDS_REG26,SP_IP_VERSION,9,7
HIGH_SG_SERDES,HSG1_SDS_REG26,SP_SDS_MODE,0,9
HIGH_SG_SERDES,HSG1_SDS_REG27,RESERVED,16,16
HIGH_SG_SERDES,HSG1_SDS_REG27,SP_CFG_DBG_OUT_ECO1,0,16
HIGH_SG_SERDES,HSG1_SDS_REG28,RESERVED,16,16
HIGH_SG_SERDES,HSG1_SDS_REG28,SP_CFG_PHY_GO_C2_COND_SPC,15,1
HIGH_SG_SERDES,HSG1_SDS_REG28,SP_CFG_ERRMSK_NOSIG,14,1
HIGH_SG_SERDES,HSG1_SDS_REG28,SP_RM_LPK_EVEN_BITS,13,1
HIGH_SG_SERDES,HSG1_SDS_REG28,SP_CFG_QSGMII_PARITY_CHK,12,1
HIGH_SG_SERDES,HSG1_SDS_REG28,SP_CFG_DBG_S0,11,1
HIGH_SG_SERDES,HSG1_SDS_REG28,SP_CFG_SDS_DBG_EN,10,1
HIGH_SG_SERDES,HSG1_SDS_REG28,SP_CFG_SDS_DBG_SEL,0,10
HIGH_SG_SERDES,HSG1_SDS_REG29,RESERVED,16,16
HIGH_SG_SERDES,HSG1_SDS_REG29,SP_CFG_SDS_DBG_OUT_0,0,16
HIGH_SG_SERDES,HSG1_SDS_REG30,RESERVED,16,16
HIGH_SG_SERDES,HSG1_SDS_REG30,SP_CFG_SDS_DBG_OUT_1,0,16
HIGH_SG_SERDES,HSG1_SDS_REG31,RESERVED,16,16
HIGH_SG_SERDES,HSG1_SDS_REG31,SP_SDS_RG_31,0,16
HIGH_SG_SERDES,HSG1_SDS_EXT_REG0,RESERVED,16,16
HIGH_SG_SERDES,HSG1_SDS_EXT_REG0,SEP_ALL_SYMBOLERR_CNT_NEW_1500,0,16
HIGH_SG_SERDES,HSG1_SDS_EXT_REG1,RESERVED,16,16
HIGH_SG_SERDES,HSG1_SDS_EXT_REG1,SEP_ALL_SYMBOLERR_CNT_NEW_2316,8,8
HIGH_SG_SERDES,HSG1_SDS_EXT_REG1,SEP_CFG_GLI_TXC_TOG_CH3,7,1
HIGH_SG_SERDES,HSG1_SDS_EXT_REG1,SEP_CFG_GLI_TXC_TOG_CH2,6,1
HIGH_SG_SERDES,HSG1_SDS_EXT_REG1,SEP_CFG_GLI_TXC_TOG_CH1,5,1
HIGH_SG_SERDES,HSG1_SDS_EXT_REG1,SEP_CFG_GLI_TXC_TOG_CH0,4,1
HIGH_SG_SERDES,HSG1_SDS_EXT_REG1,SEP_CFG_GLI_RXC_TOG_CH3,3,1
HIGH_SG_SERDES,HSG1_SDS_EXT_REG1,SEP_CFG_GLI_RXC_TOG_CH2,2,1
HIGH_SG_SERDES,HSG1_SDS_EXT_REG1,SEP_CFG_GLI_RXC_TOG_CH1,1,1
HIGH_SG_SERDES,HSG1_SDS_EXT_REG1,SEP_CFG_GLI_RXC_TOG_CH0,0,1
HIGH_SG_SERDES,HSG1_SDS_EXT_REG2,RESERVED,16,16
HIGH_SG_SERDES,HSG1_SDS_EXT_REG2,SEP_MUX_SYMBOLERR_CNT_NEW_1500,0,16
HIGH_SG_SERDES,HSG1_SDS_EXT_REG3,RESERVED,16,16
HIGH_SG_SERDES,HSG1_SDS_EXT_REG3,SEP_MUX_SYMBOLERR_CNT_NEW_2316,8,8
HIGH_SG_SERDES,HSG1_SDS_EXT_REG3,SEP_SDS_AFE_RG03_0700,0,8
HIGH_SG_SERDES,HSG1_SDS_EXT_REG4,RESERVED,16,16
HIGH_SG_SERDES,HSG1_SDS_EXT_REG4,SEP_PRBS_ERR_CNT_1500,0,16
HIGH_SG_SERDES,HSG1_SDS_EXT_REG5,RESERVED,16,16
HIGH_SG_SERDES,HSG1_SDS_EXT_REG5,SEP_PRBS_ERR_CNT_3116,0,16
HIGH_SG_SERDES,HSG1_SDS_EXT_REG6,RESERVED,16,16
HIGH_SG_SERDES,HSG1_SDS_EXT_REG6,SEP_CFG_FEC_MK_OPT,0,16
HIGH_SG_SERDES,HSG1_SDS_EXT_REG7,RESERVED,16,16
HIGH_SG_SERDES,HSG1_SDS_EXT_REG7,SEP_CFG_FRC_HSO_INV_EN,15,1
HIGH_SG_SERDES,HSG1_SDS_EXT_REG7,SEP_CFG_FRC_HSO_INV_VAL,14,1
HIGH_SG_SERDES,HSG1_SDS_EXT_REG7,SEP_CFG_SDS_BERCHK_FIB100,13,1
HIGH_SG_SERDES,HSG1_SDS_EXT_REG7,SEP_CFG_LCH_RDS,12,1
HIGH_SG_SERDES,HSG1_SDS_EXT_REG7,SEP_CFG_SDS_BCHK_PMSK,4,8
HIGH_SG_SERDES,HSG1_SDS_EXT_REG7,SEP_CFG_SDS_BCHK_PMSK_FRC,3,1
HIGH_SG_SERDES,HSG1_SDS_EXT_REG7,SEP_CFG_FEC_MD_ON,2,1
HIGH_SG_SERDES,HSG1_SDS_EXT_REG7,SEP_CFG_KEEP_IPG_CNT,1,1
HIGH_SG_SERDES,HSG1_SDS_EXT_REG7,SEP_CFG_EPON_ENABLE,0,1
HIGH_SG_SERDES,HSG1_SDS_EXT_REG8,RESERVED,16,16
HIGH_SG_SERDES,HSG1_SDS_EXT_REG8,SEP_CFG_AFE_RG8X_1514,14,2
HIGH_SG_SERDES,HSG1_SDS_EXT_REG8,SEP_CFG_FEC_BAD_SEL,12,2
HIGH_SG_SERDES,HSG1_SDS_EXT_REG8,SEP_CFG_FEC_GOOD_NUM,6,6
HIGH_SG_SERDES,HSG1_SDS_EXT_REG8,SEP_CFG_FEC_BAD_NUM,0,6
HIGH_SG_SERDES,HSG1_SDS_EXT_REG9,RESERVED,16,16
HIGH_SG_SERDES,HSG1_SDS_EXT_REG9,SEP_CFG_SYNC_LOSS_NUM,8,8
HIGH_SG_SERDES,HSG1_SDS_EXT_REG9,SEP_CFG_CODE_REVERSE,7,1
HIGH_SG_SERDES,HSG1_SDS_EXT_REG9,SEP_CFG_ALIGN_FRC_POS,1,6
HIGH_SG_SERDES,HSG1_SDS_EXT_REG9,SEP_CFG_ALIGN_FRC_EN,0,1
HIGH_SG_SERDES,HSG1_SDS_EXT_REG10,RESERVED,16,16
HIGH_SG_SERDES,HSG1_SDS_EXT_REG10,SEP_SDS_AFE_RG10X,0,16
HIGH_SG_SERDES,HSG1_SDS_EXT_REG11,RESERVED,16,16
HIGH_SG_SERDES,HSG1_SDS_EXT_REG11,SEP_CFG_STS_UPD_DIS,15,1
HIGH_SG_SERDES,HSG1_SDS_EXT_REG11,SEP_CFG_PSEQ_ORG,14,1
HIGH_SG_SERDES,HSG1_SDS_EXT_REG11,SEP_CFG_PRBS_REVERSE,13,1
HIGH_SG_SERDES,HSG1_SDS_EXT_REG11,SEP_CFG_BEN_OE_SEL,12,1
HIGH_SG_SERDES,HSG1_SDS_EXT_REG11,SEP_CFG_BEN_OE,11,1
HIGH_SG_SERDES,HSG1_SDS_EXT_REG11,SEP_CFG_BEN_POL,10,1
HIGH_SG_SERDES,HSG1_SDS_EXT_REG11,SEP_CFG_PRBS_SEL_1_0,8,2
HIGH_SG_SERDES,HSG1_SDS_EXT_REG11,SEP_CFG_BEN_MSK_DISTX,7,1
HIGH_SG_SERDES,HSG1_SDS_EXT_REG11,SEP_CFG_XMIT_ORG,6,1
HIGH_SG_SERDES,HSG1_SDS_EXT_REG11,SEP_CFG_DIS_RXIDLE_MSK_EEE,5,1
HIGH_SG_SERDES,HSG1_SDS_EXT_REG11,SEP_CFG_DIS_RXIDLE_MSK_BCHK,4,1
HIGH_SG_SERDES,HSG1_SDS_EXT_REG11,SEP_CFG_FRC_SRC_RXIDLE_EN,3,1
HIGH_SG_SERDES,HSG1_SDS_EXT_REG11,SEP_CFG_FRC_SRC_RXIDLE_VAL,2,1
HIGH_SG_SERDES,HSG1_SDS_EXT_REG11,SEP_CFG_HSG1_MAC_FIFO_DIS,1,1
HIGH_SG_SERDES,HSG1_SDS_EXT_REG11,SEP_CFG_D2A_ERR_BIT_TOG,0,1
HIGH_SG_SERDES,HSG1_SDS_EXT_REG12,RESERVED,16,16
HIGH_SG_SERDES,HSG1_SDS_EXT_REG12,SEP_CFG_PRBS_SEED,13,3
HIGH_SG_SERDES,HSG1_SDS_EXT_REG12,SEP_CFG_FEC_PRBS_MD,12,1
HIGH_SG_SERDES,HSG1_SDS_EXT_REG12,SEP_CFG_PRBS_ON,11,1
HIGH_SG_SERDES,HSG1_SDS_EXT_REG12,SEP_CFG_FIFO_RESTORE,10,1
HIGH_SG_SERDES,HSG1_SDS_EXT_REG12,SEP_CFG_ASDS_RST,9,1
HIGH_SG_SERDES,HSG1_SDS_EXT_REG12,SEP_CFG_NEG_CLKRD_D2A,8,1
HIGH_SG_SERDES,HSG1_SDS_EXT_REG12,SEP_CFG_FIFO_ORG,7,1
HIGH_SG_SERDES,HSG1_SDS_EXT_REG12,SEP_CFG_FRXNRZI_SEL,6,1
HIGH_SG_SERDES,HSG1_SDS_EXT_REG12,SEP_CFG_SCR_SEED_SEL,5,1
HIGH_SG_SERDES,HSG1_SDS_EXT_REG12,SEP_CFG_XSG257_NO_CLKGAT,4,1
HIGH_SG_SERDES,HSG1_SDS_EXT_REG12,SEP_CFG_XSG_OFF_AFE1,3,1
HIGH_SG_SERDES,HSG1_SDS_EXT_REG12,SEP_CFG_IPG_CNT,0,3
HIGH_SG_SERDES,HSG1_SDS_EXT_REG13,RESERVED,16,16
HIGH_SG_SERDES,HSG1_SDS_EXT_REG13,SEP_CFG_NEG_GTXC,15,1
HIGH_SG_SERDES,HSG1_SDS_EXT_REG13,SEP_CFG_LP_CNT_2,11,4
HIGH_SG_SERDES,HSG1_SDS_EXT_REG13,SEP_CFG_EPON_SYNC_SM,10,1
HIGH_SG_SERDES,HSG1_SDS_EXT_REG13,SEP_CFG_DY,0,10
HIGH_SG_SERDES,HSG1_SDS_EXT_REG14,RESERVED,16,16
HIGH_SG_SERDES,HSG1_SDS_EXT_REG14,SEP_CFG_BERCHK_FUNC_EN,15,1
HIGH_SG_SERDES,HSG1_SDS_EXT_REG14,SEP_CFG_AUTO_BCHK_EN,14,1
HIGH_SG_SERDES,HSG1_SDS_EXT_REG14,SEP_CFG_AUTO_BCHK_LNK_DIS,13,1
HIGH_SG_SERDES,HSG1_SDS_EXT_REG14,SEP_CFG_SIGDET_TMR,8,5
HIGH_SG_SERDES,HSG1_SDS_EXT_REG14,SEP_CFG_BERCHK_TMR,4,4
HIGH_SG_SERDES,HSG1_SDS_EXT_REG14,SEP_CFG_BERCHK_NUM,0,4
HIGH_SG_SERDES,HSG1_SDS_EXT_REG15,RESERVED,16,16
HIGH_SG_SERDES,HSG1_SDS_EXT_REG15,SEP_CFG_EPON_PWRCTL,15,1
HIGH_SG_SERDES,HSG1_SDS_EXT_REG15,SEP_CFG_LP_CNT_1,11,4
HIGH_SG_SERDES,HSG1_SDS_EXT_REG15,SEP_CFG_DIS_FECK_SPUP,10,1
HIGH_SG_SERDES,HSG1_SDS_EXT_REG15,SEP_CFG_DX,0,10
HIGH_SG_SERDES,HSG1_SDS_EXT_REG16,RESERVED,16,16
HIGH_SG_SERDES,HSG1_SDS_EXT_REG16,SEP_CFG_DY_8B,8,8
HIGH_SG_SERDES,HSG1_SDS_EXT_REG16,SEP_CFG_DX_8B,0,8
HIGH_SG_SERDES,HSG1_SDS_EXT_REG17,RESERVED,16,16
HIGH_SG_SERDES,HSG1_SDS_EXT_REG17,SEP_MR_NP_TX_1,0,16
HIGH_SG_SERDES,HSG1_SDS_EXT_REG18,RESERVED,16,16
HIGH_SG_SERDES,HSG1_SDS_EXT_REG18,SEP_MR_NP_TX_2,0,16
HIGH_SG_SERDES,HSG1_SDS_EXT_REG19,RESERVED,16,16
HIGH_SG_SERDES,HSG1_SDS_EXT_REG19,SEP_MR_NP_TX_3,0,16
HIGH_SG_SERDES,HSG1_SDS_EXT_REG20,RESERVED,16,16
HIGH_SG_SERDES,HSG1_SDS_EXT_REG20,SEP_CFG_RX_INTR_POL,15,1
HIGH_SG_SERDES,HSG1_SDS_EXT_REG20,SEP_CFG_TX_INTR_POL,14,1
HIGH_SG_SERDES,HSG1_SDS_EXT_REG20,SEP_TR_EN,13,1
HIGH_SG_SERDES,HSG1_SDS_EXT_REG20,SEP_LINK_BCHK_EN,12,1
HIGH_SG_SERDES,HSG1_SDS_EXT_REG20,SEP_DIS_GATE_RXC,11,1
HIGH_SG_SERDES,HSG1_SDS_EXT_REG20,SEP_FIB_PDOWN_SEL,10,1
HIGH_SG_SERDES,HSG1_SDS_EXT_REG20,SEP_RSTB_BITERR_CLK,9,1
HIGH_SG_SERDES,HSG1_SDS_EXT_REG20,SEP_CFG_HSG1_LCTANK,8,1
HIGH_SG_SERDES,HSG1_SDS_EXT_REG20,SEP_CFG_HSG1_RXC_ALI,7,1
HIGH_SG_SERDES,HSG1_SDS_EXT_REG20,SEP_CFG_FRC_2P5G,6,1
HIGH_SG_SERDES,HSG1_SDS_EXT_REG20,SEP_CFG_FCRR_CLR_SEL,5,1
HIGH_SG_SERDES,HSG1_SDS_EXT_REG20,SEP_CFG_ORG_RXCFGREG,4,1
HIGH_SG_SERDES,HSG1_SDS_EXT_REG20,SEP_CFG_DIS_CMA_CHGPOS,3,1
HIGH_SG_SERDES,HSG1_SDS_EXT_REG20,SEP_CFG_SDS_MODE_3B,2,1
HIGH_SG_SERDES,HSG1_SDS_EXT_REG20,SEP_CFG_STMALI_SEL,1,1
HIGH_SG_SERDES,HSG1_SDS_EXT_REG20,SEP_CFG_PRBS_SEL_2,0,1
HIGH_SG_SERDES,HSG1_SDS_EXT_REG21,RESERVED,16,16
HIGH_SG_SERDES,HSG1_SDS_EXT_REG21,SEP_CFG_SDS_AFE_RG21X_RD_MX,0,16
HIGH_SG_SERDES,HSG1_SDS_EXT_REG22,RESERVED,16,16
HIGH_SG_SERDES,HSG1_SDS_EXT_REG22,SEP_CFG_SDS_AFE_RG22X_RD_MX,0,16
HIGH_SG_SERDES,HSG1_SDS_EXT_REG23,RESERVED,16,16
HIGH_SG_SERDES,HSG1_SDS_EXT_REG23,SEP_CFG_SDS_AFE_RG23X_RD_MX,0,16
HIGH_SG_SERDES,HSG1_SDS_EXT_REG24,RESERVED,16,16
HIGH_SG_SERDES,HSG1_SDS_EXT_REG24,SEP_CFG_SD_H,15,1
HIGH_SG_SERDES,HSG1_SDS_EXT_REG24,SEP_CFG_XSG_DAT40,14,1
HIGH_SG_SERDES,HSG1_SDS_EXT_REG24,SEP_CFG_HYSDET,10,4
HIGH_SG_SERDES,HSG1_SDS_EXT_REG24,SEP_CFG_D2A_LPK,9,1
HIGH_SG_SERDES,HSG1_SDS_EXT_REG24,SEP_CFG_HAM_PTR,8,1
HIGH_SG_SERDES,HSG1_SDS_EXT_REG24,SEP_CFG_ENTX,7,1
HIGH_SG_SERDES,HSG1_SDS_EXT_REG24,SEP_CFG_CMALI_SIG,6,1
HIGH_SG_SERDES,HSG1_SDS_EXT_REG24,SEP_CFG_TMR_ALI,3,3
HIGH_SG_SERDES,HSG1_SDS_EXT_REG24,SEP_CFG_SYMBOLERR_CNT,0,3
HIGH_SG_SERDES,HSG1_SDS_EXT_REG25,RESERVED,16,16
HIGH_SG_SERDES,HSG1_SDS_EXT_REG25,SEP_CFG_TR_CNT,0,16
HIGH_SG_SERDES,HSG1_SDS_EXT_REG26,RESERVED,16,16
HIGH_SG_SERDES,HSG1_SDS_EXT_REG26,SEP_P3LNKDOWNCNT,12,4
HIGH_SG_SERDES,HSG1_SDS_EXT_REG26,SEP_P2LNKDOWNCNT,8,4
HIGH_SG_SERDES,HSG1_SDS_EXT_REG26,SEP_P1LNKDOWNCNT,4,4
HIGH_SG_SERDES,HSG1_SDS_EXT_REG26,SEP_P0LNKDOWNCNT,0,4
HIGH_SG_SERDES,HSG1_SDS_EXT_REG27,RESERVED,16,16
HIGH_SG_SERDES,HSG1_SDS_EXT_REG27,SEP_DEC_CRCT_CNT,0,16
HIGH_SG_SERDES,HSG1_SDS_EXT_REG28,RESERVED,16,16
HIGH_SG_SERDES,HSG1_SDS_EXT_REG28,SEP_DEC_FAIL_CNT,0,16
HIGH_SG_SERDES,HSG1_SDS_EXT_REG29,RESERVED,16,16
HIGH_SG_SERDES,HSG1_SDS_EXT_REG29,SEP_CFG_DBG_STATUS_ECO_2,10,6
HIGH_SG_SERDES,HSG1_SDS_EXT_REG29,SEP_LECSYNC_REAL,9,1
HIGH_SG_SERDES,HSG1_SDS_EXT_REG29,SEP_SIGNOK_REAL,8,1
HIGH_SG_SERDES,HSG1_SDS_EXT_REG29,SEP_LINKOK_REAL,4,4
HIGH_SG_SERDES,HSG1_SDS_EXT_REG29,SEP_SYNCOK_REAL,0,4
HIGH_SG_SERDES,HSG1_SDS_EXT_REG30,RESERVED,16,16
HIGH_SG_SERDES,HSG1_SDS_EXT_REG30,SEP_CFG_AFE_SDS_RG30_1514,14,2
HIGH_SG_SERDES,HSG1_SDS_EXT_REG30,SEP_STS_UPD_RX,10,4
HIGH_SG_SERDES,HSG1_SDS_EXT_REG30,SEP_LECSYNC_LATCH,9,1
HIGH_SG_SERDES,HSG1_SDS_EXT_REG30,SEP_SIGNOK_LATCH,8,1
HIGH_SG_SERDES,HSG1_SDS_EXT_REG30,SEP_LINKOK_LATCH,4,4
HIGH_SG_SERDES,HSG1_SDS_EXT_REG30,SEP_SYNCOK_LATCH,0,4
HIGH_SG_SERDES,HSG1_SDS_EXT_REG31,RESERVED,16,16
HIGH_SG_SERDES,HSG1_SDS_EXT_REG31,SEP_CFG_AFE_SDS_RG30_1501,2,14
HIGH_SG_SERDES,HSG1_SDS_EXT_REG31,SEP_RXIDLE,1,1
HIGH_SG_SERDES,HSG1_SDS_EXT_REG31,SEP_RXIDLE_LCH_H,0,1
HIGH_SG_SERDES,HSG1_FIB_REG0,RESERVED,16,16
HIGH_SG_SERDES,HSG1_FIB_REG0,FP_CFG_FIB_RST,15,1
HIGH_SG_SERDES,HSG1_FIB_REG0,FP_CFG_FIB_LPK,14,1
HIGH_SG_SERDES,HSG1_FIB_REG0,FP_CFG_FIB_SPD_RD_00,13,1
HIGH_SG_SERDES,HSG1_FIB_REG0,FP_CFG_FIB_ANEN,12,1
HIGH_SG_SERDES,HSG1_FIB_REG0,FP_CFG_FIB_PDOWN,11,1
HIGH_SG_SERDES,HSG1_FIB_REG0,FP_CFG_FIB_ISO,10,1
HIGH_SG_SERDES,HSG1_FIB_REG0,FP_CFG_FIB_RESTART,9,1
HIGH_SG_SERDES,HSG1_FIB_REG0,FP_CFG_FIB_FULLDUP,8,1
HIGH_SG_SERDES,HSG1_FIB_REG0,FP_FIB_REG00_07,7,1
HIGH_SG_SERDES,HSG1_FIB_REG0,FP_CFG_FIB_SPD_RD_01,6,1
HIGH_SG_SERDES,HSG1_FIB_REG0,FP_CFG_FIB_FRCTX,5,1
HIGH_SG_SERDES,HSG1_FIB_REG0,FP_FIB_REG_00_0400,0,5
HIGH_SG_SERDES,HSG1_FIB_REG1,RESERVED,16,16
HIGH_SG_SERDES,HSG1_FIB_REG1,FP_CFG_FIB_CAPBILITY,6,10
HIGH_SG_SERDES,HSG1_FIB_REG1,FP_CFG_FIB_AN_COMPLETE,5,1
HIGH_SG_SERDES,HSG1_FIB_REG1,FP_CFG_FIB_R_FAULT,4,1
HIGH_SG_SERDES,HSG1_FIB_REG1,FP_CFG_FIB_NWAY_ABILITY,3,1
HIGH_SG_SERDES,HSG1_FIB_REG1,FP_CFG_FIB_LINK_STATUS,2,1
HIGH_SG_SERDES,HSG1_FIB_REG1,FP_CFG_FIB_JABBER_DETECT,1,1
HIGH_SG_SERDES,HSG1_FIB_REG1,FP_CFG_FIB_EXTENDED_CAPBILITY,0,1
HIGH_SG_SERDES,HSG1_FIB_REG2,RESERVED,16,16
HIGH_SG_SERDES,HSG1_FIB_REG2,FP_CFG_FIB_REALTEK_OUI_2106,0,16
HIGH_SG_SERDES,HSG1_FIB_REG3,RESERVED,16,16
HIGH_SG_SERDES,HSG1_FIB_REG3,FP_CFG_FIB_REALTEK_OUI_0500,10,6
HIGH_SG_SERDES,HSG1_FIB_REG3,FP_CFG_FIB_MODEL_NO_0500,4,6
HIGH_SG_SERDES,HSG1_FIB_REG3,FP_CFG_FIB_REVISION_NO_0300,0,4
HIGH_SG_SERDES,HSG1_FIB_REG4,RESERVED,16,16
HIGH_SG_SERDES,HSG1_FIB_REG4,FP_CFG_FIB_TX_CFG_REG,0,16
HIGH_SG_SERDES,HSG1_FIB_REG5,RESERVED,16,16
HIGH_SG_SERDES,HSG1_FIB_REG5,FP_CFG_FIB_RX_CFG_REG,0,16
HIGH_SG_SERDES,HSG1_FIB_REG6,RESERVED,16,16
HIGH_SG_SERDES,HSG1_FIB_REG6,FP_FIB_REG_06_1503,3,13
HIGH_SG_SERDES,HSG1_FIB_REG6,FP_CFG_FIB_FIB_NP_EN,2,1
HIGH_SG_SERDES,HSG1_FIB_REG6,FP_CFG_FIB_RXPAGE,1,1
HIGH_SG_SERDES,HSG1_FIB_REG6,FP_FIB_REG_06_00,0,1
HIGH_SG_SERDES,HSG1_FIB_REG7,RESERVED,16,16
HIGH_SG_SERDES,HSG1_FIB_REG7,FP_CFG_FIB_MR_NP_TX,0,16
HIGH_SG_SERDES,HSG1_FIB_REG8,RESERVED,16,16
HIGH_SG_SERDES,HSG1_FIB_REG8,FP_CFG_FIB_MR_NP_RX,0,16
HIGH_SG_SERDES,HSG1_FIB_REG13,RESERVED,16,16
HIGH_SG_SERDES,HSG1_FIB_REG13,FP_CFG_FIB_INDR_FUNC,14,2
HIGH_SG_SERDES,HSG1_FIB_REG13,FP_FIB_REG_13_1305,5,9
HIGH_SG_SERDES,HSG1_FIB_REG13,FP_CFG_FIB_INDR_DEVAD,0,5
HIGH_SG_SERDES,HSG1_FIB_REG14,RESERVED,16,16
HIGH_SG_SERDES,HSG1_FIB_REG14,FP_CFG_FIB_MMDRDBUS,0,16
HIGH_SG_SERDES,HSG1_FIB_REG15,RESERVED,16,16
HIGH_SG_SERDES,HSG1_FIB_REG15,FP_GIGA_BASEX_FULL,15,1
HIGH_SG_SERDES,HSG1_FIB_REG15,FP_GIGA_BASEX_HALF,14,1
HIGH_SG_SERDES,HSG1_FIB_REG15,FP_GIGA_BASET_FULL,13,1
HIGH_SG_SERDES,HSG1_FIB_REG15,FP_GIGA_BASE_HALF,12,1
HIGH_SG_SERDES,HSG1_FIB_REG15,FP_FIB_REG_15_1100,0,12
HIGH_SG_SERDES,HSG1_FIB_REG16,RESERVED,16,16
HIGH_SG_SERDES,HSG1_FIB_REG16,FP_CFG_ENLONGERR,15,1
HIGH_SG_SERDES,HSG1_FIB_REG16,FP_CFG_ENPMEERR,14,1
HIGH_SG_SERDES,HSG1_FIB_REG16,FP_CFG_IPG_BYTE,12,2
HIGH_SG_SERDES,HSG1_FIB_REG16,FP_CFG_FLINKOK,11,1
HIGH_SG_SERDES,HSG1_FIB_REG16,FP_CFG_FRC_SD,10,1
HIGH_SG_SERDES,HSG1_FIB_REG16,FP_CFG_FRC_TX,9,1
HIGH_SG_SERDES,HSG1_FIB_REG16,FP_CFG_DIS_CLKWR_GATING,8,1
HIGH_SG_SERDES,HSG1_FIB_REG16,FP_CFG_DFULLDUO100,7,1
HIGH_SG_SERDES,HSG1_FIB_REG16,FP_FIB_REG_16_06,6,1
HIGH_SG_SERDES,HSG1_FIB_REG16,FP_CFG_REMO100LBK,5,1
HIGH_SG_SERDES,HSG1_FIB_REG16,FP_CFG_DIS_RX_FEFI,4,1
HIGH_SG_SERDES,HSG1_FIB_REG16,FP_CFG_DIS_TX_FEFI,3,1
HIGH_SG_SERDES,HSG1_FIB_REG16,FP_CFG_SEL_RX_SD,2,1
HIGH_SG_SERDES,HSG1_FIB_REG16,FP_CFG_SEL_TX_SD,1,1
HIGH_SG_SERDES,HSG1_FIB_REG16,FP_CFG_SEL_SD,0,1
HIGH_SG_SERDES,HSG1_FIB_REG17,RESERVED,16,16
HIGH_SG_SERDES,HSG1_FIB_REG17,FP_CFG_FRC_TXDOWN,15,1
HIGH_SG_SERDES,HSG1_FIB_REG17,FP_CFG_SEL_PRE_LONG,13,2
HIGH_SG_SERDES,HSG1_FIB_REG17,FP_CFG_FIB100_PRB_SEL,10,3
HIGH_SG_SERDES,HSG1_FIB_REG17,FP_CFG_ERR_REST,9,1
HIGH_SG_SERDES,HSG1_FIB_REG17,FP_CFG_SDS_LPBK,8,1
HIGH_SG_SERDES,HSG1_FIB_REG17,FP_CFG_F100_INV_I,7,1
HIGH_SG_SERDES,HSG1_FIB_REG17,FP_CFG_F100_INV_O,6,1
HIGH_SG_SERDES,HSG1_FIB_REG17,FP_CFG_FL100MCOND,5,1
HIGH_SG_SERDES,HSG1_FIB_REG17,FP_CFG_ENTXCRS,4,1
HIGH_SG_SERDES,HSG1_FIB_REG17,FP_CFG_4B5B,3,1
HIGH_SG_SERDES,HSG1_FIB_REG17,FP_CFG_FTXNRZI_EG,2,1
HIGH_SG_SERDES,HSG1_FIB_REG17,FP_CFG_ENCODEERR,1,1
HIGH_SG_SERDES,HSG1_FIB_REG17,FP_CFG_ENLINKERR,0,1
HIGH_SG_SERDES,HSG1_FIB_REG18,RESERVED,16,16
HIGH_SG_SERDES,HSG1_FIB_REG18,FB_HSG1_SPD_SET,12,4
HIGH_SG_SERDES,HSG1_FIB_REG18,FP_FIB_REG_18_1501,1,11
HIGH_SG_SERDES,HSG1_FIB_REG18,FP_CFG_SDS_SDET_OUT,0,1
HIGH_SG_SERDES,HSG1_FIB_REG19,RESERVED,16,16
HIGH_SG_SERDES,HSG1_FIB_REG19,FP_FIB_REG_19,0,16
HIGH_SG_SERDES,HSG1_FIB_REG20,RESERVED,16,16
HIGH_SG_SERDES,HSG1_FIB_REG20,FP_FIB_REG_20,0,16
HIGH_SG_SERDES,HSG1_FIB_REG21,RESERVED,16,16
HIGH_SG_SERDES,HSG1_FIB_REG21,FP_FIB_REG_21,0,16
HIGH_SG_SERDES,HSG1_FIB_REG22,RESERVED,16,16
HIGH_SG_SERDES,HSG1_FIB_REG22,FP_QSGM_TXCFG_PHY,0,16
HIGH_SG_SERDES,HSG1_FIB_REG23,RESERVED,16,16
HIGH_SG_SERDES,HSG1_FIB_REG23,FP_QSGM_TXCFG_MAC,0,16
HIGH_SG_SERDES,HSG1_FIB_REG26,RESERVED,16,16
HIGH_SG_SERDES,HSG1_FIB_REG26,FP_FIB_REG_26_1508,8,8
HIGH_SG_SERDES,HSG1_FIB_REG26,FP_P3_QSGMII_CHK_ERR,7,1
HIGH_SG_SERDES,HSG1_FIB_REG26,FP_P2_QSGMII_CHK_ERR,6,1
HIGH_SG_SERDES,HSG1_FIB_REG26,FP_P1_QSGMII_CHK_ERR,5,1
HIGH_SG_SERDES,HSG1_FIB_REG26,FP_P0_QSGMII_CHK_ERR,4,1
HIGH_SG_SERDES,HSG1_FIB_REG26,FP_PKTERR_CNT,0,4
HIGH_SG_SERDES,HSG1_FIB_REG28,RESERVED,16,16
HIGH_SG_SERDES,HSG1_FIB_REG28,FP_CFG_CONS1_MAX,12,4
HIGH_SG_SERDES,HSG1_FIB_REG28,FP_CFG_CONS0_MAX,8,4
HIGH_SG_SERDES,HSG1_FIB_REG28,FP_CFG_CNT_MIN,0,8
HIGH_SG_SERDES,HSG1_FIB_REG29,RESERVED,16,16
HIGH_SG_SERDES,HSG1_FIB_REG29,FP_CFG_AUTO_DET_ON,15,1
HIGH_SG_SERDES,HSG1_FIB_REG29,FP_CFG_TOUT_MAX,9,6
HIGH_SG_SERDES,HSG1_FIB_REG29,FP_CFG_STATE_TMR,5,4
HIGH_SG_SERDES,HSG1_FIB_REG29,FP_CFG_TEST_TMR,0,5
HIGH_SG_SERDES,HSG1_FIB_REG30,RESERVED,16,16
HIGH_SG_SERDES,HSG1_FIB_REG30,FP_FIB_REG_30_1513,13,3
HIGH_SG_SERDES,HSG1_FIB_REG30,FP_FIB100_DET,12,1
HIGH_SG_SERDES,HSG1_FIB_REG30,FP_CFG_STATMR_LEVEL,11,1
HIGH_SG_SERDES,HSG1_FIB_REG30,FP_CFG_CNTEN,10,1
HIGH_SG_SERDES,HSG1_FIB_REG30,FP_CFG_CONSEN,9,1
HIGH_SG_SERDES,HSG1_FIB_REG30,FP_CFG_STATMR_EN,8,1
HIGH_SG_SERDES,HSG1_FIB_REG30,FP_CFG_LNK_ON_TMR,0,8
HIGH_SG_SERDES,HSG1_FIB_REG31,RESERVED,16,16
HIGH_SG_SERDES,HSG1_FIB_REG31,FP_FIB_REG_31,1,15
HIGH_SG_SERDES,HSG1_FIB_REG31,FP_FIB_LP_NWAY_ABLE,0,1
HIGH_SG_SERDES,HSG1_FIB_EXT_REG0,RESERVED,16,16
HIGH_SG_SERDES,HSG1_FIB_EXT_REG0,FEP_CFG_FIB_EXT_RST,15,1
HIGH_SG_SERDES,HSG1_FIB_EXT_REG0,FEP_CFG_FIB_EXT_LPK,14,1
HIGH_SG_SERDES,HSG1_FIB_EXT_REG0,FEP_CFG_FIB_EXT_SPD_RD_00,13,1
HIGH_SG_SERDES,HSG1_FIB_EXT_REG0,FEP_CFG_FIB_EXT_ANEN,12,1
HIGH_SG_SERDES,HSG1_FIB_EXT_REG0,FEP_CFG_FIB_EXT_PDOWN,11,1
HIGH_SG_SERDES,HSG1_FIB_EXT_REG0,FEP_CFG_FIB_EXT_ISO,10,1
HIGH_SG_SERDES,HSG1_FIB_EXT_REG0,FEP_CFG_FIB_EXT_RESTART,9,1
HIGH_SG_SERDES,HSG1_FIB_EXT_REG0,FEP_CFG_FIB_EXT_FULLDUP,8,1
HIGH_SG_SERDES,HSG1_FIB_EXT_REG0,FEP_FIB_EXT_REG_00_07,7,1
HIGH_SG_SERDES,HSG1_FIB_EXT_REG0,FEP_CFG_FIB_EXT_SPD_RD_01,6,1
HIGH_SG_SERDES,HSG1_FIB_EXT_REG0,FEP_CFG_FIB_EXT_FRCTX,5,1
HIGH_SG_SERDES,HSG1_FIB_EXT_REG0,FEP_FIB_EXT_REG_00_0400,0,5
HIGH_SG_SERDES,HSG1_FIB_EXT_REG1,RESERVED,16,16
HIGH_SG_SERDES,HSG1_FIB_EXT_REG1,FEP_CFG_FIB_EXT_CAPBILITY,6,10
HIGH_SG_SERDES,HSG1_FIB_EXT_REG1,FEP_CFG_FIB_EXT_AN_COMPLETE,5,1
HIGH_SG_SERDES,HSG1_FIB_EXT_REG1,FEP_CFG_FIB_EXT_R_FAULT,4,1
HIGH_SG_SERDES,HSG1_FIB_EXT_REG1,FEP_CFG_FIB_EXT_NWAY_ABILITY,3,1
HIGH_SG_SERDES,HSG1_FIB_EXT_REG1,FEP_CFG_FIB_EXT_LINK_STATUS,2,1
HIGH_SG_SERDES,HSG1_FIB_EXT_REG1,FEP_CFG_FIB_EXT_JABBER_DETECT,1,1
HIGH_SG_SERDES,HSG1_FIB_EXT_REG1,FEP_CFG_FIB_EXT_EXTENDED_CAPBILITY,0,1
HIGH_SG_SERDES,HSG1_FIB_EXT_REG2,RESERVED,16,16
HIGH_SG_SERDES,HSG1_FIB_EXT_REG2,FEP_CFG_FIB_EXT_REALTEK_OUI_2106,0,16
HIGH_SG_SERDES,HSG1_FIB_EXT_REG3,RESERVED,16,16
HIGH_SG_SERDES,HSG1_FIB_EXT_REG3,FEP_CFG_FIB_EXT_REALTEK_OUI_0500,10,6
HIGH_SG_SERDES,HSG1_FIB_EXT_REG3,FEP_CFG_FIB_EXT_MODEL_NO_0500,4,6
HIGH_SG_SERDES,HSG1_FIB_EXT_REG3,FEP_CFG_FIB_EXT_REVISION_NO_0300,0,4
HIGH_SG_SERDES,HSG1_FIB_EXT_REG4,RESERVED,16,16
HIGH_SG_SERDES,HSG1_FIB_EXT_REG4,FEP_CFG_FIB_EXT_TX_CFG_REG,0,16
HIGH_SG_SERDES,HSG1_FIB_EXT_REG5,RESERVED,16,16
HIGH_SG_SERDES,HSG1_FIB_EXT_REG5,FEP_CFG_FIB_EXT_RX_CFG_REG,0,16
HIGH_SG_SERDES,HSG1_FIB_EXT_REG6,RESERVED,16,16
HIGH_SG_SERDES,HSG1_FIB_EXT_REG6,FEP_FIB_EXT_REG_06_1503,3,13
HIGH_SG_SERDES,HSG1_FIB_EXT_REG6,FEP_CFG_FIB_EXT_FIB_NP_EN,2,1
HIGH_SG_SERDES,HSG1_FIB_EXT_REG6,FEP_CFG_FIB_EXT_RXPAGE,1,1
HIGH_SG_SERDES,HSG1_FIB_EXT_REG6,FEP_FIB_EXT_REG_06_00,0,1
HIGH_SG_SERDES,HSG1_FIB_EXT_REG7,RESERVED,16,16
HIGH_SG_SERDES,HSG1_FIB_EXT_REG7,FEP_CFG_FIB_EXT_MR_NP_TX,0,16
HIGH_SG_SERDES,HSG1_FIB_EXT_REG8,RESERVED,16,16
HIGH_SG_SERDES,HSG1_FIB_EXT_REG8,FEP_CFG_FIB_EXT_MR_NP_RX,0,16
HIGH_SG_SERDES,HSG1_FIB_EXT_REG13,RESERVED,16,16
HIGH_SG_SERDES,HSG1_FIB_EXT_REG13,FEP_CFG_FIB_EXT_INDR_FUNC,14,2
HIGH_SG_SERDES,HSG1_FIB_EXT_REG13,FEP_FIB_EXT_REG_13_1305,5,9
HIGH_SG_SERDES,HSG1_FIB_EXT_REG13,FEP_CFG_FIB_EXT_INDR_DEVAD,0,5
HIGH_SG_SERDES,HSG1_FIB_EXT_REG14,RESERVED,16,16
HIGH_SG_SERDES,HSG1_FIB_EXT_REG14,FEP_CFG_FIB_EXT_MMDRDBUS,0,16
HIGH_SG_SERDES,HSG1_FIB_EXT_REG15,RESERVED,16,16
HIGH_SG_SERDES,HSG1_FIB_EXT_REG15,FEP_FIB_EXT_REG_15,0,16
HIGH_SG_SERDES,HSG1_FIB_EXT_REG16,RESERVED,16,16
HIGH_SG_SERDES,HSG1_FIB_EXT_REG16,FEP_FIB_EXT_REG_16_15,15,1
HIGH_SG_SERDES,HSG1_FIB_EXT_REG16,FEP_CFG_EEE_RSG_FIB1G,14,1
HIGH_SG_SERDES,HSG1_FIB_EXT_REG16,FEP_CFG_EEE_STD_FIB1G,13,1
HIGH_SG_SERDES,HSG1_FIB_EXT_REG16,FEP_CFG_C1_PWRSAV_EN_FIB1G,12,1
HIGH_SG_SERDES,HSG1_FIB_EXT_REG16,FEP_CFG_C2_PWRSAV_EN_FIB1G,11,1
HIGH_SG_SERDES,HSG1_FIB_EXT_REG16,FEP_CFG_EEE_QUIET_FIB1G,10,1
HIGH_SG_SERDES,HSG1_FIB_EXT_REG16,FEP_CFG_EEE_RSG_QSG,9,1
HIGH_SG_SERDES,HSG1_FIB_EXT_REG16,FEP_CFG_EEE_STD_QSG,8,1
HIGH_SG_SERDES,HSG1_FIB_EXT_REG16,FEP_CFG_C1_PWRSAV_EN_QSG,7,1
HIGH_SG_SERDES,HSG1_FIB_EXT_REG16,FEP_CFG_C2_PWRSAV_EN_QSG,6,1
HIGH_SG_SERDES,HSG1_FIB_EXT_REG16,FEP_CFG_EEE_QUIET_QSG,5,1
HIGH_SG_SERDES,HSG1_FIB_EXT_REG16,FEP_CFG_EEE_RSG_RSGP,4,1
HIGH_SG_SERDES,HSG1_FIB_EXT_REG16,FEP_CFG_EEE_STD_RSGP,3,1
HIGH_SG_SERDES,HSG1_FIB_EXT_REG16,FEP_CFG_C1_PWRSAV_EN_RSGP,2,1
HIGH_SG_SERDES,HSG1_FIB_EXT_REG16,FEP_CFG_C2_PWRSAV_EN_RSGP,1,1
HIGH_SG_SERDES,HSG1_FIB_EXT_REG16,FEP_CFG_EEE_QUIET_RSGP,0,1
HIGH_SG_SERDES,HSG1_FIB_EXT_REG17,RESERVED,16,16
HIGH_SG_SERDES,HSG1_FIB_EXT_REG17,FEP_FIB_EXT_REG_17_1506,6,10
HIGH_SG_SERDES,HSG1_FIB_EXT_REG17,FEP_CFG_FIB_EXT_CFG_EEE_PWRSAV_EN,5,1
HIGH_SG_SERDES,HSG1_FIB_EXT_REG17,FEP_CFG_EEE_RSG_FIB100,4,1
HIGH_SG_SERDES,HSG1_FIB_EXT_REG17,FEP_CFG_EEE_STD_FIB100,3,1
HIGH_SG_SERDES,HSG1_FIB_EXT_REG17,FEP_CFG_C1_PWRSAV_EN_FIB100,2,1
HIGH_SG_SERDES,HSG1_FIB_EXT_REG17,FEP_CFG_C2_PWRSAV_EN_FIB100,1,1
HIGH_SG_SERDES,HSG1_FIB_EXT_REG17,FEP_CFG_EEE_QUIET_FIB100,0,1
HIGH_SG_SERDES,HSG1_FIB_EXT_REG18,RESERVED,16,16
HIGH_SG_SERDES,HSG1_FIB_EXT_REG18,FEP_FIB_EXT_REG_18_1509,9,7
HIGH_SG_SERDES,HSG1_FIB_EXT_REG18,FEP_CFG_TX_TR_TIMER,6,3
HIGH_SG_SERDES,HSG1_FIB_EXT_REG18,FEP_CFG_TX_TQ_TIMER,3,3
HIGH_SG_SERDES,HSG1_FIB_EXT_REG18,FEP_CFG_TX_TS_TIMER,0,3
HIGH_SG_SERDES,HSG1_FIB_EXT_REG19,RESERVED,16,16
HIGH_SG_SERDES,HSG1_FIB_EXT_REG19,FEP_CFG_TX_MODE,14,2
HIGH_SG_SERDES,HSG1_FIB_EXT_REG19,FEP_CFG_DET_IDLE32_DIS,13,1
HIGH_SG_SERDES,HSG1_FIB_EXT_REG19,FEP_CFG_DET_CG_DIS,12,1
HIGH_SG_SERDES,HSG1_FIB_EXT_REG19,FEP_FIB_EXT_REG_19_11,11,1
HIGH_SG_SERDES,HSG1_FIB_EXT_REG19,FEP_CFG_RX_TS_TIMER,9,2
HIGH_SG_SERDES,HSG1_FIB_EXT_REG19,FEP_CFG_RX_WF_TIMER,6,3
HIGH_SG_SERDES,HSG1_FIB_EXT_REG19,FEP_CFG_RX_TW_TIMER,3,3
HIGH_SG_SERDES,HSG1_FIB_EXT_REG19,FEP_CFG_RX_TQ_TIMER,0,3
HIGH_SG_SERDES,HSG1_FIB_EXT_REG20,RESERVED,16,16
HIGH_SG_SERDES,HSG1_FIB_EXT_REG20,FEP_CFG_SFD_SEL,15,1
HIGH_SG_SERDES,HSG1_FIB_EXT_REG20,FEP_CFG_IDLE_SEL,14,1
HIGH_SG_SERDES,HSG1_FIB_EXT_REG20,FEP_CFG_CG_SEL,13,1
HIGH_SG_SERDES,HSG1_FIB_EXT_REG20,FEP_CFG_IDLE32_CNT,8,5
HIGH_SG_SERDES,HSG1_FIB_EXT_REG20,FEP_CFG_IDLE_CNT,4,4
HIGH_SG_SERDES,HSG1_FIB_EXT_REG20,FEP_CFG_CG_CNT,0,4
HIGH_SG_SERDES,HSG1_FIB_EXT_REG21,RESERVED,16,16
HIGH_SG_SERDES,HSG1_FIB_EXT_REG21,FEP_TX_EN_FIB1G,15,1
HIGH_SG_SERDES,HSG1_FIB_EXT_REG21,FEP_TX_DATA_EN,14,1
HIGH_SG_SERDES,HSG1_FIB_EXT_REG21,FEP_V2ANALOG,13,1
HIGH_SG_SERDES,HSG1_FIB_EXT_REG21,FEP_FIB_EXT_REG_21_1204,4,9
HIGH_SG_SERDES,HSG1_FIB_EXT_REG21,FEP_DET_EPON,3,1
HIGH_SG_SERDES,HSG1_FIB_EXT_REG21,FEP_DET_IDLE32,2,1
HIGH_SG_SERDES,HSG1_FIB_EXT_REG21,FEP_DET_IDLE,1,1
HIGH_SG_SERDES,HSG1_FIB_EXT_REG21,FEP_DET_CG,0,1
HIGH_SG_SERDES,HSG1_FIB_EXT_REG22,RESERVED,16,16
HIGH_SG_SERDES,HSG1_FIB_EXT_REG22,FEP_CFG_EPON_INTEN,15,1
HIGH_SG_SERDES,HSG1_FIB_EXT_REG22,FEP_CFG_LINK_ON_INTEN,14,1
HIGH_SG_SERDES,HSG1_FIB_EXT_REG22,FEP_CFG_LINK_DN_INTEN,13,1
HIGH_SG_SERDES,HSG1_FIB_EXT_REG22,FEP_FIB_EXT_REG_22_1203,3,10
HIGH_SG_SERDES,HSG1_FIB_EXT_REG22,FEP_SDS_LINK_DN_INT,2,1
HIGH_SG_SERDES,HSG1_FIB_EXT_REG22,FEP_DET_EPON_INT,1,1
HIGH_SG_SERDES,HSG1_FIB_EXT_REG22,FEP_SDS_LINK_ON_INT,0,1
HIGH_SG_SERDES,HSG1_FIB_EXT_REG23,RESERVED,16,16
HIGH_SG_SERDES,HSG1_FIB_EXT_REG23,FEP_FIB_EXT_REG_23_15,15,1
HIGH_SG_SERDES,HSG1_FIB_EXT_REG23,FEP_CFG_FRC_CLEAR_ALL,14,1
HIGH_SG_SERDES,HSG1_FIB_EXT_REG23,FEP_CFG_DIS_AN_OK_NEG,13,1
HIGH_SG_SERDES,HSG1_FIB_EXT_REG23,FEP_CFG_DIS_AN_OK_POS,12,1
HIGH_SG_SERDES,HSG1_FIB_EXT_REG23,FEP_CFG_DIS_SYNC_OK_NEG,11,1
HIGH_SG_SERDES,HSG1_FIB_EXT_REG23,FEP_CFG_DIS_SYNC_OK_POS,10,1
HIGH_SG_SERDES,HSG1_FIB_EXT_REG23,FEP_CFG_LINK_OK_SEL,8,2
HIGH_SG_SERDES,HSG1_FIB_EXT_REG23,FEP_CFG_SILENT_PROB_SEL,4,4
HIGH_SG_SERDES,HSG1_FIB_EXT_REG23,FEP_CFG_LINK_SEL,3,1
HIGH_SG_SERDES,HSG1_FIB_EXT_REG23,FEP_CFG_EEEP_ENB,2,1
HIGH_SG_SERDES,HSG1_FIB_EXT_REG23,FEP_CFG_EEEP_LINK_ENB,1,1
HIGH_SG_SERDES,HSG1_FIB_EXT_REG23,FEP_FIB_EXT_REG_23_00,0,1
HIGH_SG_SERDES,HSG1_FIB_EXT_REG24,RESERVED,16,16
HIGH_SG_SERDES,HSG1_FIB_EXT_REG24,FEP_AN_ST,12,4
HIGH_SG_SERDES,HSG1_FIB_EXT_REG24,FEP_FIB_EXT_REG_24_1109,9,3
HIGH_SG_SERDES,HSG1_FIB_EXT_REG24,FEP_CMPLY_NXP,8,1
HIGH_SG_SERDES,HSG1_FIB_EXT_REG24,FEP_FIB_EXT_REG_24_07,7,1
HIGH_SG_SERDES,HSG1_FIB_EXT_REG24,FEP_NP_RX_CNT,4,3
HIGH_SG_SERDES,HSG1_FIB_EXT_REG24,FEP_FIB_EXT_REG_24_03,3,1
HIGH_SG_SERDES,HSG1_FIB_EXT_REG24,FEP_NP_TX_CNT,0,3
HIGH_SG_SERDES,HSG1_FIB_EXT_REG25,RESERVED,16,16
HIGH_SG_SERDES,HSG1_FIB_EXT_REG25,FEP_INVLD_CNT_DN_FLAG,15,1
HIGH_SG_SERDES,HSG1_FIB_EXT_REG25,FEP_INVLD_CNT_4RD_BIT16,14,1
HIGH_SG_SERDES,HSG1_FIB_EXT_REG25,FEP_CFG_MD_FIB100_SEL,13,1
HIGH_SG_SERDES,HSG1_FIB_EXT_REG25,FEP_CFG_RPS_EN_1,12,1
HIGH_SG_SERDES,HSG1_FIB_EXT_REG25,FEP_CFG_DBG_FIB100_SEL,7,5
HIGH_SG_SERDES,HSG1_FIB_EXT_REG25,FEP_CFG_CLR_INVLD_CNT_DN_FLAG,6,1
HIGH_SG_SERDES,HSG1_FIB_EXT_REG25,FEP_CFG_CLR_INVLD_CNT_4RD,5,1
HIGH_SG_SERDES,HSG1_FIB_EXT_REG25,FEP_CFG_CLR_INVLD_CNT_MAX,4,1
HIGH_SG_SERDES,HSG1_FIB_EXT_REG25,FEP_CFG_CLR_INVLD_CNT,3,1
HIGH_SG_SERDES,HSG1_FIB_EXT_REG25,FEP_CFG_CLR_INVLD_ALL,2,1
HIGH_SG_SERDES,HSG1_FIB_EXT_REG25,FEP_CFG_INVLD_LDN_EN,1,1
HIGH_SG_SERDES,HSG1_FIB_EXT_REG25,FEP_CFG_RPS_EN,0,1
HIGH_SG_SERDES,HSG1_FIB_EXT_REG26,RESERVED,16,16
HIGH_SG_SERDES,HSG1_FIB_EXT_REG26,FEP_CFG_INVDL_CNT_DN,0,16
HIGH_SG_SERDES,HSG1_FIB_EXT_REG27,RESERVED,16,16
HIGH_SG_SERDES,HSG1_FIB_EXT_REG27,FEP_FIB_EXT_REG_27_1504,4,12
HIGH_SG_SERDES,HSG1_FIB_EXT_REG27,FEP_CFG_FRC_RPS_SEL,2,2
HIGH_SG_SERDES,HSG1_FIB_EXT_REG27,FEP_CFG_FRC_FPS_SEL,0,2
HIGH_SG_SERDES,HSG1_FIB_EXT_REG28,RESERVED,16,16
HIGH_SG_SERDES,HSG1_FIB_EXT_REG28,FEP_INVLD_CNT_4RD,0,16
HIGH_SG_SERDES,HSG1_FIB_EXT_REG29,RESERVED,16,16
HIGH_SG_SERDES,HSG1_FIB_EXT_REG29,FEP_INVLD_CNT_MAX,0,16
HIGH_SG_SERDES,HSG1_FIB_EXT_REG30,RESERVED,16,16
HIGH_SG_SERDES,HSG1_FIB_EXT_REG30,FEP_FIB_EXT_REG_30,0,16
HIGH_SG_SERDES,HSG1_FIB_EXT_REG31,RESERVED,16,16
HIGH_SG_SERDES,HSG1_FIB_EXT_REG31,FEP_FIB_EXT_REG_31,1,15
HIGH_SG_SERDES,HSG1_FIB_EXT_REG31,FEP_FIB_EXT_LP_NWAY_ABLE,0,1
POWER_SAVING,SW_PWRSAV_CTRL,RESERVED,19,13
POWER_SAVING,SW_PWRSAV_CTRL,SLOW_DOWN_PLL_EN,18,1
POWER_SAVING,SW_PWRSAV_CTRL,SLOW_DOWN_CLK_EN,17,1
POWER_SAVING,SW_PWRSAV_CTRL,FRC_MAC_ACTIVE,16,1
POWER_SAVING,SW_PWRSAV_CTRL,SLOW_CLK_TGL_RATE,12,4
POWER_SAVING,SW_PWRSAV_CTRL,GPHY_MDX_MDC_DIV,2,10
POWER_SAVING,SW_PWRSAV_CTRL,WAIT_FOR_AGREEMENT,1,1
POWER_SAVING,SW_PWRSAV_CTRL,AGREE_SLEEP,0,1
POWER_SAVING,SW_PWRSAV_CTRL_1,RESERVED,8,24
POWER_SAVING,SW_PWRSAV_CTRL_1,MULTIWAKE_TIME_UNIT,6,2
POWER_SAVING,SW_PWRSAV_CTRL_1,MULTIWAKE_PORTS,3,3
POWER_SAVING,SW_PWRSAV_CTRL_1,MULTIWAKE_INTLV,1,2
POWER_SAVING,SW_PWRSAV_CTRL_1,MULTIWAKE_EN,0,1
POWER_SAVING,LOW_QUEUE_TH,RESERVED,10,22
POWER_SAVING,LOW_QUEUE_TH,LOW_QUEUE_TH,0,10
POWER_SAVING,HIGH_QUEUE_MSK,HIGH_QUEUE_MSK,0,8
POWER_SAVING,PS_LINKID_GATCLK_CTRL,RESERVED,6,26
POWER_SAVING,PS_LINKID_GATCLK_CTRL,LINKID_TIME,4,2
POWER_SAVING,PS_LINKID_GATCLK_CTRL,RESERVED,0,4
POWER_SAVING,EEE_EEEP_PORT_CTRL,RESERVED,12,20
POWER_SAVING,EEE_EEEP_PORT_CTRL,EEE_TX_STS,11,1
POWER_SAVING,EEE_EEEP_PORT_CTRL,EEE_RX_STS,10,1
POWER_SAVING,EEE_EEEP_PORT_CTRL,RESERVED,2,8
POWER_SAVING,EEE_EEEP_PORT_CTRL,EEE_PORT_TX_EN,1,1
POWER_SAVING,EEE_EEEP_PORT_CTRL,EEE_PORT_RX_EN,0,1
POWER_SAVING,EEE_MISC_CTRL0,RESERVED,5,27
POWER_SAVING,EEE_MISC_CTRL0,EEE_EN_FC_EFCT,4,1
POWER_SAVING,EEE_MISC_CTRL0,EEE_REF_RXLPI,3,1
POWER_SAVING,EEE_MISC_CTRL0,EEE_LINK_UP_DELAY,1,2
POWER_SAVING,EEE_MISC_CTRL0,EEE_TX_WAKE_SEL,0,1
POWER_SAVING,EEE_TX_MINIFG_CTRL0,EEE_TX_LPI_MINIPG_GELITE,16,16
POWER_SAVING,EEE_TX_MINIFG_CTRL0,EEE_TX_LPI_MINIPG_FE,0,16
POWER_SAVING,EEE_TX_MINIFG_CTRL1,EEE_TX_LPI_MINIPG_2P5G,16,16
POWER_SAVING,EEE_TX_MINIFG_CTRL1,EEE_TX_LPI_MINIPG_GE,0,16
POWER_SAVING,EEE_WAIT_RX_INACTIVE_CTRL,RESERVED,27,5
POWER_SAVING,EEE_WAIT_RX_INACTIVE_CTRL,EEE_WAIT_RX_INACTIVE_2P5G,26,1
POWER_SAVING,EEE_WAIT_RX_INACTIVE_CTRL,EEE_WAIT_RX_INACTIVE_GE,25,1
POWER_SAVING,EEE_WAIT_RX_INACTIVE_CTRL,EEE_WAIT_RX_INACTIVE_GELITE,24,1
POWER_SAVING,EEE_WAIT_RX_INACTIVE_CTRL,EEE_WAIT_RX_INACTIVE_TIMER_2P5G,16,8
POWER_SAVING,EEE_WAIT_RX_INACTIVE_CTRL,EEE_WAIT_RX_INACTIVE_TIMER_GE,8,8
POWER_SAVING,EEE_WAIT_RX_INACTIVE_CTRL,EEE_WAIT_RX_INACTIVE_TIMER_GELITE,0,8
POWER_SAVING,EEE_TX_TIMER_100M_CTRL,RESERVED,20,12
POWER_SAVING,EEE_TX_TIMER_100M_CTRL,EEE_LOW_Q_TX_DELAY_FE,8,12
POWER_SAVING,EEE_TX_TIMER_100M_CTRL,EEE_TX_WAKE_TIMER_FE,0,8
POWER_SAVING,EEE_TX_TIMER_GELITE_CTRL,RESERVED,28,4
POWER_SAVING,EEE_TX_TIMER_GELITE_CTRL,EEE_TX_PAUSE_WAKE_TIMER_GELITE,20,8
POWER_SAVING,EEE_TX_TIMER_GELITE_CTRL,EEE_LOW_Q_TX_DELAY_GELITE,8,12
POWER_SAVING,EEE_TX_TIMER_GELITE_CTRL,EEE_TX_WAKE_TIMER_GELITE,0,8
POWER_SAVING,EEE_TX_TIMER_GIGA_CTRL,RESERVED,28,4
POWER_SAVING,EEE_TX_TIMER_GIGA_CTRL,EEE_TX_PAUSE_WAKE_TIMER_GE,20,8
POWER_SAVING,EEE_TX_TIMER_GIGA_CTRL,EEE_LOW_Q_TX_DELAY_GE,8,12
POWER_SAVING,EEE_TX_TIMER_GIGA_CTRL,EEE_TX_WAKE_TIMER_GE,0,8
POWER_SAVING,EEE_TX_TIMER_2P5G_CTRL,RESERVED,28,4
POWER_SAVING,EEE_TX_TIMER_2P5G_CTRL,EEE_TX_PAUSE_WAKE_TIMER_2P5G,20,8
POWER_SAVING,EEE_TX_TIMER_2P5G_CTRL,EEE_LOW_Q_TX_DELAY_2P5G,8,12
POWER_SAVING,EEE_TX_TIMER_2P5G_CTRL,EEE_TX_WAKE_TIMER_2P5G,0,8
POWER_SAVING,LOW_QUEUE_MSK,LOW_QUEUE_MSK,0,8
ADDRESS_TABLE_LOOKUP,LUT_UNMATCHED_SA_CTRL,ACT,0,2
ADDRESS_TABLE_LOOKUP,LUT_UNKN_SA_CTRL,ACT,0,2
ADDRESS_TABLE_LOOKUP,LUT_UNMATCHED_VLAN_CTRL,ACT,0,1
ADDRESS_TABLE_LOOKUP,LUT_UNKN_UC_DA_CTRL,ACT,0,2
ADDRESS_TABLE_LOOKUP,LUT_LEARN_OVER_CTRL,ACT,0,2
ADDRESS_TABLE_LOOKUP,LUT_CFG,LUT_IPMC_VLAN_MODE,30,2
ADDRESS_TABLE_LOOKUP,LUT_CFG,L34_L2_LOOKUP_MISS_ACT,29,1
ADDRESS_TABLE_LOOKUP,LUT_CFG,LUT_L2UC_ACT,27,2
ADDRESS_TABLE_LOOKUP,LUT_CFG,LUT_ENTRY_FULL_ACT,26,1
ADDRESS_TABLE_LOOKUP,LUT_CFG,LUT_L34_ARP_USAGE_AS_KNOWN,25,1
ADDRESS_TABLE_LOOKUP,LUT_CFG,LUT_IPMC_HASH,23,2
ADDRESS_TABLE_LOOKUP,LUT_CFG,LINKDOWN_AGEOUT,22,1
ADDRESS_TABLE_LOOKUP,LUT_CFG,BCAM_DIS,21,1
ADDRESS_TABLE_LOOKUP,LUT_CFG,AGE_SPD,0,21
ADDRESS_TABLE_LOOKUP,LUT_AGEOUT_CTRL,AGEOUT_OUT,0,1
ADDRESS_TABLE_LOOKUP,LUT_LRN_LIMITNO,NUM,0,12
ADDRESS_TABLE_LOOKUP,L2_LRN_CNT,L2_LRN_CNT,0,12
ADDRESS_TABLE_LOOKUP,L2_LRN_OVER_STS,LRN_OVER_IND,0,1
ADDRESS_TABLE_LOOKUP,LUT_SYS_LRN_LIMITNO,RESERVED,12,20
ADDRESS_TABLE_LOOKUP,LUT_SYS_LRN_LIMITNO,SYS_LRN_LIMITNO,0,12
ADDRESS_TABLE_LOOKUP,L2_SYS_LRN_CNT,RESERVED,12,20
ADDRESS_TABLE_LOOKUP,L2_SYS_LRN_CNT,SYS_L2_LRN_CNT,0,12
ADDRESS_TABLE_LOOKUP,L2_SYS_LRN_OVER_STS,RESERVED,1,31
ADDRESS_TABLE_LOOKUP,L2_SYS_LRN_OVER_STS,LRN_OVER_IND,0,1
ADDRESS_TABLE_LOOKUP,LUT_SYS_LRN_OVER_CTRL,RESERVED,2,30
ADDRESS_TABLE_LOOKUP,LUT_SYS_LRN_OVER_CTRL,ACT,0,2
ADDRESS_TABLE_LOOKUP,LUT_SYS_LRN_LIMIT,EN,0,1
ADDRESS_TABLE_LOOKUP,UNKN_L2_MC,ACT,0,2
ADDRESS_TABLE_LOOKUP,UNKN_IP4_MC,ACT,0,2
ADDRESS_TABLE_LOOKUP,UNKN_IP6_MC,ACT,0,2
ADDRESS_TABLE_LOOKUP,UNKN_MC_CFG,RESERVED,15,17
ADDRESS_TABLE_LOOKUP,UNKN_MC_CFG,UNKN_MC_DHCP6_TRAP,14,1
ADDRESS_TABLE_LOOKUP,UNKN_MC_CFG,UNKN_MC_ICMP6_TRAP,13,1
ADDRESS_TABLE_LOOKUP,UNKN_MC_CFG,UNKN_MC_IP6_RSV_ADDR,7,6
ADDRESS_TABLE_LOOKUP,UNKN_MC_CFG,UNKN_RSV_IP6_ACT,5,2
ADDRESS_TABLE_LOOKUP,UNKN_MC_CFG,UNKN_RSV_IP4_ACT,3,2
ADDRESS_TABLE_LOOKUP,UNKN_MC_CFG,UNKN_MC_PRI,0,3
ADDRESS_TABLE_LOOKUP,LUT_BC_FLOOD,EN,0,1
ADDRESS_TABLE_LOOKUP,LUT_UNKN_MC_FLOOD,EN,0,1
ADDRESS_TABLE_LOOKUP,LUT_UNKN_UC_FLOOD,EN,0,1
ADDRESS_TABLE_LOOKUP,LUT_BC_BEHAVE,ACTION,0,2
ADDRESS_TABLE_LOOKUP,LUT_WAN_EN,EN,0,1
ADDRESS_TABLE_LOOKUP,LUT_EXT_MBR,MBR,0,18
ADDRESS_LEARNING_FLUSH,L2_TBL_FLUSH_CTRL,RESERVED,19,13
ADDRESS_LEARNING_FLUSH,L2_TBL_FLUSH_CTRL,LUT_FLUSH_FID,17,2
ADDRESS_LEARNING_FLUSH,L2_TBL_FLUSH_CTRL,LUT_FLUSH_VID,5,12
ADDRESS_LEARNING_FLUSH,L2_TBL_FLUSH_CTRL,LUT_FLUSH_DYNAMIC,4,1
ADDRESS_LEARNING_FLUSH,L2_TBL_FLUSH_CTRL,LUT_FLUSH_STATIC,3,1
ADDRESS_LEARNING_FLUSH,L2_TBL_FLUSH_CTRL,LUT_FLUSH_MODE,1,2
ADDRESS_LEARNING_FLUSH,L2_TBL_FLUSH_CTRL,FLUSH_STATUS,0,1
ADDRESS_LEARNING_FLUSH,L2_TBL_FLUSH_EN,EN,0,1
L2_IP_MULTICAST,L2_IPMC_VLAN_LEAKY,EN,0,1
L2_IP_MULTICAST,L2_IPMC_ISO_LEAKY,EN,0,1
_IEEE802_1Q_VLAN,VLAN_PORT_ACCEPT_FRAME_TYPE,FRAME_TYPE,0,2
_IEEE802_1Q_VLAN,VLAN_INGRESS,INGRESS,0,1
_IEEE802_1Q_VLAN,VLAN_EGRESS_TAG,RESERVED,2,30
_IEEE802_1Q_VLAN,VLAN_EGRESS_TAG,EGRESS_MODE,0,2
_IEEE802_1Q_VLAN,VLAN_CTRL,RESERVED,5,27
_IEEE802_1Q_VLAN,VLAN_CTRL,VID_4095_TYPE,4,1
_IEEE802_1Q_VLAN,VLAN_CTRL,VID_0_TYPE,3,1
_IEEE802_1Q_VLAN,VLAN_CTRL,CFI_KEEP,2,1
_IEEE802_1Q_VLAN,VLAN_CTRL,RESERVED,1,1
_IEEE802_1Q_VLAN,VLAN_CTRL,VLAN_FILTERING,0,1
_IEEE802_1Q_VLAN,VLAN_PB_VID,VID,0,12
_IEEE802_1Q_VLAN,IP4MC_EGRESS_MODE,VLAN_IP4MC_EGRESS_MODE,0,2
_IEEE802_1Q_VLAN,IP6MC_EGRESS_MODE,VLAN_IP6MC_EGRESS_MODE,0,2
_IEEE802_1Q_VLAN,VLAN_EXT_VID,VID,0,12
_IEEE802_1Q_VLAN,VLAN_EXT_MBR,MBR,0,18
_IEEE802_1AD_PROVIDER_BRIDGES_Q_IN_Q,SVLAN_UPLINK_PMSK,EN,0,1
_IEEE802_1AD_PROVIDER_BRIDGES_Q_IN_Q,SVLAN_SP2C,PRIORITY,29,3
_IEEE802_1AD_PROVIDER_BRIDGES_Q_IN_Q,SVLAN_SP2C,EGRVID,17,12
_IEEE802_1AD_PROVIDER_BRIDGES_Q_IN_Q,SVLAN_SP2C,DST_PORT,13,4
_IEEE802_1AD_PROVIDER_BRIDGES_Q_IN_Q,SVLAN_SP2C,IGRVID,1,12
_IEEE802_1AD_PROVIDER_BRIDGES_Q_IN_Q,SVLAN_SP2C,VALID,0,1
_IEEE802_1AD_PROVIDER_BRIDGES_Q_IN_Q,SVLAN_P_SVID,SVID,0,12
_IEEE802_1AD_PROVIDER_BRIDGES_Q_IN_Q,SVLAN_EXT_SVID,SVID,0,12
_IEEE802_1AD_PROVIDER_BRIDGES_Q_IN_Q,SVLAN_CTRL,RESERVED,28,4
_IEEE802_1AD_PROVIDER_BRIDGES_Q_IN_Q,SVLAN_CTRL,VS_FILTERING,27,1
_IEEE802_1AD_PROVIDER_BRIDGES_Q_IN_Q,SVLAN_CTRL,RESERVED,22,5
_IEEE802_1AD_PROVIDER_BRIDGES_Q_IN_Q,SVLAN_CTRL,VS_DEI_KEEP,21,1
_IEEE802_1AD_PROVIDER_BRIDGES_Q_IN_Q,SVLAN_CTRL,VS_PRI,18,3
_IEEE802_1AD_PROVIDER_BRIDGES_Q_IN_Q,SVLAN_CTRL,RESERVED,4,14
_IEEE802_1AD_PROVIDER_BRIDGES_Q_IN_Q,SVLAN_CTRL,VS_UNTAG,2,2
_IEEE802_1AD_PROVIDER_BRIDGES_Q_IN_Q,SVLAN_CTRL,VS_SPRISEL,0,2
_IEEE802_1AD_PROVIDER_BRIDGES_Q_IN_Q,SVLAN_CFG,RESERVED,33,31
_IEEE802_1AD_PROVIDER_BRIDGES_Q_IN_Q,SVLAN_CFG,VS_TPID2_EN,32,1
_IEEE802_1AD_PROVIDER_BRIDGES_Q_IN_Q,SVLAN_CFG,VS_TPID2,16,16
_IEEE802_1AD_PROVIDER_BRIDGES_Q_IN_Q,SVLAN_CFG,VS_TPID,0,16
_IEEE802_1V_PROTOCOL_BASED_VLAN,VLAN_PPB_VLAN_VAL,RESERVED,18,14
_IEEE802_1V_PROTOCOL_BASED_VLAN,VLAN_PPB_VLAN_VAL,ETHER_TYPE,2,16
_IEEE802_1V_PROTOCOL_BASED_VLAN,VLAN_PPB_VLAN_VAL,FRAME_TYPE,0,2
_IEEE802_1V_PROTOCOL_BASED_VLAN,VLAN_PORT_PPB_VLAN,RESERVED,16,16
_IEEE802_1V_PROTOCOL_BASED_VLAN,VLAN_PORT_PPB_VLAN,PPB_PRI,13,3
_IEEE802_1V_PROTOCOL_BASED_VLAN,VLAN_PORT_PPB_VLAN,PPB_VID,1,12
_IEEE802_1V_PROTOCOL_BASED_VLAN,VLAN_PORT_PPB_VLAN,VALID,0,1
_IEEE802_1V_PROTOCOL_BASED_VLAN,VLAN_EXT_PPB_VLAN,VID,0,12
SPANNING_TREE,MSTI_CTRL,STATE,0,2
PORT_ISOLATION,PISO_PORT,PORTMASK,0,29
PORT_ISOLATION,PISO_EXT,PORTMASK,0,29
RMA,RMA_CTRL00,RESERVED,6,26
RMA,RMA_CTRL00,OPERATION,4,2
RMA,RMA_CTRL00,DISCARD_STORM_FILTER,3,1
RMA,RMA_CTRL00,KEEP_FORMAT,2,1
RMA,RMA_CTRL00,VLAN_LEAKY,1,1
RMA,RMA_CTRL00,PORTISO_LEAKY,0,1
RMA,RMA_CTRL01,RESERVED,6,26
RMA,RMA_CTRL01,OPERATION,4,2
RMA,RMA_CTRL01,DISCARD_STORM_FILTER,3,1
RMA,RMA_CTRL01,KEEP_FORMAT,2,1
RMA,RMA_CTRL01,VLAN_LEAKY,1,1
RMA,RMA_CTRL01,PORTISO_LEAKY,0,1
RMA,RMA_CTRL02,RESERVED,6,26
RMA,RMA_CTRL02,OPERATION,4,2
RMA,RMA_CTRL02,DISCARD_STORM_FILTER,3,1
RMA,RMA_CTRL02,KEEP_FORMAT,2,1
RMA,RMA_CTRL02,VLAN_LEAKY,1,1
RMA,RMA_CTRL02,PORTISO_LEAKY,0,1
RMA,RMA_CTRL03,RESERVED,6,26
RMA,RMA_CTRL03,OPERATION,4,2
RMA,RMA_CTRL03,DISCARD_STORM_FILTER,3,1
RMA,RMA_CTRL03,KEEP_FORMAT,2,1
RMA,RMA_CTRL03,VLAN_LEAKY,1,1
RMA,RMA_CTRL03,PORTISO_LEAKY,0,1
RMA,RMA_CTRL04,RESERVED,6,26
RMA,RMA_CTRL04,OPERATION,4,2
RMA,RMA_CTRL04,DISCARD_STORM_FILTER,3,1
RMA,RMA_CTRL04,KEEP_FORMAT,2,1
RMA,RMA_CTRL04,VLAN_LEAKY,1,1
RMA,RMA_CTRL04,PORTISO_LEAKY,0,1
RMA,RMA_CTRL08,RESERVED,6,26
RMA,RMA_CTRL08,OPERATION,4,2
RMA,RMA_CTRL08,DISCARD_STORM_FILTER,3,1
RMA,RMA_CTRL08,KEEP_FORMAT,2,1
RMA,RMA_CTRL08,VLAN_LEAKY,1,1
RMA,RMA_CTRL08,PORTISO_LEAKY,0,1
RMA,RMA_CTRL0D,RESERVED,6,26
RMA,RMA_CTRL0D,OPERATION,4,2
RMA,RMA_CTRL0D,DISCARD_STORM_FILTER,3,1
RMA,RMA_CTRL0D,KEEP_FORMAT,2,1
RMA,RMA_CTRL0D,VLAN_LEAKY,1,1
RMA,RMA_CTRL0D,PORTISO_LEAKY,0,1
RMA,RMA_CTRL0E,RESERVED,6,26
RMA,RMA_CTRL0E,OPERATION,4,2
RMA,RMA_CTRL0E,DISCARD_STORM_FILTER,3,1
RMA,RMA_CTRL0E,KEEP_FORMAT,2,1
RMA,RMA_CTRL0E,VLAN_LEAKY,1,1
RMA,RMA_CTRL0E,PORTISO_LEAKY,0,1
RMA,RMA_CTRL10,RESERVED,6,26
RMA,RMA_CTRL10,OPERATION,4,2
RMA,RMA_CTRL10,DISCARD_STORM_FILTER,3,1
RMA,RMA_CTRL10,KEEP_FORMAT,2,1
RMA,RMA_CTRL10,VLAN_LEAKY,1,1
RMA,RMA_CTRL10,PORTISO_LEAKY,0,1
RMA,RMA_CTRL11,RESERVED,6,26
RMA,RMA_CTRL11,OPERATION,4,2
RMA,RMA_CTRL11,DISCARD_STORM_FILTER,3,1
RMA,RMA_CTRL11,KEEP_FORMAT,2,1
RMA,RMA_CTRL11,VLAN_LEAKY,1,1
RMA,RMA_CTRL11,PORTISO_LEAKY,0,1
RMA,RMA_CTRL12,RESERVED,6,26
RMA,RMA_CTRL12,OPERATION,4,2
RMA,RMA_CTRL12,DISCARD_STORM_FILTER,3,1
RMA,RMA_CTRL12,KEEP_FORMAT,2,1
RMA,RMA_CTRL12,VLAN_LEAKY,1,1
RMA,RMA_CTRL12,PORTISO_LEAKY,0,1
RMA,RMA_CTRL13,RESERVED,6,26
RMA,RMA_CTRL13,OPERATION,4,2
RMA,RMA_CTRL13,DISCARD_STORM_FILTER,3,1
RMA,RMA_CTRL13,KEEP_FORMAT,2,1
RMA,RMA_CTRL13,VLAN_LEAKY,1,1
RMA,RMA_CTRL13,PORTISO_LEAKY,0,1
RMA,RMA_CTRL18,RESERVED,6,26
RMA,RMA_CTRL18,OPERATION,4,2
RMA,RMA_CTRL18,DISCARD_STORM_FILTER,3,1
RMA,RMA_CTRL18,KEEP_FORMAT,2,1
RMA,RMA_CTRL18,VLAN_LEAKY,1,1
RMA,RMA_CTRL18,PORTISO_LEAKY,0,1
RMA,RMA_CTRL1A,RESERVED,6,26
RMA,RMA_CTRL1A,OPERATION,4,2
RMA,RMA_CTRL1A,DISCARD_STORM_FILTER,3,1
RMA,RMA_CTRL1A,KEEP_FORMAT,2,1
RMA,RMA_CTRL1A,VLAN_LEAKY,1,1
RMA,RMA_CTRL1A,PORTISO_LEAKY,0,1
RMA,RMA_CTRL20,RESERVED,6,26
RMA,RMA_CTRL20,OPERATION,4,2
RMA,RMA_CTRL20,DISCARD_STORM_FILTER,3,1
RMA,RMA_CTRL20,KEEP_FORMAT,2,1
RMA,RMA_CTRL20,VLAN_LEAKY,1,1
RMA,RMA_CTRL20,PORTISO_LEAKY,0,1
RMA,RMA_CTRL21,RESERVED,6,26
RMA,RMA_CTRL21,OPERATION,4,2
RMA,RMA_CTRL21,DISCARD_STORM_FILTER,3,1
RMA,RMA_CTRL21,KEEP_FORMAT,2,1
RMA,RMA_CTRL21,VLAN_LEAKY,1,1
RMA,RMA_CTRL21,PORTISO_LEAKY,0,1
RMA,RMA_CTRL22,RESERVED,6,26
RMA,RMA_CTRL22,OPERATION,4,2
RMA,RMA_CTRL22,DISCARD_STORM_FILTER,3,1
RMA,RMA_CTRL22,KEEP_FORMAT,2,1
RMA,RMA_CTRL22,VLAN_LEAKY,1,1
RMA,RMA_CTRL22,PORTISO_LEAKY,0,1
RMA,RMA_CTRL_CDP,RESERVED,6,26
RMA,RMA_CTRL_CDP,OPERATION,4,2
RMA,RMA_CTRL_CDP,DISCARD_STORM_FILTER,3,1
RMA,RMA_CTRL_CDP,KEEP_FORMAT,2,1
RMA,RMA_CTRL_CDP,VLAN_LEAKY,1,1
RMA,RMA_CTRL_CDP,PORTISO_LEAKY,0,1
RMA,RMA_CTRL_SSTP,RESERVED,6,26
RMA,RMA_CTRL_SSTP,OPERATION,4,2
RMA,RMA_CTRL_SSTP,DISCARD_STORM_FILTER,3,1
RMA,RMA_CTRL_SSTP,KEEP_FORMAT,2,1
RMA,RMA_CTRL_SSTP,VLAN_LEAKY,1,1
RMA,RMA_CTRL_SSTP,PORTISO_LEAKY,0,1
RMA,RMA_CFG,RESERVED,3,29
RMA,RMA_CFG,RMA_TRAP_PRIORITY,0,3
L2_MISC_,L2_SRC_PORT_PERMIT,EN,0,1
L2_MISC_,L2_SRC_EXT_PERMIT,EN,0,1
L2_MISC_,L2_CFG,RESERVED,6,26
L2_MISC_,L2_CFG,PTP_TRAP_PRI,3,3
L2_MISC_,L2_CFG,L2_TRAP_PRI,0,3
STORM_CONTROL_B_M_UM_DLF_,STORM_CTRL_UM_CTRL,EN,0,1
STORM_CONTROL_B_M_UM_DLF_,STORM_CTRL_UC_CTRL,EN,0,1
STORM_CONTROL_B_M_UM_DLF_,STORM_CTRL_MC_CTRL,EN,0,1
STORM_CONTROL_B_M_UM_DLF_,STORM_CTRL_BC_CTRL,EN,0,1
STORM_CONTROL_B_M_UM_DLF_,STORM_CTRL_UM_METER_IDX,IDX,0,6
STORM_CONTROL_B_M_UM_DLF_,STORM_CTRL_UC_METER_IDX,IDX,0,6
STORM_CONTROL_B_M_UM_DLF_,STORM_CTRL_MC_METER_IDX,IDX,0,6
STORM_CONTROL_B_M_UM_DLF_,STORM_CTRL_BC_METER_IDX,IDX,0,6
STORM_CONTROL_B_M_UM_DLF_,STORM_CTRL_ARP_CTRL,EN,0,1
STORM_CONTROL_B_M_UM_DLF_,STORM_CTRL_DHCP_CTRL,EN,0,1
STORM_CONTROL_B_M_UM_DLF_,STORM_CTRL_IGMPMLD_CTRL,EN,0,1
STORM_CONTROL_B_M_UM_DLF_,STORM_CTRL_ARP_METER_IDX,IDX,0,6
STORM_CONTROL_B_M_UM_DLF_,STORM_CTRL_DHCP_METER_IDX,IDX,0,6
STORM_CONTROL_B_M_UM_DLF_,STORM_CTRL_IGMPMLD_METER_IDX,IDX,0,6
STORM_CONTROL_B_M_UM_DLF_,HOST_POLICE_CTRL,RESERVED,63,1
STORM_CONTROL_B_M_UM_DLF_,HOST_POLICE_CTRL,CNT_EN,62,1
STORM_CONTROL_B_M_UM_DLF_,HOST_POLICE_CTRL,POLICE_SA_METER,56,6
STORM_CONTROL_B_M_UM_DLF_,HOST_POLICE_CTRL,POLICE_SA_EN,55,1
STORM_CONTROL_B_M_UM_DLF_,HOST_POLICE_CTRL,POLICE_DA_METER,49,6
STORM_CONTROL_B_M_UM_DLF_,HOST_POLICE_CTRL,POLICE_DA_EN,48,1
STORM_CONTROL_B_M_UM_DLF_,HOST_POLICE_CTRL,MAC5,40,8
STORM_CONTROL_B_M_UM_DLF_,HOST_POLICE_CTRL,MAC4,32,8
STORM_CONTROL_B_M_UM_DLF_,HOST_POLICE_CTRL,MAC3,24,8
STORM_CONTROL_B_M_UM_DLF_,HOST_POLICE_CTRL,MAC2,16,8
STORM_CONTROL_B_M_UM_DLF_,HOST_POLICE_CTRL,MAC1,8,8
STORM_CONTROL_B_M_UM_DLF_,HOST_POLICE_CTRL,MAC0,0,8
BANDWIDTH_CONTROL_INGRESS_EGRESS_,IGR_BWCTRL_P_CTRL,RESERVED,21,11
BANDWIDTH_CONTROL_INGRESS_EGRESS_,IGR_BWCTRL_P_CTRL,RATE,2,19
BANDWIDTH_CONTROL_INGRESS_EGRESS_,IGR_BWCTRL_P_CTRL,MODE,1,1
BANDWIDTH_CONTROL_INGRESS_EGRESS_,IGR_BWCTRL_P_CTRL,IFG,0,1
BANDWIDTH_CONTROL_INGRESS_EGRESS_,IGR_BWCTRL_GLB_CTRL,RESERVED,1,31
BANDWIDTH_CONTROL_INGRESS_EGRESS_,IGR_BWCTRL_GLB_CTRL,BYPASS_EN,0,1
METER_MARKER,METER_TB_CTRL,RESERVED,17,15
METER_MARKER,METER_TB_CTRL,METER_OP,16,1
METER_MARKER,METER_TB_CTRL,TICK_PERIOD,8,8
METER_MARKER,METER_TB_CTRL,TKN,0,8
METER_MARKER,METER_GLB_CTRL,RESERVED,51,13
METER_MARKER,METER_GLB_CTRL,RATE,32,19
METER_MARKER,METER_GLB_CTRL,RESERVED,18,14
METER_MARKER,METER_GLB_CTRL,TYPE,17,1
METER_MARKER,METER_GLB_CTRL,BUCKET_SIZE,1,16
METER_MARKER,METER_GLB_CTRL,IFG,0,1
METER_MARKER,METER_LB_EXCEED_STS,LB_EXCEED,0,1
METER_MARKER,METER_PKT_RATE,SHMTR_PKT_RATE_DMY,14,18
METER_MARKER,METER_PKT_RATE,SHMTR_PKT_RATE,0,14
DENIAL_OF_SERVICE_ATTACK_PREVENTION,DOS_EN,EN,0,1
DENIAL_OF_SERVICE_ATTACK_PREVENTION,DOS_CFG,DOS_ICMPFLOOD_ACT,31,1
DENIAL_OF_SERVICE_ATTACK_PREVENTION,DOS_CFG,DOS_FINFLOOD_ACT,30,1
DENIAL_OF_SERVICE_ATTACK_PREVENTION,DOS_CFG,DOS_SYNFLOOD_ACT,29,1
DENIAL_OF_SERVICE_ATTACK_PREVENTION,DOS_CFG,DOS_SYNWITHDATA_ACT,28,1
DENIAL_OF_SERVICE_ATTACK_PREVENTION,DOS_CFG,DOS_UDPBOMB_ACT,27,1
DENIAL_OF_SERVICE_ATTACK_PREVENTION,DOS_CFG,DOS_PINGOFDEATH_ACT,26,1
DENIAL_OF_SERVICE_ATTACK_PREVENTION,DOS_CFG,DOS_ICMPFRAGMENT_ACT,25,1
DENIAL_OF_SERVICE_ATTACK_PREVENTION,DOS_CFG,DOS_TCPFRAGERROR_ACT,24,1
DENIAL_OF_SERVICE_ATTACK_PREVENTION,DOS_CFG,DOS_TCPSHORTHDR_ACT,23,1
DENIAL_OF_SERVICE_ATTACK_PREVENTION,DOS_CFG,DOS_SYN1024_ACT,22,1
DENIAL_OF_SERVICE_ATTACK_PREVENTION,DOS_CFG,DOS_NULLSCAN_ACT,21,1
DENIAL_OF_SERVICE_ATTACK_PREVENTION,DOS_CFG,DOS_XMASCAN_ACT,20,1
DENIAL_OF_SERVICE_ATTACK_PREVENTION,DOS_CFG,DOS_SYNFINSCAN_ACT,19,1
DENIAL_OF_SERVICE_ATTACK_PREVENTION,DOS_CFG,DOS_BLATATTACKS_ACT,18,1
DENIAL_OF_SERVICE_ATTACK_PREVENTION,DOS_CFG,DOS_LANDATTACKS_ACT,17,1
DENIAL_OF_SERVICE_ATTACK_PREVENTION,DOS_CFG,DOS_DAEQSA_ACT,16,1
DENIAL_OF_SERVICE_ATTACK_PREVENTION,DOS_CFG,DOS_ICMPFLOOD,15,1
DENIAL_OF_SERVICE_ATTACK_PREVENTION,DOS_CFG,DOS_FINFLOOD,14,1
DENIAL_OF_SERVICE_ATTACK_PREVENTION,DOS_CFG,DOS_SYNFLOOD,13,1
DENIAL_OF_SERVICE_ATTACK_PREVENTION,DOS_CFG,DOS_SYNWITHDATA,12,1
DENIAL_OF_SERVICE_ATTACK_PREVENTION,DOS_CFG,DOS_UDPBOMB,11,1
DENIAL_OF_SERVICE_ATTACK_PREVENTION,DOS_CFG,DOS_PINGOFDEATH,10,1
DENIAL_OF_SERVICE_ATTACK_PREVENTION,DOS_CFG,DOS_ICMPFRAGMENT,9,1
DENIAL_OF_SERVICE_ATTACK_PREVENTION,DOS_CFG,DOS_TCPFRAGERROR,8,1
DENIAL_OF_SERVICE_ATTACK_PREVENTION,DOS_CFG,DOS_TCPSHORTHDR,7,1
DENIAL_OF_SERVICE_ATTACK_PREVENTION,DOS_CFG,DOS_SYN1024,6,1
DENIAL_OF_SERVICE_ATTACK_PREVENTION,DOS_CFG,DOS_NULLSCAN,5,1
DENIAL_OF_SERVICE_ATTACK_PREVENTION,DOS_CFG,DOS_XMASCAN,4,1
DENIAL_OF_SERVICE_ATTACK_PREVENTION,DOS_CFG,DOS_SYNFINSCAN,3,1
DENIAL_OF_SERVICE_ATTACK_PREVENTION,DOS_CFG,DOS_BLATATTACKS,2,1
DENIAL_OF_SERVICE_ATTACK_PREVENTION,DOS_CFG,DOS_LANDATTACKS,1,1
DENIAL_OF_SERVICE_ATTACK_PREVENTION,DOS_CFG,DOS_DAEQSA,0,1
DENIAL_OF_SERVICE_ATTACK_PREVENTION,DOS_SYNFLOOD_TH,RESERVED,8,24
DENIAL_OF_SERVICE_ATTACK_PREVENTION,DOS_SYNFLOOD_TH,TH,0,8
DENIAL_OF_SERVICE_ATTACK_PREVENTION,DOS_FINFLOOD_TH,RESERVED,8,24
DENIAL_OF_SERVICE_ATTACK_PREVENTION,DOS_FINFLOOD_TH,TH,0,8
DENIAL_OF_SERVICE_ATTACK_PREVENTION,DOS_ICMPFLOOD_TH,RESERVED,8,24
DENIAL_OF_SERVICE_ATTACK_PREVENTION,DOS_ICMPFLOOD_TH,TH,0,8
MIRRORING,MIR_CTRL,RESERVED,27,5
MIRRORING,MIR_CTRL,MIR_SRC_PMSK,16,11
MIRRORING,MIR_CTRL,RESERVED,7,9
MIRRORING,MIR_CTRL,MIR_ISO,6,1
MIRRORING,MIR_CTRL,MIR_TX,5,1
MIRRORING,MIR_CTRL,MIR_RX,4,1
MIRRORING,MIR_CTRL,MIR_MONITOR_PORT,0,4
STATISTIC_COUNTERS,STAT_PRIVATE_REASON,PKT_INFO,0,11
STATISTIC_COUNTERS,STAT_ACL_REASON,ACL_HIT_INFO,0,8
STATISTIC_COUNTERS,STAT_CF_REASON,RESERVED,9,23
STATISTIC_COUNTERS,STAT_CF_REASON,CF_HIT_INFO,0,9
STATISTIC_COUNTERS,STAT_PORT_TX_MIB,TX_ETHERSTATSMULTICASTPKTS,992,32
STATISTIC_COUNTERS,STAT_PORT_TX_MIB,TX_ETHERSTATSBROADCASTPKTS,960,32
STATISTIC_COUNTERS,STAT_PORT_TX_MIB,TX_ETHERSTATSUNDERSIZEPKTS,928,32
STATISTIC_COUNTERS,STAT_PORT_TX_MIB,TX_ETHERSTATSOVERSIZEPKTS,896,32
STATISTIC_COUNTERS,STAT_PORT_TX_MIB,TX_ETHERSTATSPKTS64OCTETS,864,32
STATISTIC_COUNTERS,STAT_PORT_TX_MIB,TX_ETHERSTATSPKTS65TO127OCTETS,832,32
STATISTIC_COUNTERS,STAT_PORT_TX_MIB,TX_ETHERSTATSPKTS128TO255OCTETS,800,32
STATISTIC_COUNTERS,STAT_PORT_TX_MIB,TX_ETHERSTATSPKTS256TO511OCTETS,768,32
STATISTIC_COUNTERS,STAT_PORT_TX_MIB,TX_ETHERSTATSPKTS512TO1023OCTETS,736,32
STATISTIC_COUNTERS,STAT_PORT_TX_MIB,TX_ETHERSTATSPKTS1024TO1518OCTETS,704,32
STATISTIC_COUNTERS,STAT_PORT_TX_MIB,IFOUTOCTETS_L,672,32
STATISTIC_COUNTERS,STAT_PORT_TX_MIB,IFOUTOCTETS_H,640,32
STATISTIC_COUNTERS,STAT_PORT_TX_MIB,DOT3STATSSINGLECOLLISIONFRAMES,608,32
STATISTIC_COUNTERS,STAT_PORT_TX_MIB,DOT3STATSMULTIPLECOLLISIONFRAMES,576,32
STATISTIC_COUNTERS,STAT_PORT_TX_MIB,DOT3STATSDEFERREDTRANSMISSIONS,544,32
STATISTIC_COUNTERS,STAT_PORT_TX_MIB,DOT3STATSLATECOLLISIONS,512,32
STATISTIC_COUNTERS,STAT_PORT_TX_MIB,ETHERSTATSCOLLISIONS,480,32
STATISTIC_COUNTERS,STAT_PORT_TX_MIB,DOT3STATSEXCESSIVECOLLISIONS,448,32
STATISTIC_COUNTERS,STAT_PORT_TX_MIB,DOT3OUTPAUSEFRAMES,416,32
STATISTIC_COUNTERS,STAT_PORT_TX_MIB,IFOUTDISCARDS,384,32
STATISTIC_COUNTERS,STAT_PORT_TX_MIB,TX_ETHERSTATSPKTS1519TOMAXOCTETS,352,32
STATISTIC_COUNTERS,STAT_PORT_TX_MIB,RESERVED,320,32
STATISTIC_COUNTERS,STAT_PORT_TX_MIB,DOT1DTPPORTINDISCARDS,288,32
STATISTIC_COUNTERS,STAT_PORT_TX_MIB,IFOUTUCASTPKTS,256,32
STATISTIC_COUNTERS,STAT_PORT_TX_MIB,IFOUTMULTICASTPKTS,224,32
STATISTIC_COUNTERS,STAT_PORT_TX_MIB,IFOUTBROADCASTPKTS,192,32
STATISTIC_COUNTERS,STAT_PORT_TX_MIB,RESERVED,0,192
STATISTIC_COUNTERS,STAT_PORT_RX_MIB,IFINOCTETS_L,992,32
STATISTIC_COUNTERS,STAT_PORT_RX_MIB,IFINOCTETS_H,960,32
STATISTIC_COUNTERS,STAT_PORT_RX_MIB,ETHERSTATSCRCALIGNERRORS,928,32
STATISTIC_COUNTERS,STAT_PORT_RX_MIB,DOT3STATSSYMBOLERRORS,896,32
STATISTIC_COUNTERS,STAT_PORT_RX_MIB,DOT3INPAUSEFRAMES,864,32
STATISTIC_COUNTERS,STAT_PORT_RX_MIB,DOT3CONTROLINUNKNOWNOPCODES,832,32
STATISTIC_COUNTERS,STAT_PORT_RX_MIB,ETHERSTATSFRAGMENTS,800,32
STATISTIC_COUNTERS,STAT_PORT_RX_MIB,ETHERSTATSJABBERS,768,32
STATISTIC_COUNTERS,STAT_PORT_RX_MIB,IFINUCASTPKTS,736,32
STATISTIC_COUNTERS,STAT_PORT_RX_MIB,ETHERSTATSDROPEVENTS,704,32
STATISTIC_COUNTERS,STAT_PORT_RX_MIB,IFINMULTICASTPKTS,672,32
STATISTIC_COUNTERS,STAT_PORT_RX_MIB,IFINBROADCASTPKTS,640,32
STATISTIC_COUNTERS,STAT_PORT_RX_MIB,RX_ETHERSTATSPKTS1519TOMAXOCTETS,608,32
STATISTIC_COUNTERS,STAT_PORT_RX_MIB,RESERVED,576,32
STATISTIC_COUNTERS,STAT_PORT_RX_MIB,RX_ETHERSTATSUNDERSIZEPKTS,544,32
STATISTIC_COUNTERS,STAT_PORT_RX_MIB,RX_ETHERSTATSOVERSIZEPKTS,512,32
STATISTIC_COUNTERS,STAT_PORT_RX_MIB,RX_ETHERSTATSPKTS64OCTETS,480,32
STATISTIC_COUNTERS,STAT_PORT_RX_MIB,RX_ETHERSTATSPKTS65TO127OCTETS,448,32
STATISTIC_COUNTERS,STAT_PORT_RX_MIB,RX_ETHERSTATSPKTS128TO255OCTETS,416,32
STATISTIC_COUNTERS,STAT_PORT_RX_MIB,RX_ETHERSTATSPKTS256TO511OCTETS,384,32
STATISTIC_COUNTERS,STAT_PORT_RX_MIB,RX_ETHERSTATSPKTS512TO1023OCTETS,352,32
STATISTIC_COUNTERS,STAT_PORT_RX_MIB,RX_ETHERSTATSPKTS1024TO1518OCTETS,320,32
STATISTIC_COUNTERS,STAT_PORT_RX_MIB,RESERVED,0,320
STATISTIC_COUNTERS,STAT_PORT_OAM_MIB,OUTOAMPDUPKTS,32,32
STATISTIC_COUNTERS,STAT_PORT_OAM_MIB,INOAMPDUPKTS,0,32
STATISTIC_COUNTERS,STAT_ACL_CNT,LOGGINGCOUNTER,0,32
STATISTIC_COUNTERS,STAT_CTRL,RESERVED,11,21
STATISTIC_COUNTERS,STAT_CTRL,SYNC_STATUS,10,1
STATISTIC_COUNTERS,STAT_CTRL,LATCH_TIMER,2,8
STATISTIC_COUNTERS,STAT_CTRL,SYNC_MODE,1,1
STATISTIC_COUNTERS,STAT_CTRL,CNTING_MODE,0,1
STATISTIC_COUNTERS,STAT_ACL_CNT_MODE,MODE,0,1
STATISTIC_COUNTERS,STAT_ACL_CNT_TYPE,TYPE,0,1
STATISTIC_COUNTERS,STAT_ACL_CNT_RST,EN,0,1
STATISTIC_COUNTERS,STAT_PORT_RST,RST_PORT_MIB,0,1
STATISTIC_COUNTERS,STAT_RST,RESERVED,4,28
STATISTIC_COUNTERS,STAT_RST,RST_STAT,3,1
STATISTIC_COUNTERS,STAT_RST,RST_MIB_VAL,2,1
STATISTIC_COUNTERS,STAT_RST,RESERVED,1,1
STATISTIC_COUNTERS,STAT_RST,RST_QM_MIB,0,1
STATISTIC_COUNTERS,STAT_RST_CFG,RESERVED,7,25
STATISTIC_COUNTERS,STAT_RST_CFG,BUSY_STAT,6,1
STATISTIC_COUNTERS,STAT_RST_CFG,RST_CMD,5,1
STATISTIC_COUNTERS,STAT_RST_CFG,RST_LLID_IDX,2,3
STATISTIC_COUNTERS,STAT_RST_CFG,RST_LLID,1,1
STATISTIC_COUNTERS,STAT_RST_CFG,RST_EPON_MIB,0,1
STATISTIC_COUNTERS,DOT3_Q_TX_FRAMES,DOT3EXTPKGSTATTXFRAMESQUEUE,0,32
STATISTIC_COUNTERS,DOT3_MPCP_RX_DISC,DOT3MPCPRXDISCOVERYGATE,0,32
STATISTIC_COUNTERS,DOT3_EPON_FEC_CORRECTED_BLOCKS,DOT3EPONFECCORRECTEDBLOCKS,0,32
STATISTIC_COUNTERS,DOT3_EPON_FEC_UNCORRECTED_BLOCKS,DOT3EPONFECUNCORRECTABLEBLOCKS,0,32
STATISTIC_COUNTERS,DOT3_EPON_FEC_CODING_VIO,FECPCSCODINGVIOLATION,0,32
STATISTIC_COUNTERS,DOT3_NOT_BROADCAST_BIT_NOT_ONU_LLID,NOTBROADCASTBITNOTONULLID,0,32
STATISTIC_COUNTERS,DOT3_BROADCAST_BIT_PLUS_ONU_LLID,BROADCASTBITPLUSONULLID,0,32
STATISTIC_COUNTERS,DOT3_BROADCAST_NOT_ONUID,BROADCASTBITNOTONULLID,0,32
STATISTIC_COUNTERS,DOT3_CRC8_ERRORS,CRC8ERRORS,0,32
STATISTIC_COUNTERS,DOT3_NOT_BROADCAST_LLID_7FFF,LLIDNOTBROADCAST_LID7FFF,0,32
STATISTIC_COUNTERS,DOT3_LLID_RX_BROADCAST_DROP_FRAMES,DOT3LLIDRXBROADCASTFRAMESDROP,0,32
STATISTIC_COUNTERS,DOT3_MPCP_TX_REG_ACK,MPCPTXREGACK,0,32
STATISTIC_COUNTERS,DOT3_MPCP_TX_REPORT,DOT3MPCPTXREPORT,0,32
STATISTIC_COUNTERS,DOT3_MPCP_RX_GATE,DOT3MPCPRXGATE,0,32
STATISTIC_COUNTERS,DS_FEC_CORRECTED_BLOCKS,COUNTER,0,32
STATISTIC_COUNTERS,DS_FEC_UNCORRECTED_BLOCKS,COUNTER,0,32
STATISTIC_COUNTERS,DOT3_ONUID_NOT_BROADCAST,ONULLIDNOTBROADCAST,0,32
STATISTIC_COUNTERS,STAT_DOT3_LLIDRXFRAMESDROP,DOT3LLIDRXFRAMESDROP,0,32
STATISTIC_COUNTERS,DOT3_MPCP_TX_REG_REQ,DOT3MPCPTXREGREQUEST,0,32
STATISTIC_COUNTERS,OMCI_DROP_PKT_CNT,OMCIDROPPKTCNT,0,32
STATISTIC_COUNTERS,OMCI_TX_PKT_CNT,OMCITXPKTCNT,0,32
STATISTIC_COUNTERS,OMCI_RX_PKT_CNT,OMCIRXPKTCNT,0,32
STATISTIC_COUNTERS,OMCI_TX_BYTE_CNT,OMCITXBYTECNT,0,32
STATISTIC_COUNTERS,OMCI_RX_BYTE_CNT,OMCIRXBYTECNT,0,32
STATISTIC_COUNTERS,OMCI_CRC_ERROR_PKT_CNT,OMCICRCERRORPKTCNT,0,32
STATISTIC_COUNTERS,STAT_BRIDGE_DOT1DTPLEARNEDENTRYDISCARDS,DOT1DTPLEARNEDENTRYDISCARDS,0,32
STATISTIC_COUNTERS,STAT_L34_MIB_UC,INL34IFUCOCTETS_L,160,32
STATISTIC_COUNTERS,STAT_L34_MIB_UC,INL34IFUCOCTETS_H,128,32
STATISTIC_COUNTERS,STAT_L34_MIB_UC,INL34IFUCPKTS,96,32
STATISTIC_COUNTERS,STAT_L34_MIB_UC,OUTL34IFUCPKTS,64,32
STATISTIC_COUNTERS,STAT_L34_MIB_UC,OUTL34IFUCOCTETS_L,32,32
STATISTIC_COUNTERS,STAT_L34_MIB_UC,OUTL34IFUCOCTETS_H,0,32
STATISTIC_COUNTERS,STAT_L34_MIB_MC,INL34IFMCOCTETS_L,160,32
STATISTIC_COUNTERS,STAT_L34_MIB_MC,INL34IFMCOCTETS_H,128,32
STATISTIC_COUNTERS,STAT_L34_MIB_MC,INL34IFMCPKTS,96,32
STATISTIC_COUNTERS,STAT_L34_MIB_MC,OUTL34IFMCPKTS,64,32
STATISTIC_COUNTERS,STAT_L34_MIB_MC,OUTL34IFMCOCTETS_L,32,32
STATISTIC_COUNTERS,STAT_L34_MIB_MC,OUTL34IFMCOCTETS_H,0,32
STATISTIC_COUNTERS,STAT_L34_MIB_BC,INL34IFBCOCTETS_L,160,32
STATISTIC_COUNTERS,STAT_L34_MIB_BC,INL34IFBCOCTETS_H,128,32
STATISTIC_COUNTERS,STAT_L34_MIB_BC,INL34IFBCPKTS,96,32
STATISTIC_COUNTERS,STAT_L34_MIB_BC,OUTL34IFBCPKTS,64,32
STATISTIC_COUNTERS,STAT_L34_MIB_BC,OUTL34IFBCOCTETS_L,32,32
STATISTIC_COUNTERS,STAT_L34_MIB_BC,OUTL34IFBCOCTETS_H,0,32
STATISTIC_COUNTERS,STAT_HOST_TX_MIB,TX_CNT_L,32,32
STATISTIC_COUNTERS,STAT_HOST_TX_MIB,TX_CNT_H,0,32
STATISTIC_COUNTERS,STAT_HOST_RX_MIB,RX_CNT_L,32,32
STATISTIC_COUNTERS,STAT_HOST_RX_MIB,RX_CNT_H,0,32
STATISTIC_COUNTERS,STAT_L34_FLOW_MIB,INL34FLOWOCTETS_L,160,32
STATISTIC_COUNTERS,STAT_L34_FLOW_MIB,INL34FLOWOCTETS_H,128,32
STATISTIC_COUNTERS,STAT_L34_FLOW_MIB,INL34FLOWPKTS,96,32
STATISTIC_COUNTERS,STAT_L34_FLOW_MIB,OUTL34FLOWPKTS,64,32
STATISTIC_COUNTERS,STAT_L34_FLOW_MIB,OUTL34FLOWOCTETS_L,32,32
STATISTIC_COUNTERS,STAT_L34_FLOW_MIB,OUTL34FLOWOCTETS_H,0,32
STATISTIC_COUNTERS,STAT_L34_RST,EN,0,1
STATISTIC_COUNTERS,STAT_HOST_RST,EN,0,1
STATISTIC_COUNTERS,STAT_L34_MC_RST,EN,0,1
STATISTIC_COUNTERS,STAT_L34_BC_RST,EN,0,1
FLOWCONTROL_BACKPRESSURE_THRESHOLD,FC_DROP_ALL_TH,RESERVED,10,22
FLOWCONTROL_BACKPRESSURE_THRESHOLD,FC_DROP_ALL_TH,TH,0,10
FLOWCONTROL_BACKPRESSURE_THRESHOLD,FC_PAUSE_ALL_TH,RESERVED,10,22
FLOWCONTROL_BACKPRESSURE_THRESHOLD,FC_PAUSE_ALL_TH,TH,0,10
FLOWCONTROL_BACKPRESSURE_THRESHOLD,FC_GLB_FCOFF_HI_TH,RESERVED,26,6
FLOWCONTROL_BACKPRESSURE_THRESHOLD,FC_GLB_FCOFF_HI_TH,ON_TH,16,10
FLOWCONTROL_BACKPRESSURE_THRESHOLD,FC_GLB_FCOFF_HI_TH,RESERVED,10,6
FLOWCONTROL_BACKPRESSURE_THRESHOLD,FC_GLB_FCOFF_HI_TH,OFF_TH,0,10
FLOWCONTROL_BACKPRESSURE_THRESHOLD,FC_GLB_FCOFF_LO_TH,RESERVED,26,6
FLOWCONTROL_BACKPRESSURE_THRESHOLD,FC_GLB_FCOFF_LO_TH,ON_TH,16,10
FLOWCONTROL_BACKPRESSURE_THRESHOLD,FC_GLB_FCOFF_LO_TH,RESERVED,10,6
FLOWCONTROL_BACKPRESSURE_THRESHOLD,FC_GLB_FCOFF_LO_TH,OFF_TH,0,10
FLOWCONTROL_BACKPRESSURE_THRESHOLD,FC_GLB_HI_TH,RESERVED,26,6
FLOWCONTROL_BACKPRESSURE_THRESHOLD,FC_GLB_HI_TH,ON_TH,16,10
FLOWCONTROL_BACKPRESSURE_THRESHOLD,FC_GLB_HI_TH,RESERVED,10,6
FLOWCONTROL_BACKPRESSURE_THRESHOLD,FC_GLB_HI_TH,OFF_TH,0,10
FLOWCONTROL_BACKPRESSURE_THRESHOLD,FC_GLB_LO_TH,RESERVED,26,6
FLOWCONTROL_BACKPRESSURE_THRESHOLD,FC_GLB_LO_TH,ON_TH,16,10
FLOWCONTROL_BACKPRESSURE_THRESHOLD,FC_GLB_LO_TH,RESERVED,10,6
FLOWCONTROL_BACKPRESSURE_THRESHOLD,FC_GLB_LO_TH,OFF_TH,0,10
FLOWCONTROL_BACKPRESSURE_THRESHOLD,FC_P_HI_TH,RESERVED,26,6
FLOWCONTROL_BACKPRESSURE_THRESHOLD,FC_P_HI_TH,ON_TH,16,10
FLOWCONTROL_BACKPRESSURE_THRESHOLD,FC_P_HI_TH,RESERVED,10,6
FLOWCONTROL_BACKPRESSURE_THRESHOLD,FC_P_HI_TH,OFF_TH,0,10
FLOWCONTROL_BACKPRESSURE_THRESHOLD,FC_P_LO_TH,RESERVED,26,6
FLOWCONTROL_BACKPRESSURE_THRESHOLD,FC_P_LO_TH,ON_TH,16,10
FLOWCONTROL_BACKPRESSURE_THRESHOLD,FC_P_LO_TH,RESERVED,10,6
FLOWCONTROL_BACKPRESSURE_THRESHOLD,FC_P_LO_TH,OFF_TH,0,10
FLOWCONTROL_BACKPRESSURE_THRESHOLD,FC_P_FCOFF_HI_TH,RESERVED,26,6
FLOWCONTROL_BACKPRESSURE_THRESHOLD,FC_P_FCOFF_HI_TH,ON_TH,16,10
FLOWCONTROL_BACKPRESSURE_THRESHOLD,FC_P_FCOFF_HI_TH,RESERVED,10,6
FLOWCONTROL_BACKPRESSURE_THRESHOLD,FC_P_FCOFF_HI_TH,OFF_TH,0,10
FLOWCONTROL_BACKPRESSURE_THRESHOLD,FC_P_FCOFF_LO_TH,RESERVED,26,6
FLOWCONTROL_BACKPRESSURE_THRESHOLD,FC_P_FCOFF_LO_TH,ON_TH,16,10
FLOWCONTROL_BACKPRESSURE_THRESHOLD,FC_P_FCOFF_LO_TH,RESERVED,10,6
FLOWCONTROL_BACKPRESSURE_THRESHOLD,FC_P_FCOFF_LO_TH,OFF_TH,0,10
FLOWCONTROL_BACKPRESSURE_THRESHOLD,FC_Q_EGR_DROP_TH,TH,0,10
FLOWCONTROL_BACKPRESSURE_THRESHOLD,FC_P_EGR_DROP_TH,TH,0,10
FLOWCONTROL_BACKPRESSURE_THRESHOLD,FC_P_Q_EGR_FC_EN,EN,0,1
FLOWCONTROL_BACKPRESSURE_THRESHOLD,PON_FC_P_Q_EGR_FC_EN,FC_EN,0,1
FLOWCONTROL_BACKPRESSURE_THRESHOLD,FC_DBG_CTRL,RESERVED,15,17
FLOWCONTROL_BACKPRESSURE_THRESHOLD,FC_DBG_CTRL,PAUSE_OFF_ORG_EN,14,1
FLOWCONTROL_BACKPRESSURE_THRESHOLD,FC_DBG_CTRL,PORT_NO,10,4
FLOWCONTROL_BACKPRESSURE_THRESHOLD,FC_DBG_CTRL,CLR_TOTAL_PKTCNT,9,1
FLOWCONTROL_BACKPRESSURE_THRESHOLD,FC_DBG_CTRL,CLR_PE_MAX_PAGE_CNT,8,1
FLOWCONTROL_BACKPRESSURE_THRESHOLD,FC_DBG_CTRL,CLR_Q_MAX_PAGE_CNT,0,8
FLOWCONTROL_BACKPRESSURE_THRESHOLD,CLR_MAX_USED_PAGE_CNT,RESERVED,1,31
FLOWCONTROL_BACKPRESSURE_THRESHOLD,CLR_MAX_USED_PAGE_CNT,CLR_MAX_USED_PAGE_CNT,0,1
FLOWCONTROL_BACKPRESSURE_THRESHOLD,FC_TOTAL_PAGE_CNT,RESERVED,10,22
FLOWCONTROL_BACKPRESSURE_THRESHOLD,FC_TOTAL_PAGE_CNT,TOTAL_PAGE_CNT,0,10
FLOWCONTROL_BACKPRESSURE_THRESHOLD,FC_PE_USED_PAGE_CNT,RESERVED,26,6
FLOWCONTROL_BACKPRESSURE_THRESHOLD,FC_PE_USED_PAGE_CNT,PE_MAX_USED_PAGE_CNT,16,10
FLOWCONTROL_BACKPRESSURE_THRESHOLD,FC_PE_USED_PAGE_CNT,RESERVED,10,6
FLOWCONTROL_BACKPRESSURE_THRESHOLD,FC_PE_USED_PAGE_CNT,PE_USED_PAGE_CNT,0,10
FLOWCONTROL_BACKPRESSURE_THRESHOLD,FC_Q_USED_PAGE_CNT,RESERVED,26,6
FLOWCONTROL_BACKPRESSURE_THRESHOLD,FC_Q_USED_PAGE_CNT,Q_MAX_USED_PAGE_CNT,16,10
FLOWCONTROL_BACKPRESSURE_THRESHOLD,FC_Q_USED_PAGE_CNT,RESERVED,10,6
FLOWCONTROL_BACKPRESSURE_THRESHOLD,FC_Q_USED_PAGE_CNT,Q_USED_PAGE_CNT,0,10
FLOWCONTROL_BACKPRESSURE_THRESHOLD,FC_TL_USED_PAGE_CNT,RESERVED,26,6
FLOWCONTROL_BACKPRESSURE_THRESHOLD,FC_TL_USED_PAGE_CNT,TL_MAX_USED_PAGE_CNT,16,10
FLOWCONTROL_BACKPRESSURE_THRESHOLD,FC_TL_USED_PAGE_CNT,RESERVED,10,6
FLOWCONTROL_BACKPRESSURE_THRESHOLD,FC_TL_USED_PAGE_CNT,TL_USED_PAGE_CNT,0,10
FLOWCONTROL_BACKPRESSURE_THRESHOLD,FC_PUB_USED_PAGE_CNT,RESERVED,26,6
FLOWCONTROL_BACKPRESSURE_THRESHOLD,FC_PUB_USED_PAGE_CNT,PUB_MAX_USED_PAGE_CNT,16,10
FLOWCONTROL_BACKPRESSURE_THRESHOLD,FC_PUB_USED_PAGE_CNT,RESERVED,10,6
FLOWCONTROL_BACKPRESSURE_THRESHOLD,FC_PUB_USED_PAGE_CNT,PUB_USED_PAGE_CNT,0,10
FLOWCONTROL_BACKPRESSURE_THRESHOLD,FC_PUB_FCOFF_USED_PAGE_CNT,RESERVED,26,6
FLOWCONTROL_BACKPRESSURE_THRESHOLD,FC_PUB_FCOFF_USED_PAGE_CNT,PUB_FCOFF_MAX_USED_PAGE_CNT,16,10
FLOWCONTROL_BACKPRESSURE_THRESHOLD,FC_PUB_FCOFF_USED_PAGE_CNT,RESERVED,10,6
FLOWCONTROL_BACKPRESSURE_THRESHOLD,FC_PUB_FCOFF_USED_PAGE_CNT,PUB_FCOFF_USED_PAGE_CNT,0,10
FLOWCONTROL_BACKPRESSURE_THRESHOLD,FC_P_USED_PAGE_CNT,RESERVED,26,6
FLOWCONTROL_BACKPRESSURE_THRESHOLD,FC_P_USED_PAGE_CNT,P_MAX_USED_PAGE_CNT,16,10
FLOWCONTROL_BACKPRESSURE_THRESHOLD,FC_P_USED_PAGE_CNT,RESERVED,10,6
FLOWCONTROL_BACKPRESSURE_THRESHOLD,FC_P_USED_PAGE_CNT,P_USED_PAGE_CNT,0,10
FLOWCONTROL_BACKPRESSURE_THRESHOLD,FC_PON_GLB_HI_TH,RESERVED,26,6
FLOWCONTROL_BACKPRESSURE_THRESHOLD,FC_PON_GLB_HI_TH,ON_TH,16,10
FLOWCONTROL_BACKPRESSURE_THRESHOLD,FC_PON_GLB_HI_TH,RESERVED,10,6
FLOWCONTROL_BACKPRESSURE_THRESHOLD,FC_PON_GLB_HI_TH,OFF_TH,0,10
FLOWCONTROL_BACKPRESSURE_THRESHOLD,FC_PON_GLB_LO_TH,RESERVED,26,6
FLOWCONTROL_BACKPRESSURE_THRESHOLD,FC_PON_GLB_LO_TH,ON_TH,16,10
FLOWCONTROL_BACKPRESSURE_THRESHOLD,FC_PON_GLB_LO_TH,RESERVED,10,6
FLOWCONTROL_BACKPRESSURE_THRESHOLD,FC_PON_GLB_LO_TH,OFF_TH,0,10
FLOWCONTROL_BACKPRESSURE_THRESHOLD,FC_PON_P_HI_TH,RESERVED,26,6
FLOWCONTROL_BACKPRESSURE_THRESHOLD,FC_PON_P_HI_TH,ON_TH,16,10
FLOWCONTROL_BACKPRESSURE_THRESHOLD,FC_PON_P_HI_TH,RESERVED,10,6
FLOWCONTROL_BACKPRESSURE_THRESHOLD,FC_PON_P_HI_TH,OFF_TH,0,10
FLOWCONTROL_BACKPRESSURE_THRESHOLD,FC_PON_P_LO_TH,RESERVED,26,6
FLOWCONTROL_BACKPRESSURE_THRESHOLD,FC_PON_P_LO_TH,ON_TH,16,10
FLOWCONTROL_BACKPRESSURE_THRESHOLD,FC_PON_P_LO_TH,RESERVED,10,6
FLOWCONTROL_BACKPRESSURE_THRESHOLD,FC_PON_P_LO_TH,OFF_TH,0,10
FLOWCONTROL_BACKPRESSURE_THRESHOLD,FC_PON_Q_EGR_FC_EN,EN,0,1
FLOWCONTROL_BACKPRESSURE_THRESHOLD,TH_TX_PREFET,RESERVED,8,24
FLOWCONTROL_BACKPRESSURE_THRESHOLD,TH_TX_PREFET,CFG_TH_TX_PREFET,0,8
FLOWCONTROL_BACKPRESSURE_THRESHOLD,SPG_GLB_CTRL,RESERVED,16,16
FLOWCONTROL_BACKPRESSURE_THRESHOLD,SPG_GLB_CTRL,PAUSE_TIME,0,16
CONGESTION_AVOIDANCE,SC_P_CTRL_0,RESERVED,24,8
CONGESTION_AVOIDANCE,SC_P_CTRL_0,CGST_TMR_H,20,4
CONGESTION_AVOIDANCE,SC_P_CTRL_0,CGST_SUST_TMR_LMT_H,16,4
CONGESTION_AVOIDANCE,SC_P_CTRL_0,RESERVED,8,8
CONGESTION_AVOIDANCE,SC_P_CTRL_0,CGST_TMR,4,4
CONGESTION_AVOIDANCE,SC_P_CTRL_0,CGST_SUST_TMR_LMT,0,4
CONGESTION_AVOIDANCE,SC_P_CTRL_1,RESERVED,11,21
CONGESTION_AVOIDANCE,SC_P_CTRL_1,CGST_IND,0,11
QUEUE_MANAGEMENT,QOS_INTPRI_TO_QID,PRI_TO_QID,0,3
QUEUE_MANAGEMENT,QOS_PORT_QMAP_CTRL,IDX,0,2
QUEUE_MANAGEMENT,EPON_LLID_SIDMAP_CTRL,IDX,0,2
QUEUE_MANAGEMENT,QOS_UNI_TRAP_PRI_CTRL,RESERVED,4,28
QUEUE_MANAGEMENT,QOS_UNI_TRAP_PRI_CTRL,UNI_TRAP_PRIORITY,1,3
QUEUE_MANAGEMENT,QOS_UNI_TRAP_PRI_CTRL,ASSIGN_UNI_TRAPRI,0,1
INGRESS_PRIORITY_DECISION,QOS_1Q_PRI_REMAP,INTPRI_1Q,0,3
INGRESS_PRIORITY_DECISION,QOS_DSCP_REMAP,INTPRI_DSCP,0,3
INGRESS_PRIORITY_DECISION,QOS_PB_PRI,INTPRI_PB,0,3
INGRESS_PRIORITY_DECISION,PRI_SEL_TBL_CTRL,RESERVED,15,17
INGRESS_PRIORITY_DECISION,PRI_SEL_TBL_CTRL,SVLAN_WEIGHT,12,3
INGRESS_PRIORITY_DECISION,PRI_SEL_TBL_CTRL,ACL_WEIGHT,9,3
INGRESS_PRIORITY_DECISION,PRI_SEL_TBL_CTRL,DSCP_WEIGHT,6,3
INGRESS_PRIORITY_DECISION,PRI_SEL_TBL_CTRL,DOT1Q_WEIGHT,3,3
INGRESS_PRIORITY_DECISION,PRI_SEL_TBL_CTRL,PORT_WEIGHT,0,3
INGRESS_PRIORITY_DECISION,PRI_SEL_TBL_CFG,SEL,0,2
INGRESS_PRIORITY_DECISION,QOS_PRI_REMAP_IN_CPU,PRI,0,3
REMARKING,RMK_DOT1Q_RMK_EN_CTRL,EN,0,1
REMARKING,RMK_1Q_CTRL,INTPRI_1Q,0,3
REMARKING,RMK_DSCP_RMK_EN_CTRL,EN,0,1
REMARKING,RMK_DSCP_CTRL,INTPRI_DSCP,0,6
REMARKING,RMK_DSCP_INT_PRI_CTRL,INTPRI_DSCP,0,6
REMARKING,RMK_P_DSCP_SEL,SEL,0,1
REMARKING,RMK_P_1P_SEL,SEL,0,1
SCHEDULING,WFQ_CTRL,RESERVED,18,14
SCHEDULING,WFQ_CTRL,WFQ_MODE,17,1
SCHEDULING,WFQ_CTRL,WFQ_IFG,16,1
SCHEDULING,WFQ_CTRL,WFQ_BURSTSIZE,0,16
SCHEDULING,EGR_BWCTRL_P_CTRL,RESERVED,20,12
SCHEDULING,EGR_BWCTRL_P_CTRL,RATE,1,19
SCHEDULING,EGR_BWCTRL_P_CTRL,IFG,0,1
SCHEDULING,LINE_RATE_1G,RESERVED,19,13
SCHEDULING,LINE_RATE_1G,RATE,0,19
SCHEDULING,LINE_RATE_500M,RESERVED,19,13
SCHEDULING,LINE_RATE_500M,RATE,0,19
SCHEDULING,LINE_RATE_100M,RESERVED,19,13
SCHEDULING,LINE_RATE_100M,RATE,0,19
SCHEDULING,LINE_RATE_10M,RESERVED,19,13
SCHEDULING,LINE_RATE_10M,RATE,0,19
SCHEDULING,OUTPUT_DROP_CFG,RESERVED,3,29
SCHEDULING,OUTPUT_DROP_CFG,OD_BC_SEL,2,1
SCHEDULING,OUTPUT_DROP_CFG,OD_MC_SEL,1,1
SCHEDULING,OUTPUT_DROP_CFG,OD_UC_SEL,0,1
SCHEDULING,OUTPUT_DROP_EN,EN,0,1
SCHEDULING,WFQ_PORT_CFG0,WEIGHT0,0,16
SCHEDULING,WFQ_PORT_CFG1_7,WEIGHT1_7,0,10
SCHEDULING,WFQ_TYPE_PORT_CFG,QUEUE_TYPE,0,1
SCHEDULING,APR_EN_PORT_CFG,EN,0,1
SCHEDULING,APR_METER_PORT_CFG,IDX,0,3
SCHEDULING,P_QUEUE_EMPTY,RESERVED,12,20
SCHEDULING,P_QUEUE_EMPTY,EMPTY,0,12
SCHEDULING,MOCIR_BPT,RESERVED,8,24
SCHEDULING,MOCIR_BPT,MOCIR_BPT,0,8
SCHEDULING,BYTE_TOKEN_METER,RESERVED,8,24
SCHEDULING,BYTE_TOKEN_METER,BYTES_PERTKN_BWMTR,0,8
SCHEDULING,SCH_DUMMY0,RESERVED,1,31
SCHEDULING,SCH_DUMMY0,SCH_DUMMY0,0,1
SCHEDULING,HYS_GAP_OUTQ,RESERVED,26,6
SCHEDULING,HYS_GAP_OUTQ,GAP_EP_OVER,16,10
SCHEDULING,HYS_GAP_OUTQ,RESERVED,10,6
SCHEDULING,HYS_GAP_OUTQ,GAP_OQ_OVER,0,10
SCHEDULING,LINE_RATE_2500M_0,RESERVED,20,12
SCHEDULING,LINE_RATE_2500M_0,EN_RATE_2500M,19,1
SCHEDULING,LINE_RATE_2500M_0,RATE,0,19
SCHEDULING,LINE_RATE_2500M_1,RESERVED,20,12
SCHEDULING,LINE_RATE_2500M_1,EN_RATE_2500M,19,1
SCHEDULING,LINE_RATE_2500M_1,RATE,0,19
SCHEDULING,SCH_WFQ_OPT,RESERVED,19,13
SCHEDULING,SCH_WFQ_OPT,WFQ_TKN_CTRL,18,1
SCHEDULING,SCH_WFQ_OPT,WFQ_WTSCL,17,1
SCHEDULING,SCH_WFQ_OPT,SCH_EN_WFQ_2ND_TH,16,1
SCHEDULING,SCH_WFQ_OPT,WFQ_BURSTSIZE_L,0,16
PIE_TEMPLATE,ACL_TEMPLATE_CTRL,FIELD,0,7
FLOW_CLASSIFICATION_FLOW_TABLE_,CF_CFG,RESERVED,4,28
FLOW_CLASSIFICATION_FLOW_TABLE_,CF_CFG,CF_TRAP_PRI,1,3
FLOW_CLASSIFICATION_FLOW_TABLE_,CF_CFG,CF_US_PERMIT,0,1
FLOW_CLASSIFICATION_FLOW_TABLE_,CF_TEMPLATE_SEL,SEL,0,2
FLOW_CLASSIFICATION_FLOW_TABLE_,CF_EN,EN,0,1
INGRESS_ACL,ACL_EN,EN,0,1
INGRESS_ACL,ACL_PERMIT,PERMIT,0,1
INGRESS_ACL,ACL_ACTION,RESERVED,7,25
INGRESS_ACL,ACL_ACTION,NOT,6,1
INGRESS_ACL,ACL_ACTION,INT_CF,5,1
INGRESS_ACL,ACL_ACTION,FWD,4,1
INGRESS_ACL,ACL_ACTION,POLICING,3,1
INGRESS_ACL,ACL_ACTION,PRI,2,1
INGRESS_ACL,ACL_ACTION,SVLAN,1,1
INGRESS_ACL,ACL_ACTION,CVLAN,0,1
INGRESS_ACL,ACL_CFG,RESERVED,8,24
INGRESS_ACL,ACL_CFG,CFHITLATCH,0,8
RANGE_CHECK_PORT_VLAN_IP_L4PORT_,RNG_CHK_VID_RNG,RESERVED,26,6
RANGE_CHECK_PORT_VLAN_IP_L4PORT_,RNG_CHK_VID_RNG,TYPE,24,2
RANGE_CHECK_PORT_VLAN_IP_L4PORT_,RNG_CHK_VID_RNG,VID_UPPER,12,12
RANGE_CHECK_PORT_VLAN_IP_L4PORT_,RNG_CHK_VID_RNG,VID_LOWER,0,12
RANGE_CHECK_PORT_VLAN_IP_L4PORT_,RNG_CHK_IP_RNG,RESERVED,259,29
RANGE_CHECK_PORT_VLAN_IP_L4PORT_,RNG_CHK_IP_RNG,TYPE,256,3
RANGE_CHECK_PORT_VLAN_IP_L4PORT_,RNG_CHK_IP_RNG,IP_UPPER_127_96,224,32
RANGE_CHECK_PORT_VLAN_IP_L4PORT_,RNG_CHK_IP_RNG,IP_UPPER_95_64,192,32
RANGE_CHECK_PORT_VLAN_IP_L4PORT_,RNG_CHK_IP_RNG,IP_UPPER_63_32,160,32
RANGE_CHECK_PORT_VLAN_IP_L4PORT_,RNG_CHK_IP_RNG,IP_UPPER_31_0,128,32
RANGE_CHECK_PORT_VLAN_IP_L4PORT_,RNG_CHK_IP_RNG,IP_LOWER_127_96,96,32
RANGE_CHECK_PORT_VLAN_IP_L4PORT_,RNG_CHK_IP_RNG,IP_LOWER_95_64,64,32
RANGE_CHECK_PORT_VLAN_IP_L4PORT_,RNG_CHK_IP_RNG,IP_LOWER_63_32,32,32
RANGE_CHECK_PORT_VLAN_IP_L4PORT_,RNG_CHK_IP_RNG,IP_LOWER_31_0,0,32
RANGE_CHECK_PORT_VLAN_IP_L4PORT_,RNG_CHK_L4PORT_RNG,RESERVED,34,30
RANGE_CHECK_PORT_VLAN_IP_L4PORT_,RNG_CHK_L4PORT_RNG,TYPE,32,2
RANGE_CHECK_PORT_VLAN_IP_L4PORT_,RNG_CHK_L4PORT_RNG,L4PORT_UPPER,16,16
RANGE_CHECK_PORT_VLAN_IP_L4PORT_,RNG_CHK_L4PORT_RNG,L4PORT_LOWER,0,16
RANGE_CHECK_PORT_VLAN_IP_L4PORT_,RNG_CHK_PKTLEN_RNG,RESERVED,29,3
RANGE_CHECK_PORT_VLAN_IP_L4PORT_,RNG_CHK_PKTLEN_RNG,TYPE,28,1
RANGE_CHECK_PORT_VLAN_IP_L4PORT_,RNG_CHK_PKTLEN_RNG,PKTLEN_UPPER,14,14
RANGE_CHECK_PORT_VLAN_IP_L4PORT_,RNG_CHK_PKTLEN_RNG,PKTLEN_LOWER,0,14
OAM,OAM_P_CTRL_0,OAM_PARSER,0,2
OAM,OAM_P_CTRL_1,OAM_MULTIPLEXER,0,1
OAM,OAM_CTRL_0,RESERVED,3,29
OAM,OAM_CTRL_0,OAM_PRIORITY,0,3
OAM,OAM_P_EN,EN,0,1
RLDP,RLDP_CTRL_0,RESERVED,1,31
RLDP,RLDP_CTRL_0,ACT_RUNOUTDSC,0,1
RLDP,RLDP_CTRL_1,RESERVED,1,31
RLDP,RLDP_CTRL_1,EN,0,1
RLDP,RLDP_CHK_STS_CTRL,RESERVED,24,8
RLDP,RLDP_CHK_STS_CTRL,PERIOD,8,16
RLDP,RLDP_CHK_STS_CTRL,CNT,0,8
RLDP,RLDP_LP_STS_CTRL,RESERVED,24,8
RLDP,RLDP_LP_STS_CTRL,PERIOD,8,16
RLDP,RLDP_LP_STS_CTRL,CNT,0,8
RLDP,RLDP_RNDM_NUM,RESERVED,48,16
RLDP,RLDP_RNDM_NUM,NUM_47_32,32,16
RLDP,RLDP_RNDM_NUM,NUM_31_0,0,32
RLDP,RLDP_MAGIC_NUM,RESERVED,48,16
RLDP,RLDP_MAGIC_NUM,NUM_47_32,32,16
RLDP,RLDP_MAGIC_NUM,NUM_31_0,0,32
RLDP,RLDP_PORT_TX_EN,EN,0,1
RLDP,RLDP_PORT_LP_ENTER_STS,STS,0,1
RLDP,RLDP_PORT_LP_LEAVE_STS,STS,0,1
RLDP,RLDP_PORT_LP_STS,STS,0,1
RLDP,RLDP_PORT_LP_PNUM,P_NUM,0,4
PARSER_HSB,HSB_CFG,RESERVED,2,30
PARSER_HSB,HSB_CFG,INVALID_LEN_OF_NHS,1,1
PARSER_HSB,HSB_CFG,INVALID_IP_TYPE_ACT,0,1
PARSER_HSB,HSB_CTRL,RESERVED,40,24
PARSER_HSB,HSB_CTRL,LATCH_HSA_REASON,32,8
PARSER_HSB,HSB_CTRL,VALID,31,1
PARSER_HSB,HSB_CTRL,RESERVED,28,3
PARSER_HSB,HSB_CTRL,LATCH_IGR_PBO,27,1
PARSER_HSB,HSB_CTRL,LATCH_EGR_PMSK,16,11
PARSER_HSB,HSB_CTRL,LATCH_IGR_PMSK,5,11
PARSER_HSB,HSB_CTRL,LATCH_MODE,2,3
PARSER_HSB,HSB_CTRL,RESERVED,0,2
PARSER_HSB,HSB_DATA,DATA,0,32
PARSER_HSB,HSB_PARSER,DATA,0,32
MODIFIER_HSA,HSA_DATA,DATA,0,32
MODIFIER_HSA,HSD_DATA,DATA,0,32
MODIFIER_HSA,HSD_CFG,RESERVED,19,13
MODIFIER_HSA,HSD_CFG,VALID,18,1
MODIFIER_HSA,HSD_CFG,LATCH_HSD_REASON,10,8
MODIFIER_HSA,HSD_CFG,LATCH_MODE,8,2
MODIFIER_HSA,HSD_CFG,LATCH_IGR_PORT,4,4
MODIFIER_HSA,HSD_CFG,LATCH_EGR_PORT,0,4
MODIFIER_HSA,EXTRA_TAG_INFO,RESERVED,8,24
MODIFIER_HSA,EXTRA_TAG_INFO,EX_TAG_INC_LEN,0,8
MODIFIER_HSA,HSM_DATA,DATA,0,32
MODIFIER_HSA,FBHSA_DATA,DATA,0,32
MODIFIER_HSA,FBHSA_CTRL,RESERVED,48,16
MODIFIER_HSA,FBHSA_CTRL,LATCH_FB_HSA_REASON,40,8
MODIFIER_HSA,FBHSA_CTRL,RESERVED,37,3
MODIFIER_HSA,FBHSA_CTRL,FBHSA_VALID,36,1
MODIFIER_HSA,FBHSA_CTRL,RESERVED,32,4
MODIFIER_HSA,FBHSA_CTRL,RESERVED,30,2
MODIFIER_HSA,FBHSA_CTRL,LATCH_FB_EGR_PMSK,19,11
MODIFIER_HSA,FBHSA_CTRL,LATCH_FB_IGR_PMSK,8,11
MODIFIER_HSA,FBHSA_CTRL,RESERVED,7,1
MODIFIER_HSA,FBHSA_CTRL,LATCH_FB_MODE,4,3
MODIFIER_HSA,FBHSA_CTRL,RESERVED,0,4
DEBUGGING_ALE_LOOPBACK_DROP_MECHANISM_FC_AND_QM_,PORT_VM_EN,RESERVED,1,31
DEBUGGING_ALE_LOOPBACK_DROP_MECHANISM_FC_AND_QM_,PORT_VM_EN,PORT_VM_EN,0,1
DEBUGGING_ALE_LOOPBACK_DROP_MECHANISM_FC_AND_QM_,PORT_VM_RX,RESERVED,9,23
DEBUGGING_ALE_LOOPBACK_DROP_MECHANISM_FC_AND_QM_,PORT_VM_RX,PORT_VM_RXDV,8,1
DEBUGGING_ALE_LOOPBACK_DROP_MECHANISM_FC_AND_QM_,PORT_VM_RX,PORT_VM_RXD,0,8
DEBUGGING_ALE_LOOPBACK_DROP_MECHANISM_FC_AND_QM_,PORT_VM_TX,RESERVED,9,23
DEBUGGING_ALE_LOOPBACK_DROP_MECHANISM_FC_AND_QM_,PORT_VM_TX,PORT_VM_TXEN,8,1
DEBUGGING_ALE_LOOPBACK_DROP_MECHANISM_FC_AND_QM_,PORT_VM_TX,PORT_VM_TXD,0,8
IGMP_SNOOPING,IGMP_MC_GROUP,RESERVED,54,10
IGMP_SNOOPING,IGMP_MC_GROUP,VALID,53,1
IGMP_SNOOPING,IGMP_MC_GROUP,EXTMBRIDX,48,5
IGMP_SNOOPING,IGMP_MC_GROUP,RESERVED,43,5
IGMP_SNOOPING,IGMP_MC_GROUP,PMSK,32,11
IGMP_SNOOPING,IGMP_MC_GROUP,RESERVED,28,4
IGMP_SNOOPING,IGMP_MC_GROUP,GIP,0,28
IGMP_SNOOPING,IGMP_GLB_CTRL,RESERVED,8,24
IGMP_SNOOPING,IGMP_GLB_CTRL,TRAP_PRIORITY,5,3
IGMP_SNOOPING,IGMP_GLB_CTRL,PISO_LEAKY,4,1
IGMP_SNOOPING,IGMP_GLB_CTRL,VLAN_LEAKY,3,1
IGMP_SNOOPING,IGMP_GLB_CTRL,DISC_STORM_FILTER,2,1
IGMP_SNOOPING,IGMP_GLB_CTRL,RESERVED,0,2
IGMP_SNOOPING,IGMP_P_CTRL,RESERVED,11,21
IGMP_SNOOPING,IGMP_P_CTRL,ALLOW_MC_DATA,10,1
IGMP_SNOOPING,IGMP_P_CTRL,MLDV2_OP,8,2
IGMP_SNOOPING,IGMP_P_CTRL,MLDV1_OP,6,2
IGMP_SNOOPING,IGMP_P_CTRL,IGMPV3_OP,4,2
IGMP_SNOOPING,IGMP_P_CTRL,IGMPV2_OP,2,2
IGMP_SNOOPING,IGMP_P_CTRL,IGMPV1_OP,0,2
L3_MISC,FB_IPID_TBL,RESERVED,16,16
L3_MISC,FB_IPID_TBL,IP4_ID,0,16
TABLE_ACCESS,TBL_ACCESS_CTRL,ACS_CMD_PS,31,1
TABLE_ACCESS,TBL_ACCESS_CTRL,RESERVED,24,7
TABLE_ACCESS,TBL_ACCESS_CTRL,ADDR,12,12
TABLE_ACCESS,TBL_ACCESS_CTRL,SPA,8,4
TABLE_ACCESS,TBL_ACCESS_CTRL,ACCESS_METHOD,5,3
TABLE_ACCESS,TBL_ACCESS_CTRL,CMD_TYPE,3,2
TABLE_ACCESS,TBL_ACCESS_CTRL,TBL_TYPE,0,3
TABLE_ACCESS,TBL_ACCESS_STS,RESERVED,14,18
TABLE_ACCESS,TBL_ACCESS_STS,BUSY_FLAG,13,1
TABLE_ACCESS,TBL_ACCESS_STS,HIT_STATUS,12,1
TABLE_ACCESS,TBL_ACCESS_STS,TYPE,11,1
TABLE_ACCESS,TBL_ACCESS_STS,ADDR,0,11
TABLE_ACCESS,TBL_ACCESS_WR_DATA,DATA,0,32
TABLE_ACCESS,TBL_ACCESS_RD_DATA,DATA,0,32
PTP_PRECISION_TIME_PROTOCOL_,PTP_TIME_SEC,RESERVED,48,16
PTP_PRECISION_TIME_PROTOCOL_,PTP_TIME_SEC,SEC_47_32,32,16
PTP_PRECISION_TIME_PROTOCOL_,PTP_TIME_SEC,SEC_31_0,0,32
PTP_PRECISION_TIME_PROTOCOL_,PTP_TIME_NSEC,RESERVED,30,2
PTP_PRECISION_TIME_PROTOCOL_,PTP_TIME_NSEC,NSEC_UNIT,3,27
PTP_PRECISION_TIME_PROTOCOL_,PTP_TIME_NSEC,RESERVED,1,2
PTP_PRECISION_TIME_PROTOCOL_,PTP_TIME_NSEC,SEC_TRANS,0,1
PTP_PRECISION_TIME_PROTOCOL_,PTP_TIME_OFFSET_SEC,RESERVED,48,16
PTP_PRECISION_TIME_PROTOCOL_,PTP_TIME_OFFSET_SEC,SEC_47_32,32,16
PTP_PRECISION_TIME_PROTOCOL_,PTP_TIME_OFFSET_SEC,SEC_31_0,0,32
PTP_PRECISION_TIME_PROTOCOL_,PTP_TIME_OFFSET_8NSEC,RESERVED,30,2
PTP_PRECISION_TIME_PROTOCOL_,PTP_TIME_OFFSET_8NSEC,NSEC_UNIT,3,27
PTP_PRECISION_TIME_PROTOCOL_,PTP_TIME_OFFSET_8NSEC,RESERVED,0,3
PTP_PRECISION_TIME_PROTOCOL_,PTP_TIME_FREQ,RESERVED,28,4
PTP_PRECISION_TIME_PROTOCOL_,PTP_TIME_FREQ,FREQ,0,28
PTP_PRECISION_TIME_PROTOCOL_,PTP_TIME_CTRL,RESERVED,4,28
PTP_PRECISION_TIME_PROTOCOL_,PTP_TIME_CTRL,PPS_EN,3,1
PTP_PRECISION_TIME_PROTOCOL_,PTP_TIME_CTRL,TOD_EN,2,1
PTP_PRECISION_TIME_PROTOCOL_,PTP_TIME_CTRL,PTP_TIME_LATCH,1,1
PTP_PRECISION_TIME_PROTOCOL_,PTP_TIME_CTRL,CMD,0,1
PTP_PRECISION_TIME_PROTOCOL_,PTP_TRANSPARENT_CFG,TRANSPARENT_PORT,0,1
PTP_PRECISION_TIME_PROTOCOL_,PTP_IGR_MSG_ACT,ACT,0,2
PTP_PRECISION_TIME_PROTOCOL_,PTP_EGR_MSG_ACT,ACT,0,2
PTP_PRECISION_TIME_PROTOCOL_,PTP_MEANPATH_DELAY,RESERVED,31,1
PTP_PRECISION_TIME_PROTOCOL_,PTP_MEANPATH_DELAY,DELAY,0,31
PTP_PRECISION_TIME_PROTOCOL_,PTP_RX_TIME,RESERVED,35,29
PTP_PRECISION_TIME_PROTOCOL_,PTP_RX_TIME,SEC_2_0,32,3
PTP_PRECISION_TIME_PROTOCOL_,PTP_RX_TIME,RESERVED,30,2
PTP_PRECISION_TIME_PROTOCOL_,PTP_RX_TIME,NSEC_UNIT,3,27
PTP_PRECISION_TIME_PROTOCOL_,PTP_RX_TIME,RESERVED,0,3
PTP_PRECISION_TIME_PROTOCOL_,PTP_P_EN,RESERVED,1,31
PTP_PRECISION_TIME_PROTOCOL_,PTP_P_EN,PTP_EN,0,1
PTP_PRECISION_TIME_PROTOCOL_,PTP_PON_TOD_SEC,RESERVED,48,16
PTP_PRECISION_TIME_PROTOCOL_,PTP_PON_TOD_SEC,SEC_47_32,32,16
PTP_PRECISION_TIME_PROTOCOL_,PTP_PON_TOD_SEC,SEC_31_0,0,32
PTP_PRECISION_TIME_PROTOCOL_,PTP_PON_TOD_NSEC,RESERVED,30,2
PTP_PRECISION_TIME_PROTOCOL_,PTP_PON_TOD_NSEC,NSEC_UNIT,3,27
PTP_PRECISION_TIME_PROTOCOL_,PTP_PON_TOD_NSEC,RESERVED,0,3
PTP_PRECISION_TIME_PROTOCOL_,PTP_P_TX_IND,RESERVED,1,31
PTP_PRECISION_TIME_PROTOCOL_,PTP_P_TX_IND,STATE,0,1
PARSER,PARSER_FIELD_SELTOR_CTRL,RESERVED,11,21
PARSER,PARSER_FIELD_SELTOR_CTRL,OFFSET,3,8
PARSER,PARSER_FIELD_SELTOR_CTRL,FMT,0,3
PON_MAC_SCHEDULING_CONFIG,PON_TRAP_CFG,RESERVED,3,29
PON_MAC_SCHEDULING_CONFIG,PON_TRAP_CFG,OMCI_MPCP_PRIORITY,0,3
PON_MAC_SCHEDULING_CONFIG,RX_SID_GOOD_CNT_US,SID_CNT,0,32
PON_MAC_SCHEDULING_CONFIG,RX_ERR_CNT_US,SID_CNT,0,32
PON_MAC_SCHEDULING_CONFIG,RX_SID_BAD_CNT_US,SID_CNT,0,32
PON_MAC_SCHEDULING_CONFIG,TX_SID_CNT_US,SID_CNT,0,32
PON_MAC_SCHEDULING_CONFIG,TX_SID_FRAG_CNT_US,SID_CNT,0,32
PON_MAC_SCHEDULING_CONFIG,TX_EMPTY_EOB_US,SID_CNT,0,32
PON_MAC_SCHEDULING_CONFIG,RX_SID_CNT_US,SID_CNT,0,32
PON_MAC_SCHEDULING_CONFIG,CNT_MASK_US,SID_MASK,0,1
PON_MAC_SCHEDULING_CONFIG,RX_DROP_CNT_US,DROP_CNT,0,32
PON_MAC_SCHEDULING_CONFIG,RX_SID_GOOD_CNT_DS,SID_CNT,0,32
PON_MAC_SCHEDULING_CONFIG,RX_SID_BAD_CNT_DS,SID_CNT,0,32
PON_MAC_SCHEDULING_CONFIG,RX_SID_FRAG_CNT_DS,SID_CNT,0,32
PON_MAC_SCHEDULING_CONFIG,RX_DROP_CNT_DS,DROP_CNT,0,32
PON_MAC_SCHEDULING_CONFIG,RX_ERR_CNT_DS,SID_CNT,0,32
PON_MAC_SCHEDULING_CONFIG,TX_SID_CNT_DS,SID_CNT,0,32
PON_MAC_SCHEDULING_CONFIG,CNT_MASK_DS,SID_MASK,0,1
PON_MAC_SCHEDULING_CONFIG,RX_STS_DS,RESERVED,3,29
PON_MAC_SCHEDULING_CONFIG,RX_STS_DS,PONNIC_TX_STOP,2,1
PON_MAC_SCHEDULING_CONFIG,RX_STS_DS,FC_CGST_LAT,1,1
PON_MAC_SCHEDULING_CONFIG,RX_STS_DS,FC_CGST,0,1
PON_MAC_SCHEDULING_CONFIG,PON_LX_MON_SAMPLE,RESERVED,17,15
PON_MAC_SCHEDULING_CONFIG,PON_LX_MON_SAMPLE,CFG_SAMPLE_SRC,15,2
PON_MAC_SCHEDULING_CONFIG,PON_LX_MON_SAMPLE,CFG_OP_RD,14,1
PON_MAC_SCHEDULING_CONFIG,PON_LX_MON_SAMPLE,CFG_OP_WR,13,1
PON_MAC_SCHEDULING_CONFIG,PON_LX_MON_SAMPLE,CFG_SAMPLE_SEL,10,3
PON_MAC_SCHEDULING_CONFIG,PON_LX_MON_SAMPLE,CFG_SAMPLE_TGT,0,10
PON_MAC_SCHEDULING_CONFIG,PON_LX_MON_PERIOD,RESERVED,8,24
PON_MAC_SCHEDULING_CONFIG,PON_LX_MON_PERIOD,CFG_DIV_POWER,5,3
PON_MAC_SCHEDULING_CONFIG,PON_LX_MON_PERIOD,CFG_MUL_POWER,2,3
PON_MAC_SCHEDULING_CONFIG,PON_LX_MON_PERIOD,CFG_TRDY_TYPE,0,2
PON_MAC_SCHEDULING_CONFIG,PON_LX_MON_STSCTRL,RESERVED,2,30
PON_MAC_SCHEDULING_CONFIG,PON_LX_MON_STSCTRL,CFG_CLR_STS,1,1
PON_MAC_SCHEDULING_CONFIG,PON_LX_MON_STSCTRL,CFG_LAT_STS,0,1
PON_MAC_SCHEDULING_CONFIG,PON_LX_MON_STS_0,RESERVED,16,16
PON_MAC_SCHEDULING_CONFIG,PON_LX_MON_STS_0,AVGT_LT_ACC,0,16
PON_MAC_SCHEDULING_CONFIG,PON_LX_MON_STS_1,RESERVED,16,16
PON_MAC_SCHEDULING_CONFIG,PON_LX_MON_STS_1,MAXT_LT_ACC,0,16
PON_MAC_SCHEDULING_CONFIG,PON_LX_MON_STS_2,RESERVED,16,16
PON_MAC_SCHEDULING_CONFIG,PON_LX_MON_STS_2,MAXC_PA_ACC,0,16
PON_MAC_SCHEDULING_CONFIG,PON_LX_MON_STS_3,RESERVED,16,16
PON_MAC_SCHEDULING_CONFIG,PON_LX_MON_STS_3,AVGC_PA_ACC,0,16
PON_MAC_SCHEDULING_CONFIG,PON_LX_MON_STS_4,RESERVED,16,16
PON_MAC_SCHEDULING_CONFIG,PON_LX_MON_STS_4,MAXC_PA_TDN,0,16
PON_MAC_SCHEDULING_CONFIG,PON_LX_MON_STS_5,RESERVED,16,16
PON_MAC_SCHEDULING_CONFIG,PON_LX_MON_STS_5,AVGC_PA_TDN,0,16
PON_MAC_SCHEDULING_CONFIG,PON_LX_MON_STS_6,RESERVED,16,16
PON_MAC_SCHEDULING_CONFIG,PON_LX_MON_STS_6,AVGT_PA_TDN,0,16
PON_MAC_SCHEDULING_CONFIG,PON_LX_MON_STS_7,RESERVED,16,16
PON_MAC_SCHEDULING_CONFIG,PON_LX_MON_STS_7,MAXC_PA_IDN,0,16
PON_MAC_SCHEDULING_CONFIG,PON_LX_MON_STS_8,RESERVED,16,16
PON_MAC_SCHEDULING_CONFIG,PON_LX_MON_STS_8,AVGC_PA_IDN,0,16
PON_MAC_SCHEDULING_CONFIG,PON_LX_MON_STS_9,RESERVED,16,16
PON_MAC_SCHEDULING_CONFIG,PON_LX_MON_STS_9,AVGT_PA_IDN,0,16
PON_MAC_SCHEDULING_CONFIG,PON_LX_MON_STS_10,RESERVED,16,16
PON_MAC_SCHEDULING_CONFIG,PON_LX_MON_STS_10,TOTT_ST_ACC,0,16
PON_MAC_SCHEDULING_CONFIG,PON_LX_MON_STS_11,RESERVED,16,16
PON_MAC_SCHEDULING_CONFIG,PON_LX_MON_STS_11,TOTC_ST_ACC,0,16
PON_MAC_SCHEDULING_CONFIG,PON_LX_MON_STS_12,RESERVED,16,16
PON_MAC_SCHEDULING_CONFIG,PON_LX_MON_STS_12,MAXC_ST_ACC,0,16
PON_MAC_SCHEDULING_CONFIG,PON_LX_MON_STS_13,RESERVED,16,16
PON_MAC_SCHEDULING_CONFIG,PON_LX_MON_STS_13,MINC_ST_ACC,0,16
PON_MAC_SCHEDULING_CONFIG,PON_LX_MON_STS_14,RESERVED,16,16
PON_MAC_SCHEDULING_CONFIG,PON_LX_MON_STS_14,TOTT_ST_TDN,0,16
PON_MAC_SCHEDULING_CONFIG,PON_LX_MON_STS_15,RESERVED,16,16
PON_MAC_SCHEDULING_CONFIG,PON_LX_MON_STS_15,TOTC_ST_TDN,0,16
PON_MAC_SCHEDULING_CONFIG,PON_LX_MON_STS_16,RESERVED,16,16
PON_MAC_SCHEDULING_CONFIG,PON_LX_MON_STS_16,MAXC_ST_TDN,0,16
PON_MAC_SCHEDULING_CONFIG,PON_LX_MON_STS_17,RESERVED,16,16
PON_MAC_SCHEDULING_CONFIG,PON_LX_MON_STS_17,MINC_ST_TDN,0,16
PON_MAC_SCHEDULING_CONFIG,PON_LX_MON_STS_18,RESERVED,16,16
PON_MAC_SCHEDULING_CONFIG,PON_LX_MON_STS_18,TOTT_ST_IDN,0,16
PON_MAC_SCHEDULING_CONFIG,PON_LX_MON_STS_19,RESERVED,16,16
PON_MAC_SCHEDULING_CONFIG,PON_LX_MON_STS_19,TOTC_ST_IDN,0,16
PON_MAC_SCHEDULING_CONFIG,PON_LX_MON_STS_20,RESERVED,16,16
PON_MAC_SCHEDULING_CONFIG,PON_LX_MON_STS_20,MAXC_ST_IDN,0,16
PON_MAC_SCHEDULING_CONFIG,PON_LX_MON_STS_21,RESERVED,16,16
PON_MAC_SCHEDULING_CONFIG,PON_LX_MON_STS_21,MINC_ST_IDN,0,16
PON_MAC_SCHEDULING_CONFIG,PON_DBGO_TOPSEL,RESERVED,4,28
PON_MAC_SCHEDULING_CONFIG,PON_DBGO_TOPSEL,CFG_PON_DBGO_TOPSEL,0,4
PON_MAC_SCHEDULING_CONFIG,ARB_TIMEOUT_GLB,RESERVED,8,24
PON_MAC_SCHEDULING_CONFIG,ARB_TIMEOUT_GLB,CFG_LXSLV_TIMEOUT,0,8
INTERFACE,PONIP_CTL_US,RESERVED,7,25
INTERFACE,PONIP_CTL_US,RST_PON,6,1
INTERFACE,PONIP_CTL_US,RESERVED,5,1
INTERFACE,PONIP_CTL_US,CFG_EPON_DYINGGASP_EN,4,1
INTERFACE,PONIP_CTL_US,CFG_FEC_ON,3,1
INTERFACE,PONIP_CTL_US,CFG_EPON_MODE,2,1
INTERFACE,PONIP_CTL_US,CFG_STOP_RXC_EN,1,1
INTERFACE,PONIP_CTL_US,CFG_PBUF_EN,0,1
INTERFACE,ARB_TIMEOUT_US,RESERVED,8,24
INTERFACE,ARB_TIMEOUT_US,CFG_LXSLV_TIMEOUT,0,8
INTERFACE,DSCRUNOUT_US,RESERVED,29,3
INTERFACE,DSCRUNOUT_US,CFG_DRAM_RUNOUT,16,13
INTERFACE,DSCRUNOUT_US,RESERVED,13,3
INTERFACE,DSCRUNOUT_US,CFG_SRAM_RUNOUT,0,13
INTERFACE,DRN_CMD,RESERVED,10,22
INTERFACE,DRN_CMD,CFG_DRN_IDX,3,7
INTERFACE,DRN_CMD,CFG_DRN_QUEUE_MODE,2,1
INTERFACE,DRN_CMD,DRN_PS,1,1
INTERFACE,DRN_CMD,DRN_FLG,0,1
INTERFACE,IP_MSTBASE_US,CFG_PON_MSTBASE,0,32
INTERFACE,PON_DSC_USAGE_US,DSC_PIPE_VLD,31,1
INTERFACE,PON_DSC_USAGE_US,RESERVED,29,2
INTERFACE,PON_DSC_USAGE_US,PONNIC_DRAM_USED,16,13
INTERFACE,PON_DSC_USAGE_US,RESERVED,13,3
INTERFACE,PON_DSC_USAGE_US,PONNIC_SRAM_USED,0,13
INTERFACE,PON_US_FIFO_CTL,RESERVED,9,23
INTERFACE,PON_US_FIFO_CTL,CFG_EPON_DEFER,6,3
INTERFACE,PON_US_FIFO_CTL,CFG_USFIFO_SPACE,4,2
INTERFACE,PON_US_FIFO_CTL,CFG_USFIFO_START,0,4
INTERFACE,PON_IPSTS_US,RESERVED,1,31
INTERFACE,PON_IPSTS_US,PONIC_INITRDY,0,1
INTERFACE,PON_SID2QID,CFG_SID2QID,0,7
INTERFACE,PON_SIDVALID,CFG_SID2VALID,0,1
INTERFACE,PON_DSCCTRL,RESERVED,1,31
INTERFACE,PON_DSCCTRL,CFG_PON_EXRXSPC,0,1
INTERFACE,PON_BW_THRES,RESERVED,30,2
INTERFACE,PON_BW_THRES,CFG_BW_LAST_THRES,16,14
INTERFACE,PON_BW_THRES,RESERVED,14,2
INTERFACE,PON_BW_THRES,CFG_BW_RUNT_THRES,0,14
INTERFACE,PON_OMCI_CFG,RESERVED,7,25
INTERFACE,PON_OMCI_CFG,CFG_OMCI_SID,0,7
INTERFACE,PON_DSC_STS_US,CLR_RAM_USED_MAX,31,1
INTERFACE,PON_DSC_STS_US,RESERVED,29,2
INTERFACE,PON_DSC_STS_US,DRAM_USED_MAX,16,13
INTERFACE,PON_DSC_STS_US,RESERVED,13,3
INTERFACE,PON_DSC_STS_US,SRAM_USED_MAX,0,13
INTERFACE,PON_DSC_CFG_US,RESERVED,29,3
INTERFACE,PON_DSC_CFG_US,CFG_RAM_NO,16,13
INTERFACE,PON_DSC_CFG_US,RESERVED,15,1
INTERFACE,PON_DSC_CFG_US,CFG_PAGE_SIZE,13,2
INTERFACE,PON_DSC_CFG_US,CFG_SRAM_NO,0,13
INTERFACE,PON_DBGO_CFG_US,RESERVED,30,2
INTERFACE,PON_DBGO_CFG_US,CFG_PON_DBGO_TEST,28,2
INTERFACE,PON_DBGO_CFG_US,CFG_PON_DBGO_SHIFT_H,26,2
INTERFACE,PON_DBGO_CFG_US,CFG_PON_DBGO_SHIFT_L,24,2
INTERFACE,PON_DBGO_CFG_US,CFG_PON_DBGO_TOPSEL_H,20,4
INTERFACE,PON_DBGO_CFG_US,CFG_PON_DBGO_TOPSEL_L,16,4
INTERFACE,PON_DBGO_CFG_US,CFG_PON_DBGO_MODSEL,8,8
INTERFACE,PON_DBGO_CFG_US,RESERVED,6,2
INTERFACE,PON_DBGO_CFG_US,CFG_DBG_TKNSEL,4,2
INTERFACE,PON_DBGO_CFG_US,CFG_PON_DBGO_GRPSEL,0,4
INTERFACE,PON_EMPTY_EOB_CFG,RESERVED,9,23
INTERFACE,PON_EMPTY_EOB_CFG,CFG_EMPTY_EOB_BC,0,9
PONIP_SCHEDULING_UPSTREAM,PON_DBA_IFG,RESERVED,1,31
PONIP_SCHEDULING_UPSTREAM,PON_DBA_IFG,DBA_IFG,0,1
PONIP_SCHEDULING_UPSTREAM,MOCIR_FRC_MD,MOCIR_FRC_MD,0,32
PONIP_SCHEDULING_UPSTREAM,MOCIR_FRC_VAL,MOCIR_FRC_VAL,0,32
PONIP_SCHEDULING_UPSTREAM,EPON_RPT_QSET_NUM,CFG_LLID_QSET_NUM,0,3
PONIP_SCHEDULING_UPSTREAM,EPON_RPT_LVL,CFG_LLID_RPT_LVL,0,16
PONIP_SCHEDULING_UPSTREAM,MOCIR_TH_H,RESERVED,17,15
PONIP_SCHEDULING_UPSTREAM,MOCIR_TH_H,MOCIR_TH_H,0,17
PONIP_SCHEDULING_UPSTREAM,MOCIR_TH_L,RESERVED,17,15
PONIP_SCHEDULING_UPSTREAM,MOCIR_TH_L,MOCIR_TH_L,0,17
PONIP_SCHEDULING_UPSTREAM,PON_OLT_BW_MTR_FULL,RESERVED,18,14
PONIP_SCHEDULING_UPSTREAM,PON_OLT_BW_MTR_FULL,OLT_BW_MTR_FULL,0,18
PONIP_SCHEDULING_UPSTREAM,PON_TB_CTRL,RESERVED,16,16
PONIP_SCHEDULING_UPSTREAM,PON_TB_CTRL,TKN,8,8
PONIP_SCHEDULING_UPSTREAM,PON_TB_CTRL,TICK_PERIOD,0,8
PONIP_SCHEDULING_UPSTREAM,PON_SCH_CTRL,RESERVED,20,12
PONIP_SCHEDULING_UPSTREAM,PON_SCH_CTRL,PON_WFQ_MODE,19,1
PONIP_SCHEDULING_UPSTREAM,PON_SCH_CTRL,PON_GEN_PIR_DROP,18,1
PONIP_SCHEDULING_UPSTREAM,PON_SCH_CTRL,METER_OP,17,1
PONIP_SCHEDULING_UPSTREAM,PON_SCH_CTRL,PON_WFQ_IFG,16,1
PONIP_SCHEDULING_UPSTREAM,PON_SCH_CTRL,PON_WFQ_BURSTSIZE,0,16
PONIP_SCHEDULING_UPSTREAM,PON_QID_CIR_RATE,RATE,0,18
PONIP_SCHEDULING_UPSTREAM,PON_QID_PIR_RATE,RATE,0,18
PONIP_SCHEDULING_UPSTREAM,PON_SCH_QMAP,MAPPING_TBL,0,32
PONIP_SCHEDULING_UPSTREAM,PON_TCONT_EN,TCONT_EN,0,1
PONIP_SCHEDULING_UPSTREAM,PON_WFQ_TYPE,QUEUE_TYPE,0,1
PONIP_SCHEDULING_UPSTREAM,PON_WFQ_LEAKY_BUCKET,RESERVED,8,24
PONIP_SCHEDULING_UPSTREAM,PON_WFQ_LEAKY_BUCKET,BYTES_TKN_PON,0,8
PONIP_SCHEDULING_UPSTREAM,PON_WFQ_WEIGHT,WEIGHT_PON,0,10
PONIP_SCHEDULING_UPSTREAM,PON_SID_STOP_TH,RESERVED,13,19
PONIP_SCHEDULING_UPSTREAM,PON_SID_STOP_TH,TH,0,13
PONIP_SCHEDULING_UPSTREAM,PON_SID_GLB_TH,RESERVED,29,3
PONIP_SCHEDULING_UPSTREAM,PON_SID_GLB_TH,ON_TH,16,13
PONIP_SCHEDULING_UPSTREAM,PON_SID_GLB_TH,RESERVED,13,3
PONIP_SCHEDULING_UPSTREAM,PON_SID_GLB_TH,OFF_TH,0,13
PONIP_SCHEDULING_UPSTREAM,PON_SID_RPV_TH,RESERVED,29,3
PONIP_SCHEDULING_UPSTREAM,PON_SID_RPV_TH,ON_TH,16,13
PONIP_SCHEDULING_UPSTREAM,PON_SID_RPV_TH,RESERVED,13,3
PONIP_SCHEDULING_UPSTREAM,PON_SID_RPV_TH,OFF_TH,0,13
PONIP_SCHEDULING_UPSTREAM,PONIP_DBG_CTRL_US,RESERVED,19,13
PONIP_SCHEDULING_UPSTREAM,PONIP_DBG_CTRL_US,CFG_US_EP_IPG,11,8
PONIP_SCHEDULING_UPSTREAM,PONIP_DBG_CTRL_US,UNTAG_IFG_MODIFY,10,1
PONIP_SCHEDULING_UPSTREAM,PONIP_DBG_CTRL_US,SIDCNT_ACC_BUSY,9,1
PONIP_SCHEDULING_UPSTREAM,PONIP_DBG_CTRL_US,CLR_SID_MAX_PAGE_CNT,8,1
PONIP_SCHEDULING_UPSTREAM,PONIP_DBG_CTRL_US,RD_SID_MAX_PAGE_CNT,7,1
PONIP_SCHEDULING_UPSTREAM,PONIP_DBG_CTRL_US,SID_NO,0,7
PONIP_SCHEDULING_UPSTREAM,PONIP_TOTAL_PAGE_CNT_US,CLR_PONIP_TOTAL_MAX_PAGECNT,31,1
PONIP_SCHEDULING_UPSTREAM,PONIP_TOTAL_PAGE_CNT_US,RESERVED,29,2
PONIP_SCHEDULING_UPSTREAM,PONIP_TOTAL_PAGE_CNT_US,MAX_PAGE_CNT,16,13
PONIP_SCHEDULING_UPSTREAM,PONIP_TOTAL_PAGE_CNT_US,RESERVED,13,3
PONIP_SCHEDULING_UPSTREAM,PONIP_TOTAL_PAGE_CNT_US,USED_PAGE_CNT,0,13
PONIP_SCHEDULING_UPSTREAM,PONIP_SID_USED_PAGE_CNT_US,RESERVED,29,3
PONIP_SCHEDULING_UPSTREAM,PONIP_SID_USED_PAGE_CNT_US,MAX_PAGE_CNT,16,13
PONIP_SCHEDULING_UPSTREAM,PONIP_SID_USED_PAGE_CNT_US,RESERVED,13,3
PONIP_SCHEDULING_UPSTREAM,PONIP_SID_USED_PAGE_CNT_US,USED_PAGE_CNT,0,13
PONIP_SCHEDULING_UPSTREAM,GPON_DPRU_RPT_PRD,RESERVED,16,16
PONIP_SCHEDULING_UPSTREAM,GPON_DPRU_RPT_PRD,DBA_BLKSIZE,8,8
PONIP_SCHEDULING_UPSTREAM,GPON_DPRU_RPT_PRD,RPT_PRD,0,8
PONIP_SCHEDULING_UPSTREAM,PONIP_SID_OVER_STS,OVER_STS,0,1
PONIP_SCHEDULING_UPSTREAM,PONIP_SID_OVER_LATCH_STS,OVER_STS,0,1
PONIP_SCHEDULING_UPSTREAM,PON_SCH_RATE,RESERVED,18,14
PONIP_SCHEDULING_UPSTREAM,PON_SCH_RATE,RATE,0,18
PONIP_SCHEDULING_UPSTREAM,PON_EGR_RATE,RESERVED,18,14
PONIP_SCHEDULING_UPSTREAM,PON_EGR_RATE,RATE,0,18
PONIP_SCHEDULING_UPSTREAM,EPON_REPORT_MODE,REPORT_CNT_ADJ,16,16
PONIP_SCHEDULING_UPSTREAM,EPON_REPORT_MODE,RESERVED,3,13
PONIP_SCHEDULING_UPSTREAM,EPON_REPORT_MODE,REPORT_MODE,0,3
PONIP_SCHEDULING_UPSTREAM,EPON_DYGSP_RPT,EPON_DYGSP_RPT_VAL,16,16
PONIP_SCHEDULING_UPSTREAM,EPON_DYGSP_RPT,RESERVED,2,14
PONIP_SCHEDULING_UPSTREAM,EPON_DYGSP_RPT,EPON_DYGSP_RPT,0,2
PONIP_SCHEDULING_UPSTREAM,US_SCH_EGR_IFG,RESERVED,2,30
PONIP_SCHEDULING_UPSTREAM,US_SCH_EGR_IFG,LVL_ADD_STORE_LEN,1,1
PONIP_SCHEDULING_UPSTREAM,US_SCH_EGR_IFG,PON_EGR_IFG,0,1
PONIP_SCHEDULING_UPSTREAM,PON_SCH_OPT,RESERVED,20,12
PONIP_SCHEDULING_UPSTREAM,PON_SCH_OPT,DIS_DBRU_LATCH,19,1
PONIP_SCHEDULING_UPSTREAM,PON_SCH_OPT,PON_WFQ_WTSCL,18,1
PONIP_SCHEDULING_UPSTREAM,PON_SCH_OPT,PON_SCH_MPCP,17,1
PONIP_SCHEDULING_UPSTREAM,PON_SCH_OPT,PON_SCH_EN_WFQ_2ND_TH,16,1
PONIP_SCHEDULING_UPSTREAM,PON_SCH_OPT,PON_WFQ_BURSTSIZE_L,0,16
PONNIC_CTRL,PKT_OK_CNT_US,TX_OK_CNT,16,16
PONNIC_CTRL,PKT_OK_CNT_US,RX_OK_CNT,0,16
PONNIC_CTRL,PKT_ERR_CNT_US,TX_ERR_CNT,16,16
PONNIC_CTRL,PKT_ERR_CNT_US,RX_ERR_CNT,0,16
PONNIC_CTRL,PKT_MISS_CNT_US,MISS_CNT,16,16
PONNIC_CTRL,PKT_MISS_CNT_US,RESERVED,0,16
PONNIC_CTRL,CMD_REG_US,RESERVED,4,28
PONNIC_CTRL,CMD_REG_US,RX_JUMBLE,3,1
PONNIC_CTRL,CMD_REG_US,RESERVED,1,2
PONNIC_CTRL,CMD_REG_US,RST,0,1
PONNIC_CTRL,INTERRUPT_US,RESERVED,27,5
PONNIC_CTRL,INTERRUPT_US,SW_INT_IMR,26,1
PONNIC_CTRL,INTERRUPT_US,TDU_IMR,25,1
PONNIC_CTRL,INTERRUPT_US,RESERVED,24,1
PONNIC_CTRL,INTERRUPT_US,TER_IMR,23,1
PONNIC_CTRL,INTERRUPT_US,RESERVED,22,1
PONNIC_CTRL,INTERRUPT_US,RDU_IMR,21,1
PONNIC_CTRL,INTERRUPT_US,REF_OVF_IMR,20,1
PONNIC_CTRL,INTERRUPT_US,RESERVED,18,2
PONNIC_CTRL,INTERRUPT_US,CNT_WRAP_IMR,17,1
PONNIC_CTRL,INTERRUPT_US,RESERVED,16,1
PONNIC_CTRL,INTERRUPT_US,RESERVED,11,5
PONNIC_CTRL,INTERRUPT_US,SW_INT_IMS,10,1
PONNIC_CTRL,INTERRUPT_US,TDU_IMS,9,1
PONNIC_CTRL,INTERRUPT_US,RESERVED,8,1
PONNIC_CTRL,INTERRUPT_US,TER_IMS,7,1
PONNIC_CTRL,INTERRUPT_US,RESERVED,6,1
PONNIC_CTRL,INTERRUPT_US,RDU_IMS,5,1
PONNIC_CTRL,INTERRUPT_US,REF_OVF_IMS,4,1
PONNIC_CTRL,INTERRUPT_US,RESERVED,2,2
PONNIC_CTRL,INTERRUPT_US,CNT_WRAP_IMS,1,1
PONNIC_CTRL,INTERRUPT_US,RESERVED,0,1
PONNIC_CTRL,TX_CFG_US,RESERVED,13,19
PONNIC_CTRL,TX_CFG_US,IFG,10,3
PONNIC_CTRL,TX_CFG_US,RESERVED,4,6
PONNIC_CTRL,TX_CFG_US,R_TX_HPRI,3,1
PONNIC_CTRL,TX_CFG_US,R_PREAMBLE_LEN,1,2
PONNIC_CTRL,TX_CFG_US,R_TX_PADDING,0,1
PONNIC_CTRL,RX_CFG_US,RESERVED,10,22
PONNIC_CTRL,RX_CFG_US,R_PREAMBLE_LEN,8,2
PONNIC_CTRL,RX_CFG_US,RESERVED,7,1
PONNIC_CTRL,RX_CFG_US,AFLOW,6,1
PONNIC_CTRL,RX_CFG_US,AER,5,1
PONNIC_CTRL,RX_CFG_US,AR,4,1
PONNIC_CTRL,RX_CFG_US,AB,3,1
PONNIC_CTRL,RX_CFG_US,AM,2,1
PONNIC_CTRL,RX_CFG_US,APM,1,1
PONNIC_CTRL,RX_CFG_US,AAP,0,1
PONNIC_CTRL,CFG_US,RESERVED,30,2
PONNIC_CTRL,CFG_US,RFF_SIZE_SEL,28,2
PONNIC_CTRL,CFG_US,RESERVED,27,1
PONNIC_CTRL,CFG_US,E_EN_RFF_AFULL,26,1
PONNIC_CTRL,CFG_US,RESERVED,18,8
PONNIC_CTRL,CFG_US,EN_TX_STOP,17,1
PONNIC_CTRL,CFG_US,EN_TXE_EXTRA,16,1
PONNIC_CTRL,CFG_US,RESERVED,7,9
PONNIC_CTRL,CFG_US,RX_SID,0,7
PONNIC_CTRL,MEDIA_STS_US,FORCE_TRXFCE,31,1
PONNIC_CTRL,MEDIA_STS_US,RXFCE,30,1
PONNIC_CTRL,MEDIA_STS_US,TXFCE,29,1
PONNIC_CTRL,MEDIA_STS_US,SPEED_1000,28,1
PONNIC_CTRL,MEDIA_STS_US,SPEED_10,27,1
PONNIC_CTRL,MEDIA_STS_US,LINKB,26,1
PONNIC_CTRL,MEDIA_STS_US,RESERVED,23,3
PONNIC_CTRL,MEDIA_STS_US,FULLDUPREG,22,1
PONNIC_CTRL,MEDIA_STS_US,RSVD_21,21,1
PONNIC_CTRL,MEDIA_STS_US,RESERVED,20,1
PONNIC_CTRL,MEDIA_STS_US,FORCEDFULLDUP,19,1
PONNIC_CTRL,MEDIA_STS_US,FORCELINK,18,1
PONNIC_CTRL,MEDIA_STS_US,FORCE_SPD,16,2
PONNIC_CTRL,MEDIA_STS_US,RSVD_15,15,1
PONNIC_CTRL,MEDIA_STS_US,RESERVED,11,4
PONNIC_CTRL,MEDIA_STS_US,FORCE_SPD_MODE,10,1
PONNIC_CTRL,MEDIA_STS_US,RESERVED,0,10
PONNIC_CTRL,SW_INTERRUPT_US,RESERVED,1,31
PONNIC_CTRL,SW_INTERRUPT_US,SW_INT,0,1
PONNIC_CTRL,BIST_US,DRF_BIST_DONE,31,1
PONNIC_CTRL,BIST_US,BIST_DONE,30,1
PONNIC_CTRL,BIST_US,DRF_RFF_FAIL,29,1
PONNIC_CTRL,BIST_US,DRF_TFF_FAIL,28,1
PONNIC_CTRL,BIST_US,RFF_FAIL,27,1
PONNIC_CTRL,BIST_US,TFF_FAIL,26,1
PONNIC_CTRL,BIST_US,CSR_RFF_SET,13,13
PONNIC_CTRL,BIST_US,CSR_TFF_SET,0,13
CPU_IF,TXCD01_US,RESERVED,28,4
CPU_IF,TXCD01_US,TXCDO1,16,12
CPU_IF,TXCD01_US,RESERVED,0,16
CPU_IF,RXFDP1_US,RXFDP1,0,32
CPU_IF,RXCDO1_US,RESERVED,28,4
CPU_IF,RXCDO1_US,RXCDO1,16,12
CPU_IF,RXCDO1_US,RESERVED,0,16
CPU_IF,PROBE_SELECT_US,RESERVED,8,24
CPU_IF,PROBE_SELECT_US,R_DBG_FUNC_SEL,5,3
CPU_IF,PROBE_SELECT_US,RESERVED,4,1
CPU_IF,PROBE_SELECT_US,DBG_SEL,0,4
CPU_IF,CONFIG_CLK_US,RESERVED,6,26
CPU_IF,CONFIG_CLK_US,SET_D_TXC,5,1
CPU_IF,CONFIG_CLK_US,RESERVED,0,5
CPU_IF,IO_CMD_0_US,MAX_DMA_SEL_0,31,1
CPU_IF,IO_CMD_0_US,RESERVED,30,1
CPU_IF,IO_CMD_0_US,MAX_DMA_SEL_1,29,1
CPU_IF,IO_CMD_0_US,EARLY_TX_EN,28,1
CPU_IF,IO_CMD_0_US,RESERVED,21,7
CPU_IF,IO_CMD_0_US,TX_FIFO_THR,19,2
CPU_IF,IO_CMD_0_US,DUMMY_0_US,17,2
CPU_IF,IO_CMD_0_US,RESERVED,13,4
CPU_IF,IO_CMD_0_US,RX_FIFO_THR,11,2
CPU_IF,IO_CMD_0_US,RESERVED,8,3
CPU_IF,IO_CMD_0_US,RX_MAX_DMA_SEL,6,2
CPU_IF,IO_CMD_0_US,GMII_RX_EN,5,1
CPU_IF,IO_CMD_0_US,GMII_TX_EN,4,1
CPU_IF,IO_CMD_0_US,RESERVED,0,4
CPU_IF,IO_CMD_1_US,RESERVED,28,4
CPU_IF,IO_CMD_1_US,PRECISE_DMA_EN,27,1
CPU_IF,IO_CMD_1_US,RESERVED,26,1
CPU_IF,IO_CMD_1_US,R_EN_RX_MRING,25,1
CPU_IF,IO_CMD_1_US,GB_EN,24,1
CPU_IF,IO_CMD_1_US,RESERVED,18,6
CPU_IF,IO_CMD_1_US,R_SET_RX_P9QFLAG,17,1
CPU_IF,IO_CMD_1_US,R_SET_RX_P8QFLAG,16,1
CPU_IF,IO_CMD_1_US,R_SET_RX_P7QFLAG,15,1
CPU_IF,IO_CMD_1_US,R_SET_RX_P6QFLAG,14,1
CPU_IF,IO_CMD_1_US,R_SET_RX_P5QFLAG,13,1
CPU_IF,IO_CMD_1_US,R_SET_RX_P4QFLAG,12,1
CPU_IF,IO_CMD_1_US,R_SET_RX_P3QFLAG,11,1
CPU_IF,IO_CMD_1_US,R_SET_RX_P2QFLAG,10,1
CPU_IF,IO_CMD_1_US,R_SET_RX_P1QFLAG,9,1
CPU_IF,IO_CMD_1_US,R_SET_RX_P0QFLAG,8,1
CPU_IF,IO_CMD_1_US,RESERVED,6,2
CPU_IF,IO_CMD_1_US,R_RPAGE_SIZE,4,2
CPU_IF,IO_CMD_1_US,RESERVED,2,2
CPU_IF,IO_CMD_1_US,R_TPAGE_SIZE,0,2
INTERFACE,PONIP_CTL_DS,RESERVED,9,23
INTERFACE,PONIP_CTL_DS,CFG_TX_PAUSE,7,2
INTERFACE,PONIP_CTL_DS,RST_PON,6,1
INTERFACE,PONIP_CTL_DS,CLR_DS_DATA_BACK,5,1
INTERFACE,PONIP_CTL_DS,CFG_BYPASS_BUF,4,1
INTERFACE,PONIP_CTL_DS,CLR_DS_BLK_CNT,3,1
INTERFACE,PONIP_CTL_DS,CFG_EPON_MODE,2,1
INTERFACE,PONIP_CTL_DS,CFG_STOP_RXC_EN,1,1
INTERFACE,PONIP_CTL_DS,CFG_PBUF_EN,0,1
INTERFACE,ARB_TIMEOUT_DS,RESERVED,8,24
INTERFACE,ARB_TIMEOUT_DS,CFG_LXSLV_TIMEOUT,0,8
INTERFACE,DSCRUNOUT_DS,RESERVED,29,3
INTERFACE,DSCRUNOUT_DS,CFG_DRAM_RUNOUT,16,13
INTERFACE,DSCRUNOUT_DS,RESERVED,13,3
INTERFACE,DSCRUNOUT_DS,CFG_SRAM_RUNOUT,0,13
INTERFACE,IP_MSTBASE_DS,CFG_PON_MSTBASE,0,32
INTERFACE,PON_DSC_USAGE_DS,DSC_PIPE_VLD,31,1
INTERFACE,PON_DSC_USAGE_DS,RESERVED,29,2
INTERFACE,PON_DSC_USAGE_DS,PONNIC_DRAM_USED,16,13
INTERFACE,PON_DSC_USAGE_DS,RESERVED,13,3
INTERFACE,PON_DSC_USAGE_DS,PONNIC_SRAM_USED,0,13
INTERFACE,PON_IPSTS_DS,RESERVED,1,31
INTERFACE,PON_IPSTS_DS,PONIC_INITRDY,0,1
INTERFACE,PON_DSCCTRL_DS,RESERVED,1,31
INTERFACE,PON_DSCCTRL_DS,CFG_PON_EXRXSPC,0,1
INTERFACE,PON_DSC_STS_DS,CLR_RAM_USED_MAX,31,1
INTERFACE,PON_DSC_STS_DS,RESERVED,29,2
INTERFACE,PON_DSC_STS_DS,DRAM_USED_MAX,16,13
INTERFACE,PON_DSC_STS_DS,RESERVED,13,3
INTERFACE,PON_DSC_STS_DS,SRAM_USED_MAX,0,13
INTERFACE,PON_DSC_CFG_DS,RESERVED,29,3
INTERFACE,PON_DSC_CFG_DS,CFG_RAM_NO,16,13
INTERFACE,PON_DSC_CFG_DS,RESERVED,15,1
INTERFACE,PON_DSC_CFG_DS,CFG_PAGE_SIZE,13,2
INTERFACE,PON_DSC_CFG_DS,CFG_SRAM_NO,0,13
INTERFACE,PON_DBGO_CFG_DS,RESERVED,30,2
INTERFACE,PON_DBGO_CFG_DS,CFG_PON_DBGO_TEST,28,2
INTERFACE,PON_DBGO_CFG_DS,CFG_PON_DBGO_SHIFT_H,26,2
INTERFACE,PON_DBGO_CFG_DS,CFG_PON_DBGO_SHIFT_L,24,2
INTERFACE,PON_DBGO_CFG_DS,CFG_PON_DBGO_TOPSEL_H,20,4
INTERFACE,PON_DBGO_CFG_DS,CFG_PON_DBGO_TOPSEL_L,16,4
INTERFACE,PON_DBGO_CFG_DS,CFG_PON_DBGO_MODSEL,8,8
INTERFACE,PON_DBGO_CFG_DS,RESERVED,4,4
INTERFACE,PON_DBGO_CFG_DS,CFG_PON_DBGO_GRPSEL,0,4
INTERFACE,PON_SID_Q_MAP_DS,SID_MAP,0,2
INTERFACE,PON_Q_CONFIG_DS,RESERVED,1,31
INTERFACE,PON_Q_CONFIG_DS,Q_SCHEDULING,0,1
INTERFACE,PON_FC_CONFIG_DS,RESERVED,29,3
INTERFACE,PON_FC_CONFIG_DS,FC_ON_TH,16,13
INTERFACE,PON_FC_CONFIG_DS,RESERVED,13,3
INTERFACE,PON_FC_CONFIG_DS,FC_OFF_TH,0,13
INTERFACE,PON_DS_PBO_PAGE_Q0,RESERVED,29,3
INTERFACE,PON_DS_PBO_PAGE_Q0,CLR_MAX_PAGE,26,3
INTERFACE,PON_DS_PBO_PAGE_Q0,Q0_MAX_PAGE,13,13
INTERFACE,PON_DS_PBO_PAGE_Q0,Q0_CUR_PAGE,0,13
INTERFACE,PON_DS_PBO_PAGE_Q1,RESERVED,26,6
INTERFACE,PON_DS_PBO_PAGE_Q1,Q1_MAX_PAGE,13,13
INTERFACE,PON_DS_PBO_PAGE_Q1,Q1_CUR_PAGE,0,13
INTERFACE,PON_DS_PBO_PAGE_Q2,RESERVED,26,6
INTERFACE,PON_DS_PBO_PAGE_Q2,Q2_MAX_PAGE,13,13
INTERFACE,PON_DS_PBO_PAGE_Q2,Q2_CUR_PAGE,0,13
PONIP_SCHEDULING_DOWNSTREAM,PONIP_DBG_CTRL_DS,RESERVED,10,22
PONIP_SCHEDULING_DOWNSTREAM,PONIP_DBG_CTRL_DS,SIDCNT_ACC_BUSY,9,1
PONIP_SCHEDULING_DOWNSTREAM,PONIP_DBG_CTRL_DS,CLR_SID_MAX_PAGE_CNT,8,1
PONIP_SCHEDULING_DOWNSTREAM,PONIP_DBG_CTRL_DS,RD_SID_MAX_PAGE_CNT,7,1
PONIP_SCHEDULING_DOWNSTREAM,PONIP_DBG_CTRL_DS,RESERVED,0,7
PONIP_SCHEDULING_DOWNSTREAM,PONIP_TOTAL_PAGE_CNT_DS,CLR_PONIP_TOTAL_MAX_PAGECNT,31,1
PONIP_SCHEDULING_DOWNSTREAM,PONIP_TOTAL_PAGE_CNT_DS,RESERVED,29,2
PONIP_SCHEDULING_DOWNSTREAM,PONIP_TOTAL_PAGE_CNT_DS,MAX_PAGE_CNT,16,13
PONIP_SCHEDULING_DOWNSTREAM,PONIP_TOTAL_PAGE_CNT_DS,RESERVED,13,3
PONIP_SCHEDULING_DOWNSTREAM,PONIP_TOTAL_PAGE_CNT_DS,USED_PAGE_CNT,0,13
PONIP_SCHEDULING_DOWNSTREAM,PONIP_SID_USED_PAGE_CNT_DS,RESERVED,29,3
PONIP_SCHEDULING_DOWNSTREAM,PONIP_SID_USED_PAGE_CNT_DS,MAX_PAGE_CNT,16,13
PONIP_SCHEDULING_DOWNSTREAM,PONIP_SID_USED_PAGE_CNT_DS,RESERVED,13,3
PONIP_SCHEDULING_DOWNSTREAM,PONIP_SID_USED_PAGE_CNT_DS,USED_PAGE_CNT,0,13
PONNIC_CTRL,PKT_OK_CNT_DS,TX_OK_CNT,16,16
PONNIC_CTRL,PKT_OK_CNT_DS,RX_OK_CNT,0,16
PONNIC_CTRL,PKT_ERR_CNT_DS,TX_ERR_CNT,16,16
PONNIC_CTRL,PKT_ERR_CNT_DS,RX_ERR_CNT,0,16
PONNIC_CTRL,PKT_MISS_CNT_DS,MISS_CNT,16,16
PONNIC_CTRL,PKT_MISS_CNT_DS,RESERVED,0,16
PONNIC_CTRL,CMD_REG_DS,RESERVED,4,28
PONNIC_CTRL,CMD_REG_DS,RX_JUMBLE,3,1
PONNIC_CTRL,CMD_REG_DS,RESERVED,1,2
PONNIC_CTRL,CMD_REG_DS,RST,0,1
PONNIC_CTRL,INTERRUPT_DS,RESERVED,27,5
PONNIC_CTRL,INTERRUPT_DS,SW_INT_IMR,26,1
PONNIC_CTRL,INTERRUPT_DS,TDU_IMR,25,1
PONNIC_CTRL,INTERRUPT_DS,RESERVED,24,1
PONNIC_CTRL,INTERRUPT_DS,TER_IMR,23,1
PONNIC_CTRL,INTERRUPT_DS,RESERVED,22,1
PONNIC_CTRL,INTERRUPT_DS,RDU_IMR,21,1
PONNIC_CTRL,INTERRUPT_DS,REF_OVF_IMR,20,1
PONNIC_CTRL,INTERRUPT_DS,RESERVED,18,2
PONNIC_CTRL,INTERRUPT_DS,CNT_WRAP_IMR,17,1
PONNIC_CTRL,INTERRUPT_DS,RESERVED,16,1
PONNIC_CTRL,INTERRUPT_DS,RESERVED,11,5
PONNIC_CTRL,INTERRUPT_DS,SW_INT_IMS,10,1
PONNIC_CTRL,INTERRUPT_DS,TDU_IMS,9,1
PONNIC_CTRL,INTERRUPT_DS,RESERVED,8,1
PONNIC_CTRL,INTERRUPT_DS,TER_IMS,7,1
PONNIC_CTRL,INTERRUPT_DS,RESERVED,6,1
PONNIC_CTRL,INTERRUPT_DS,RDU_IMS,5,1
PONNIC_CTRL,INTERRUPT_DS,REF_OVF_IMS,4,1
PONNIC_CTRL,INTERRUPT_DS,RESERVED,2,2
PONNIC_CTRL,INTERRUPT_DS,CNT_WRAP_IMS,1,1
PONNIC_CTRL,INTERRUPT_DS,RESERVED,0,1
PONNIC_CTRL,TX_CFG_DS,RESERVED,13,19
PONNIC_CTRL,TX_CFG_DS,IFG,10,3
PONNIC_CTRL,TX_CFG_DS,RESERVED,4,6
PONNIC_CTRL,TX_CFG_DS,R_TX_HPRI,3,1
PONNIC_CTRL,TX_CFG_DS,R_PREAMBLE_LEN,1,2
PONNIC_CTRL,TX_CFG_DS,R_TX_PADDING,0,1
PONNIC_CTRL,RX_CFG_DS,RESERVED,10,22
PONNIC_CTRL,RX_CFG_DS,R_PREAMBLE_LEN,8,2
PONNIC_CTRL,RX_CFG_DS,RESERVED,7,1
PONNIC_CTRL,RX_CFG_DS,AFLOW,6,1
PONNIC_CTRL,RX_CFG_DS,AER,5,1
PONNIC_CTRL,RX_CFG_DS,AR,4,1
PONNIC_CTRL,RX_CFG_DS,AB,3,1
PONNIC_CTRL,RX_CFG_DS,AM,2,1
PONNIC_CTRL,RX_CFG_DS,APM,1,1
PONNIC_CTRL,RX_CFG_DS,AAP,0,1
PONNIC_CTRL,CFG_DS,RESERVED,30,2
PONNIC_CTRL,CFG_DS,RFF_SIZE_SEL,28,2
PONNIC_CTRL,CFG_DS,RESERVED,27,1
PONNIC_CTRL,CFG_DS,E_EN_RFF_AFULL,26,1
PONNIC_CTRL,CFG_DS,RESERVED,18,8
PONNIC_CTRL,CFG_DS,EN_TX_STOP,17,1
PONNIC_CTRL,CFG_DS,EN_TXE_EXTRA,16,1
PONNIC_CTRL,CFG_DS,RESERVED,7,9
PONNIC_CTRL,CFG_DS,RX_SID,0,7
PONNIC_CTRL,MEDIA_STS_DS,FORCE_TRXFCE,31,1
PONNIC_CTRL,MEDIA_STS_DS,RXFCE,30,1
PONNIC_CTRL,MEDIA_STS_DS,TXFCE,29,1
PONNIC_CTRL,MEDIA_STS_DS,SPEED_1000,28,1
PONNIC_CTRL,MEDIA_STS_DS,SPEED_10,27,1
PONNIC_CTRL,MEDIA_STS_DS,LINKB,26,1
PONNIC_CTRL,MEDIA_STS_DS,RESERVED,23,3
PONNIC_CTRL,MEDIA_STS_DS,FULLDUPREG,22,1
PONNIC_CTRL,MEDIA_STS_DS,RSVD_21,21,1
PONNIC_CTRL,MEDIA_STS_DS,RESERVED,20,1
PONNIC_CTRL,MEDIA_STS_DS,FORCEDFULLDUP,19,1
PONNIC_CTRL,MEDIA_STS_DS,FORCELINK,18,1
PONNIC_CTRL,MEDIA_STS_DS,FORCE_SPD,16,2
PONNIC_CTRL,MEDIA_STS_DS,RSVD_15,15,1
PONNIC_CTRL,MEDIA_STS_DS,RESERVED,11,4
PONNIC_CTRL,MEDIA_STS_DS,FORCE_SPD_MODE,10,1
PONNIC_CTRL,MEDIA_STS_DS,RESERVED,0,10
PONNIC_CTRL,SW_INTERRUPT_DS,RESERVED,1,31
PONNIC_CTRL,SW_INTERRUPT_DS,SW_INT,0,1
PONNIC_CTRL,BIST_DS,DRF_BIST_DONE,31,1
PONNIC_CTRL,BIST_DS,BIST_DONE,30,1
PONNIC_CTRL,BIST_DS,DRF_RFF_FAIL,29,1
PONNIC_CTRL,BIST_DS,DRF_TFF_FAIL,28,1
PONNIC_CTRL,BIST_DS,RFF_FAIL,27,1
PONNIC_CTRL,BIST_DS,TFF_FAIL,26,1
PONNIC_CTRL,BIST_DS,CSR_RFF_SET,13,13
PONNIC_CTRL,BIST_DS,CSR_TFF_SET,0,13
CPU_IF,TXCD01_DS,RESERVED,28,4
CPU_IF,TXCD01_DS,TXCDO1,16,12
CPU_IF,TXCD01_DS,RESERVED,0,16
CPU_IF,RXFDP1_DS,RXFDP1,0,32
CPU_IF,RXCDO1_DS,RESERVED,28,4
CPU_IF,RXCDO1_DS,RXCDO1,16,12
CPU_IF,RXCDO1_DS,RESERVED,0,16
CPU_IF,PROBE_SELECT_DS,RESERVED,8,24
CPU_IF,PROBE_SELECT_DS,R_DBG_FUNC_SEL,5,3
CPU_IF,PROBE_SELECT_DS,RESERVED,4,1
CPU_IF,PROBE_SELECT_DS,DBG_SEL,0,4
CPU_IF,CONFIG_CLK_DS,RESERVED,6,26
CPU_IF,CONFIG_CLK_DS,SET_D_TXC,5,1
CPU_IF,CONFIG_CLK_DS,RESERVED,0,5
CPU_IF,IO_CMD_0_DS,MAX_DMA_SEL_0,31,1
CPU_IF,IO_CMD_0_DS,RESERVED,30,1
CPU_IF,IO_CMD_0_DS,MAX_DMA_SEL_1,29,1
CPU_IF,IO_CMD_0_DS,EARLY_TX_EN,28,1
CPU_IF,IO_CMD_0_DS,RESERVED,21,7
CPU_IF,IO_CMD_0_DS,TX_FIFO_THR,19,2
CPU_IF,IO_CMD_0_DS,DUMMY_0_DS,17,2
CPU_IF,IO_CMD_0_DS,RESERVED,13,4
CPU_IF,IO_CMD_0_DS,RX_FIFO_THR,11,2
CPU_IF,IO_CMD_0_DS,RESERVED,8,3
CPU_IF,IO_CMD_0_DS,RX_MAX_DMA_SEL,6,2
CPU_IF,IO_CMD_0_DS,GMII_RX_EN,5,1
CPU_IF,IO_CMD_0_DS,GMII_TX_EN,4,1
CPU_IF,IO_CMD_0_DS,RESERVED,0,4
CPU_IF,IO_CMD_1_DS,RESERVED,28,4
CPU_IF,IO_CMD_1_DS,PRECISE_DMA_EN,27,1
CPU_IF,IO_CMD_1_DS,RESERVED,26,1
CPU_IF,IO_CMD_1_DS,R_EN_RX_MRING,25,1
CPU_IF,IO_CMD_1_DS,GB_EN,24,1
CPU_IF,IO_CMD_1_DS,RESERVED,18,6
CPU_IF,IO_CMD_1_DS,R_SET_RX_P9QFLAG,17,1
CPU_IF,IO_CMD_1_DS,R_SET_RX_P8QFLAG,16,1
CPU_IF,IO_CMD_1_DS,R_SET_RX_P7QFLAG,15,1
CPU_IF,IO_CMD_1_DS,R_SET_RX_P6QFLAG,14,1
CPU_IF,IO_CMD_1_DS,R_SET_RX_P5QFLAG,13,1
CPU_IF,IO_CMD_1_DS,R_SET_RX_P4QFLAG,12,1
CPU_IF,IO_CMD_1_DS,R_SET_RX_P3QFLAG,11,1
CPU_IF,IO_CMD_1_DS,R_SET_RX_P2QFLAG,10,1
CPU_IF,IO_CMD_1_DS,R_SET_RX_P1QFLAG,9,1
CPU_IF,IO_CMD_1_DS,R_SET_RX_P0QFLAG,8,1
CPU_IF,IO_CMD_1_DS,RESERVED,6,2
CPU_IF,IO_CMD_1_DS,R_RPAGE_SIZE,4,2
CPU_IF,IO_CMD_1_DS,RESERVED,2,2
CPU_IF,IO_CMD_1_DS,R_TPAGE_SIZE,0,2
SWPBO,SW_PBO_MSTBASE,CFG_PON_MSTBASE,0,32
SWPBO,SW_PBO_CTL,RESERVED,3,29
SWPBO,SW_PBO_CTL,CFG_STOP_RXC_EN,2,1
SWPBO,SW_PBO_CTL,RST_PBO,1,1
SWPBO,SW_PBO_CTL,CFG_SW_PBUF_EN,0,1
SWPBO,SW_PBO_IPSTS,RESERVED,1,31
SWPBO,SW_PBO_IPSTS,SWPBO_PONIC_INITRDY,0,1
SWPBO,SW_PBO_PORT_TH,TH,0,10
SWPBO,SW_PBO_Q_QUEUE_TH,TH,0,10
SWPBO,SW_PBO_PORT_RUNOUT,RESERVED,26,6
SWPBO,SW_PBO_PORT_RUNOUT,DRAM_RUNOUT,16,10
SWPBO,SW_PBO_PORT_RUNOUT,RESERVED,10,6
SWPBO,SW_PBO_PORT_RUNOUT,SRAM_RUNOUT,0,10
SWPBO,SW_PBO_PORT_MAX_DSC,CLR_MAX_DSC_CNT,31,1
SWPBO,SW_PBO_PORT_MAX_DSC,RESERVED,26,5
SWPBO,SW_PBO_PORT_MAX_DSC,DRAM_MAX,16,10
SWPBO,SW_PBO_PORT_MAX_DSC,RESERVED,10,6
SWPBO,SW_PBO_PORT_MAX_DSC,SRAM_MAX,0,10
SWPBO,SW_PBO_PORT_DSC,RESERVED,26,6
SWPBO,SW_PBO_PORT_DSC,DRAM_USED,16,10
SWPBO,SW_PBO_PORT_DSC,RESERVED,10,6
SWPBO,SW_PBO_PORT_DSC,SRAM_USED,0,10
SWPBO,SW_PBO_PORT_PAGE_CNT,RESERVED,26,6
SWPBO,SW_PBO_PORT_PAGE_CNT,MAX,16,10
SWPBO,SW_PBO_PORT_PAGE_CNT,RESERVED,10,6
SWPBO,SW_PBO_PORT_PAGE_CNT,CURRENT,0,10
SWPBO,SW_PBO_PORT_MAX_CLEAR,CLEAR,0,1
SWPBO,SW_PBO_SID_PAGE_CNT,RESERVED,26,6
SWPBO,SW_PBO_SID_PAGE_CNT,MAX,16,10
SWPBO,SW_PBO_SID_PAGE_CNT,RESERVED,10,6
SWPBO,SW_PBO_SID_PAGE_CNT,CURRENT,0,10
SWPBO,SW_PBO_TOTAL_PAGE_CNT,RESERVED,26,6
SWPBO,SW_PBO_TOTAL_PAGE_CNT,MAX,16,10
SWPBO,SW_PBO_TOTAL_PAGE_CNT,RESERVED,10,6
SWPBO,SW_PBO_TOTAL_PAGE_CNT,CURRENT,0,10
SWPBO,SW_PBO_TOTAL_MAX_CLEAR,RESERVED,1,31
SWPBO,SW_PBO_TOTAL_MAX_CLEAR,CLEAR,0,1
SWPBO,SW_PBO_SCH_MISC,RESERVED,10,22
SWPBO,SW_PBO_SCH_MISC,SWPBOQ_EN,9,1
SWPBO,SW_PBO_SCH_MISC,PONIP_SID_MAX_PG_CLR,8,1
SWPBO,SW_PBO_SCH_MISC,PONIP_SID_BUSY,7,1
SWPBO,SW_PBO_SCH_MISC,PONIP_SID_READ,6,1
SWPBO,SW_PBO_SCH_MISC,PONIP_SID_SEL,0,6
SWPBO,SW_PBO_DBG_SEL,RESERVED,16,16
SWPBO,SW_PBO_DBG_SEL,CFG_PON_DBGO_MODSEL,8,8
SWPBO,SW_PBO_DBG_SEL,RESERVED,4,4
SWPBO,SW_PBO_DBG_SEL,CFG_PON_DBGO_GRPSEL,0,4
SWPBO,SW_PBO_DSCCTRL,RESERVED,3,29
SWPBO,SW_PBO_DSCCTRL,CFG_PON_EXRXSPC,2,1
SWPBO,SW_PBO_DSCCTRL,CFG_PAGE_SIZE,0,2
SWPBO,ARB_TIMEOUT,RESERVED,8,24
SWPBO,ARB_TIMEOUT,CFG_LXSLV_TIMEOUT,0,8
SWPBO,ES_BIST_RSLT,RESERVED,5,27
SWPBO,ES_BIST_RSLT,ES_BIST_RSLT_DRF_FAIL,4,1
SWPBO,ES_BIST_RSLT,ES_BIST_RSLT_FAIL,3,1
SWPBO,ES_BIST_RSLT,ES_BIST_RSLT_DRF_PAUSE,2,1
SWPBO,ES_BIST_RSLT,ES_BIST_RSLT_DRF_DONE,1,1
SWPBO,ES_BIST_RSLT,ES_BIST_RSLT_DONE,0,1
SWPBO,RX_DROP_CNT_ES,RX_DROP_CNT,0,32
SWPBO,RX_SID_GOOD_CNT_ES,RX_SID_GOOD_CNT,0,32
SWPBO,RX_SID_BAD_CNT_ES,RX_SID_BAD_CNT,0,32
SWPBO,TX_SID_CNT_ES,TX_SID_CNT,0,32
SWPBO,CNT_MASK_ES,DBG_CNT_SID_MASK,0,1
SWPBO_NIC_CTRL,SWPBO_PKT_OK_CNT,TX_OK_CNT,16,16
SWPBO_NIC_CTRL,SWPBO_PKT_OK_CNT,RX_OK_CNT,0,16
SWPBO_NIC_CTRL,SWPBO_PKT_ERR_CNT,TX_ERR_CNT,16,16
SWPBO_NIC_CTRL,SWPBO_PKT_ERR_CNT,RX_ERR_CNT,0,16
SWPBO_NIC_CTRL,SWPBO_PKT_MISS_CNT,MISS_CNT,16,16
SWPBO_NIC_CTRL,SWPBO_PKT_MISS_CNT,RESERVED,0,16
SWPBO_NIC_CTRL,SWPBO_CMD_REG,RESERVED,4,28
SWPBO_NIC_CTRL,SWPBO_CMD_REG,RX_JUMBLE,3,1
SWPBO_NIC_CTRL,SWPBO_CMD_REG,RESERVED,1,2
SWPBO_NIC_CTRL,SWPBO_CMD_REG,RST,0,1
SWPBO_NIC_CTRL,SWPBO_INTERRUPT,RESERVED,27,5
SWPBO_NIC_CTRL,SWPBO_INTERRUPT,SW_INT_IMR,26,1
SWPBO_NIC_CTRL,SWPBO_INTERRUPT,TDU_IMR,25,1
SWPBO_NIC_CTRL,SWPBO_INTERRUPT,RESERVED,24,1
SWPBO_NIC_CTRL,SWPBO_INTERRUPT,TER_IMR,23,1
SWPBO_NIC_CTRL,SWPBO_INTERRUPT,RESERVED,22,1
SWPBO_NIC_CTRL,SWPBO_INTERRUPT,RDU_IMR,21,1
SWPBO_NIC_CTRL,SWPBO_INTERRUPT,REF_OVF_IMR,20,1
SWPBO_NIC_CTRL,SWPBO_INTERRUPT,RESERVED,18,2
SWPBO_NIC_CTRL,SWPBO_INTERRUPT,CNT_WRAP_IMR,17,1
SWPBO_NIC_CTRL,SWPBO_INTERRUPT,RESERVED,16,1
SWPBO_NIC_CTRL,SWPBO_INTERRUPT,RESERVED,11,5
SWPBO_NIC_CTRL,SWPBO_INTERRUPT,SW_INT_IMS,10,1
SWPBO_NIC_CTRL,SWPBO_INTERRUPT,TDU_IMS,9,1
SWPBO_NIC_CTRL,SWPBO_INTERRUPT,RESERVED,8,1
SWPBO_NIC_CTRL,SWPBO_INTERRUPT,TER_IMS,7,1
SWPBO_NIC_CTRL,SWPBO_INTERRUPT,RESERVED,6,1
SWPBO_NIC_CTRL,SWPBO_INTERRUPT,RDU_IMS,5,1
SWPBO_NIC_CTRL,SWPBO_INTERRUPT,REF_OVF_IMS,4,1
SWPBO_NIC_CTRL,SWPBO_INTERRUPT,RESERVED,2,2
SWPBO_NIC_CTRL,SWPBO_INTERRUPT,CNT_WRAP_IMS,1,1
SWPBO_NIC_CTRL,SWPBO_INTERRUPT,RESERVED,0,1
SWPBO_NIC_CTRL,SWPBO_TX_CFG,RESERVED,13,19
SWPBO_NIC_CTRL,SWPBO_TX_CFG,IFG,10,3
SWPBO_NIC_CTRL,SWPBO_TX_CFG,RESERVED,4,6
SWPBO_NIC_CTRL,SWPBO_TX_CFG,R_TX_HPRI,3,1
SWPBO_NIC_CTRL,SWPBO_TX_CFG,R_PREAMBLE_LEN,1,2
SWPBO_NIC_CTRL,SWPBO_TX_CFG,R_TX_PADDING,0,1
SWPBO_NIC_CTRL,SWPBO_RX_CFG,RESERVED,10,22
SWPBO_NIC_CTRL,SWPBO_RX_CFG,R_PREAMBLE_LEN,8,2
SWPBO_NIC_CTRL,SWPBO_RX_CFG,RESERVED,7,1
SWPBO_NIC_CTRL,SWPBO_RX_CFG,AFLOW,6,1
SWPBO_NIC_CTRL,SWPBO_RX_CFG,AER,5,1
SWPBO_NIC_CTRL,SWPBO_RX_CFG,AR,4,1
SWPBO_NIC_CTRL,SWPBO_RX_CFG,AB,3,1
SWPBO_NIC_CTRL,SWPBO_RX_CFG,AM,2,1
SWPBO_NIC_CTRL,SWPBO_RX_CFG,APM,1,1
SWPBO_NIC_CTRL,SWPBO_RX_CFG,AAP,0,1
SWPBO_NIC_CTRL,SWPBO_CFG,RESERVED,30,2
SWPBO_NIC_CTRL,SWPBO_CFG,RFF_SIZE_SEL,28,2
SWPBO_NIC_CTRL,SWPBO_CFG,RESERVED,27,1
SWPBO_NIC_CTRL,SWPBO_CFG,E_EN_RFF_AFULL,26,1
SWPBO_NIC_CTRL,SWPBO_CFG,RESERVED,18,8
SWPBO_NIC_CTRL,SWPBO_CFG,EN_TX_STOP,17,1
SWPBO_NIC_CTRL,SWPBO_CFG,EN_TXE_EXTRA,16,1
SWPBO_NIC_CTRL,SWPBO_CFG,RESERVED,7,9
SWPBO_NIC_CTRL,SWPBO_CFG,RX_SID,0,7
SWPBO_NIC_CTRL,SWPBO_MEDIA_STS,FORCE_TRXFCE,31,1
SWPBO_NIC_CTRL,SWPBO_MEDIA_STS,RXFCE,30,1
SWPBO_NIC_CTRL,SWPBO_MEDIA_STS,TXFCE,29,1
SWPBO_NIC_CTRL,SWPBO_MEDIA_STS,SPEED_1000,28,1
SWPBO_NIC_CTRL,SWPBO_MEDIA_STS,SPEED_10,27,1
SWPBO_NIC_CTRL,SWPBO_MEDIA_STS,LINKB,26,1
SWPBO_NIC_CTRL,SWPBO_MEDIA_STS,RESERVED,23,3
SWPBO_NIC_CTRL,SWPBO_MEDIA_STS,FULLDUPREG,22,1
SWPBO_NIC_CTRL,SWPBO_MEDIA_STS,RSVD_21,21,1
SWPBO_NIC_CTRL,SWPBO_MEDIA_STS,RESERVED,20,1
SWPBO_NIC_CTRL,SWPBO_MEDIA_STS,FORCEDFULLDUP,19,1
SWPBO_NIC_CTRL,SWPBO_MEDIA_STS,FORCELINK,18,1
SWPBO_NIC_CTRL,SWPBO_MEDIA_STS,FORCE_SPD,16,2
SWPBO_NIC_CTRL,SWPBO_MEDIA_STS,RSVD_15,15,1
SWPBO_NIC_CTRL,SWPBO_MEDIA_STS,RESERVED,11,4
SWPBO_NIC_CTRL,SWPBO_MEDIA_STS,FORCE_SPD_MODE,10,1
SWPBO_NIC_CTRL,SWPBO_MEDIA_STS,RESERVED,0,10
SWPBO_NIC_CTRL,SWPBO_SW_INTERRUPT,RESERVED,1,31
SWPBO_NIC_CTRL,SWPBO_SW_INTERRUPT,SW_INT,0,1
SWPBO_NIC_CTRL,SWPBO_BIST,DRF_BIST_DONE,31,1
SWPBO_NIC_CTRL,SWPBO_BIST,BIST_DONE,30,1
SWPBO_NIC_CTRL,SWPBO_BIST,DRF_RFF_FAIL,29,1
SWPBO_NIC_CTRL,SWPBO_BIST,DRF_TFF_FAIL,28,1
SWPBO_NIC_CTRL,SWPBO_BIST,RFF_FAIL,27,1
SWPBO_NIC_CTRL,SWPBO_BIST,TFF_FAIL,26,1
SWPBO_NIC_CTRL,SWPBO_BIST,CSR_RFF_SET,13,13
SWPBO_NIC_CTRL,SWPBO_BIST,CSR_TFF_SET,0,13
SWPBO_NIC_CPU_IF,SWPBO_TXCD01,RESERVED,28,4
SWPBO_NIC_CPU_IF,SWPBO_TXCD01,TXCDO1,16,12
SWPBO_NIC_CPU_IF,SWPBO_TXCD01,RESERVED,0,16
SWPBO_NIC_CPU_IF,SWPBO_RXFDP1,RXFDP1,0,32
SWPBO_NIC_CPU_IF,SWPBO_RXCDO1,RESERVED,28,4
SWPBO_NIC_CPU_IF,SWPBO_RXCDO1,RXCDO1,16,12
SWPBO_NIC_CPU_IF,SWPBO_RXCDO1,RESERVED,0,16
SWPBO_NIC_CPU_IF,SWPBO_PROBE_SELECT,RESERVED,8,24
SWPBO_NIC_CPU_IF,SWPBO_PROBE_SELECT,R_DBG_FUNC_SEL,5,3
SWPBO_NIC_CPU_IF,SWPBO_PROBE_SELECT,RESERVED,4,1
SWPBO_NIC_CPU_IF,SWPBO_PROBE_SELECT,DBG_SEL,0,4
SWPBO_NIC_CPU_IF,SWPBO_CONFIG_CLK,RESERVED,6,26
SWPBO_NIC_CPU_IF,SWPBO_CONFIG_CLK,SET_D_TXC,5,1
SWPBO_NIC_CPU_IF,SWPBO_CONFIG_CLK,RESERVED,0,5
SWPBO_NIC_CPU_IF,SWPBO_IO_CMD_0,MAX_DMA_SEL_0,31,1
SWPBO_NIC_CPU_IF,SWPBO_IO_CMD_0,RESERVED,30,1
SWPBO_NIC_CPU_IF,SWPBO_IO_CMD_0,MAX_DMA_SEL_1,29,1
SWPBO_NIC_CPU_IF,SWPBO_IO_CMD_0,EARLY_TX_EN,28,1
SWPBO_NIC_CPU_IF,SWPBO_IO_CMD_0,RESERVED,21,7
SWPBO_NIC_CPU_IF,SWPBO_IO_CMD_0,TX_FIFO_THR,19,2
SWPBO_NIC_CPU_IF,SWPBO_IO_CMD_0,DUMMY_0_US,17,2
SWPBO_NIC_CPU_IF,SWPBO_IO_CMD_0,RESERVED,13,4
SWPBO_NIC_CPU_IF,SWPBO_IO_CMD_0,RX_FIFO_THR,11,2
SWPBO_NIC_CPU_IF,SWPBO_IO_CMD_0,RESERVED,8,3
SWPBO_NIC_CPU_IF,SWPBO_IO_CMD_0,RX_MAX_DMA_SEL,6,2
SWPBO_NIC_CPU_IF,SWPBO_IO_CMD_0,GMII_RX_EN,5,1
SWPBO_NIC_CPU_IF,SWPBO_IO_CMD_0,GMII_TX_EN,4,1
SWPBO_NIC_CPU_IF,SWPBO_IO_CMD_0,RESERVED,0,4
SWPBO_NIC_CPU_IF,SWPBO_IO_CMD_1,RESERVED,28,4
SWPBO_NIC_CPU_IF,SWPBO_IO_CMD_1,PRECISE_DMA_EN,27,1
SWPBO_NIC_CPU_IF,SWPBO_IO_CMD_1,RESERVED,26,1
SWPBO_NIC_CPU_IF,SWPBO_IO_CMD_1,R_EN_RX_MRING,25,1
SWPBO_NIC_CPU_IF,SWPBO_IO_CMD_1,GB_EN,24,1
SWPBO_NIC_CPU_IF,SWPBO_IO_CMD_1,RESERVED,18,6
SWPBO_NIC_CPU_IF,SWPBO_IO_CMD_1,R_SET_RX_P9QFLAG,17,1
SWPBO_NIC_CPU_IF,SWPBO_IO_CMD_1,R_SET_RX_P8QFLAG,16,1
SWPBO_NIC_CPU_IF,SWPBO_IO_CMD_1,R_SET_RX_P7QFLAG,15,1
SWPBO_NIC_CPU_IF,SWPBO_IO_CMD_1,R_SET_RX_P6QFLAG,14,1
SWPBO_NIC_CPU_IF,SWPBO_IO_CMD_1,R_SET_RX_P5QFLAG,13,1
SWPBO_NIC_CPU_IF,SWPBO_IO_CMD_1,R_SET_RX_P4QFLAG,12,1
SWPBO_NIC_CPU_IF,SWPBO_IO_CMD_1,R_SET_RX_P3QFLAG,11,1
SWPBO_NIC_CPU_IF,SWPBO_IO_CMD_1,R_SET_RX_P2QFLAG,10,1
SWPBO_NIC_CPU_IF,SWPBO_IO_CMD_1,R_SET_RX_P1QFLAG,9,1
SWPBO_NIC_CPU_IF,SWPBO_IO_CMD_1,R_SET_RX_P0QFLAG,8,1
SWPBO_NIC_CPU_IF,SWPBO_IO_CMD_1,RESERVED,6,2
SWPBO_NIC_CPU_IF,SWPBO_IO_CMD_1,R_RPAGE_SIZE,4,2
SWPBO_NIC_CPU_IF,SWPBO_IO_CMD_1,RESERVED,2,2
SWPBO_NIC_CPU_IF,SWPBO_IO_CMD_1,R_TPAGE_SIZE,0,2
GPON_MAC_GENERAL_CONFIG,GPON_INT_DLT,RESERVED,16,16
GPON_MAC_GENERAL_CONFIG,GPON_INT_DLT,GPON_IRQ,15,1
GPON_MAC_GENERAL_CONFIG,GPON_INT_DLT,RESERVED,0,15
GPON_MAC_GENERAL_CONFIG,GPON_RESET,RESERVED,9,23
GPON_MAC_GENERAL_CONFIG,GPON_RESET,RST_DONE,8,1
GPON_MAC_GENERAL_CONFIG,GPON_RESET,RESERVED,1,7
GPON_MAC_GENERAL_CONFIG,GPON_RESET,SOFT_RST,0,1
GPON_MAC_GENERAL_CONFIG,GPON_VERSION,VER_ID,0,32
GPON_MAC_GENERAL_CONFIG,GPON_TEST,TEST_REG,0,32
GPON_MAC_GENERAL_CONFIG,GPON_AES_BYPASS,RESERVED,1,31
GPON_MAC_GENERAL_CONFIG,GPON_AES_BYPASS,M_BYPASS_AES_MOD,0,1
GPON_MAC_GENERAL_CONFIG,GPON_FRAME_PULSE_CFG,RESERVED,31,1
GPON_MAC_GENERAL_CONFIG,GPON_FRAME_PULSE_CFG,FRAME_PULSE_PHASE_OFFSET,16,15
GPON_MAC_GENERAL_CONFIG,GPON_FRAME_PULSE_CFG,RESERVED,15,1
GPON_MAC_GENERAL_CONFIG,GPON_FRAME_PULSE_CFG,FRAME_PULSE_DUTY_CYCLE,0,15
GPON_MAC_GENERAL_CONFIG,GPON_INTR_MASK,RESERVED,7,25
GPON_MAC_GENERAL_CONFIG,GPON_INTR_MASK,GEM_US_M,6,1
GPON_MAC_GENERAL_CONFIG,GPON_INTR_MASK,GTC_US_M,5,1
GPON_MAC_GENERAL_CONFIG,GPON_INTR_MASK,GEM_DS_M,4,1
GPON_MAC_GENERAL_CONFIG,GPON_INTR_MASK,AES_DECRYPT_M,3,1
GPON_MAC_GENERAL_CONFIG,GPON_INTR_MASK,GTC_DS_CAP_M,2,1
GPON_MAC_GENERAL_CONFIG,GPON_INTR_MASK,GTC_DS_M,1,1
GPON_MAC_GENERAL_CONFIG,GPON_INTR_MASK,DUMMY_M,0,1
GPON_MAC_GENERAL_CONFIG,GPON_INTR_STS,RESERVED,7,25
GPON_MAC_GENERAL_CONFIG,GPON_INTR_STS,GEM_US_INTR,6,1
GPON_MAC_GENERAL_CONFIG,GPON_INTR_STS,GTC_US_INTR,5,1
GPON_MAC_GENERAL_CONFIG,GPON_INTR_STS,GEM_DS_INTR,4,1
GPON_MAC_GENERAL_CONFIG,GPON_INTR_STS,AES_DECRYPT_INTR,3,1
GPON_MAC_GENERAL_CONFIG,GPON_INTR_STS,GTC_DS_CAP_INTR,2,1
GPON_MAC_GENERAL_CONFIG,GPON_INTR_STS,GTC_DS_INTR,1,1
GPON_MAC_GENERAL_CONFIG,GPON_INTR_STS,RESERVED,0,1
GPON_MAC_GENERAL_CONFIG,GPON_MAC_BIST_RSLT,RESERVED,5,27
GPON_MAC_GENERAL_CONFIG,GPON_MAC_BIST_RSLT,BIST_RSLT_DRF_FAIL_GPON_MAC,4,1
GPON_MAC_GENERAL_CONFIG,GPON_MAC_BIST_RSLT,BIST_RSLT_FAIL_GPON_MAC,3,1
GPON_MAC_GENERAL_CONFIG,GPON_MAC_BIST_RSLT,BIST_RSLT_DRF_PAUSE_GPON_MAC,2,1
GPON_MAC_GENERAL_CONFIG,GPON_MAC_BIST_RSLT,BIST_RSLT_DRF_DONE_GPON_MAC,1,1
GPON_MAC_GENERAL_CONFIG,GPON_MAC_BIST_RSLT,BIST_RSLT_DONE_GPON_MAC,0,1
GTC_DOWNSTREAM,GPON_GTC_DS_INTR_DLT,RESERVED,16,16
GTC_DOWNSTREAM,GPON_GTC_DS_INTR_DLT,GTC_DS_INTR,15,1
GTC_DOWNSTREAM,GPON_GTC_DS_INTR_DLT,RESERVED,12,3
GTC_DOWNSTREAM,GPON_GTC_DS_INTR_DLT,PPS_DLT,11,1
GTC_DOWNSTREAM,GPON_GTC_DS_INTR_DLT,PLM_BUF_REQ,10,1
GTC_DOWNSTREAM,GPON_GTC_DS_INTR_DLT,RNG_REQ_HIS,9,1
GTC_DOWNSTREAM,GPON_GTC_DS_INTR_DLT,SN_REQ_HIS,8,1
GTC_DOWNSTREAM,GPON_GTC_DS_INTR_DLT,RESERVED,4,4
GTC_DOWNSTREAM,GPON_GTC_DS_INTR_DLT,LOM_DLT,3,1
GTC_DOWNSTREAM,GPON_GTC_DS_INTR_DLT,DS_FEC_STA_DLT,2,1
GTC_DOWNSTREAM,GPON_GTC_DS_INTR_DLT,LOF_DLT,1,1
GTC_DOWNSTREAM,GPON_GTC_DS_INTR_DLT,LOS_DLT,0,1
GTC_DOWNSTREAM,GPON_GTC_DS_INTR_MASK,RESERVED,12,20
GTC_DOWNSTREAM,GPON_GTC_DS_INTR_MASK,PPS_M,11,1
GTC_DOWNSTREAM,GPON_GTC_DS_INTR_MASK,PLM_BUF_M,10,1
GTC_DOWNSTREAM,GPON_GTC_DS_INTR_MASK,RNG_REQ_M,9,1
GTC_DOWNSTREAM,GPON_GTC_DS_INTR_MASK,SN_REQ_M,8,1
GTC_DOWNSTREAM,GPON_GTC_DS_INTR_MASK,RESERVED,4,4
GTC_DOWNSTREAM,GPON_GTC_DS_INTR_MASK,LOM_M,3,1
GTC_DOWNSTREAM,GPON_GTC_DS_INTR_MASK,DS_FEC_STA_M,2,1
GTC_DOWNSTREAM,GPON_GTC_DS_INTR_MASK,LOF_M,1,1
GTC_DOWNSTREAM,GPON_GTC_DS_INTR_MASK,LOS_M,0,1
GTC_DOWNSTREAM,GPON_GTC_DS_INTR_STS,RESERVED,4,28
GTC_DOWNSTREAM,GPON_GTC_DS_INTR_STS,LOM,3,1
GTC_DOWNSTREAM,GPON_GTC_DS_INTR_STS,DS_FEC_STS,2,1
GTC_DOWNSTREAM,GPON_GTC_DS_INTR_STS,LOF,1,1
GTC_DOWNSTREAM,GPON_GTC_DS_INTR_STS,LOS,0,1
GTC_DOWNSTREAM,GPON_GTC_DS_ONU_ID_STATUS,RESERVED,16,16
GTC_DOWNSTREAM,GPON_GTC_DS_ONU_ID_STATUS,ONU_ID,8,8
GTC_DOWNSTREAM,GPON_GTC_DS_ONU_ID_STATUS,RESERVED,4,4
GTC_DOWNSTREAM,GPON_GTC_DS_ONU_ID_STATUS,ONU_STATE,0,4
GTC_DOWNSTREAM,GPON_GTC_DS_CFG,RESERVED,12,20
GTC_DOWNSTREAM,GPON_GTC_DS_CFG,BWM_NO_FLT,11,1
GTC_DOWNSTREAM,GPON_GTC_DS_CFG,BWM_FILT_ONUID,10,1
GTC_DOWNSTREAM,GPON_GTC_DS_CFG,CHK_BWM_CRC,9,1
GTC_DOWNSTREAM,GPON_GTC_DS_CFG,PLEND_STRICT_MODE,8,1
GTC_DOWNSTREAM,GPON_GTC_DS_CFG,EXTRA_SN_TX,6,2
GTC_DOWNSTREAM,GPON_GTC_DS_CFG,DIS_NORMALIZE,5,1
GTC_DOWNSTREAM,GPON_GTC_DS_CFG,FEC_CORRECT_DIS,4,1
GTC_DOWNSTREAM,GPON_GTC_DS_CFG,FEC_DET_THRSH,1,3
GTC_DOWNSTREAM,GPON_GTC_DS_CFG,DESCRAM_DIS,0,1
GTC_DOWNSTREAM,GPON_GTC_DS_PLOAM_CFG,RESERVED,11,21
GTC_DOWNSTREAM,GPON_GTC_DS_PLOAM_CFG,PLM_DROP_CRCE,10,1
GTC_DOWNSTREAM,GPON_GTC_DS_PLOAM_CFG,PLM_BC_ACC_EN,9,1
GTC_DOWNSTREAM,GPON_GTC_DS_PLOAM_CFG,PLM_DS_ONUID_FLT_EN,8,1
GTC_DOWNSTREAM,GPON_GTC_DS_PLOAM_CFG,PLM_DS_NOMSG_ID,0,8
GTC_DOWNSTREAM,GPON_GTC_DS_LOS_CFG_STS,RESERVED,11,21
GTC_DOWNSTREAM,GPON_GTC_DS_LOS_CFG_STS,CDR_LOS_SIG,10,1
GTC_DOWNSTREAM,GPON_GTC_DS_LOS_CFG_STS,RESERVED,9,1
GTC_DOWNSTREAM,GPON_GTC_DS_LOS_CFG_STS,OPTIC_LOS_SIG,8,1
GTC_DOWNSTREAM,GPON_GTC_DS_LOS_CFG_STS,RESERVED,5,3
GTC_DOWNSTREAM,GPON_GTC_DS_LOS_CFG_STS,LOS_FILTER_EN,4,1
GTC_DOWNSTREAM,GPON_GTC_DS_LOS_CFG_STS,CDR_LOS_POLAR,3,1
GTC_DOWNSTREAM,GPON_GTC_DS_LOS_CFG_STS,CDR_LOS_EN,2,1
GTC_DOWNSTREAM,GPON_GTC_DS_LOS_CFG_STS,OPTIC_LOS_POLAR,1,1
GTC_DOWNSTREAM,GPON_GTC_DS_LOS_CFG_STS,OPTIC_LOS_EN,0,1
GTC_DOWNSTREAM,GPON_GTC_DS_SUPERFRAME_CNT,RESERVED,30,2
GTC_DOWNSTREAM,GPON_GTC_DS_SUPERFRAME_CNT,SF_CNTR,0,30
GTC_DOWNSTREAM,GPON_GTC_DS_TOD_SUPERFRAME_CTRL,TOD_WR_REQ,31,1
GTC_DOWNSTREAM,GPON_GTC_DS_TOD_SUPERFRAME_CTRL,TOD_TIRGGER,30,1
GTC_DOWNSTREAM,GPON_GTC_DS_TOD_SUPERFRAME_CTRL,TOD_SF_CNTR,0,30
GTC_DOWNSTREAM,GPON_GTC_DS_PLOAM_IND,RESERVED,6,26
GTC_DOWNSTREAM,GPON_GTC_DS_PLOAM_IND,PLM_BUF_EMPTY,5,1
GTC_DOWNSTREAM,GPON_GTC_DS_PLOAM_IND,PLM_BUF_FULL,4,1
GTC_DOWNSTREAM,GPON_GTC_DS_PLOAM_IND,RESERVED,1,3
GTC_DOWNSTREAM,GPON_GTC_DS_PLOAM_IND,PLM_DEQ,0,1
GTC_DOWNSTREAM,GPON_GTC_DS_PLOAM_MSG,RESERVED,16,16
GTC_DOWNSTREAM,GPON_GTC_DS_PLOAM_MSG,PLOAM_RDATA,0,16
GTC_DOWNSTREAM,GPON_GTC_DS_ALLOC_IND,RESERVED,16,16
GTC_DOWNSTREAM,GPON_GTC_DS_ALLOC_IND,ALLOCID_OP_REQ,15,1
GTC_DOWNSTREAM,GPON_GTC_DS_ALLOC_IND,ALLOCID_OP_COMPL,14,1
GTC_DOWNSTREAM,GPON_GTC_DS_ALLOC_IND,ALLOCID_OP_HIT,13,1
GTC_DOWNSTREAM,GPON_GTC_DS_ALLOC_IND,RESERVED,10,3
GTC_DOWNSTREAM,GPON_GTC_DS_ALLOC_IND,ALLOCID_OP_MODE,8,2
GTC_DOWNSTREAM,GPON_GTC_DS_ALLOC_IND,RESERVED,5,3
GTC_DOWNSTREAM,GPON_GTC_DS_ALLOC_IND,ALLOCID_OP_IDX,0,5
GTC_DOWNSTREAM,GPON_GTC_DS_ALLOC_WR,RESERVED,12,20
GTC_DOWNSTREAM,GPON_GTC_DS_ALLOC_WR,ALLOCID_OP_WDATA,0,12
GTC_DOWNSTREAM,GPON_GTC_DS_ALLOC_RD,RESERVED,12,20
GTC_DOWNSTREAM,GPON_GTC_DS_ALLOC_RD,ALLOCID_OP_RDATA,0,12
GTC_DOWNSTREAM,GPON_GTC_DS_PORT_IND,RESERVED,16,16
GTC_DOWNSTREAM,GPON_GTC_DS_PORT_IND,PORTID_OP_REQ,15,1
GTC_DOWNSTREAM,GPON_GTC_DS_PORT_IND,PORTID_OP_COMPL,14,1
GTC_DOWNSTREAM,GPON_GTC_DS_PORT_IND,PORTID_OP_HIT,13,1
GTC_DOWNSTREAM,GPON_GTC_DS_PORT_IND,RESERVED,10,3
GTC_DOWNSTREAM,GPON_GTC_DS_PORT_IND,PORTID_OP_MODE,8,2
GTC_DOWNSTREAM,GPON_GTC_DS_PORT_IND,RESERVED,7,1
GTC_DOWNSTREAM,GPON_GTC_DS_PORT_IND,PORTID_OP_IDX,0,7
GTC_DOWNSTREAM,GPON_GTC_DS_PORT_WR,RESERVED,12,20
GTC_DOWNSTREAM,GPON_GTC_DS_PORT_WR,PORTID_OP_WDATA,0,12
GTC_DOWNSTREAM,GPON_GTC_DS_PORT_RD,RESERVED,12,20
GTC_DOWNSTREAM,GPON_GTC_DS_PORT_RD,PORTID_OP_RDATA,0,12
GTC_DOWNSTREAM,GPON_GTC_DS_PORT_CNTR_IND,RESERVED,16,16
GTC_DOWNSTREAM,GPON_GTC_DS_PORT_CNTR_IND,GEM_CNTR_R_ACK,15,1
GTC_DOWNSTREAM,GPON_GTC_DS_PORT_CNTR_IND,RESERVED,9,6
GTC_DOWNSTREAM,GPON_GTC_DS_PORT_CNTR_IND,GEM_CNTR_RSEL,8,1
GTC_DOWNSTREAM,GPON_GTC_DS_PORT_CNTR_IND,RESERVED,7,1
GTC_DOWNSTREAM,GPON_GTC_DS_PORT_CNTR_IND,GEM_CNTR_IDX,0,7
GTC_DOWNSTREAM,GPON_GTC_DS_PORT_CNTR_STAT,GEM_CNTR,0,32
GTC_DOWNSTREAM,GPON_GTC_DS_MISC_CNTR_BIP_ERR_BLK,CNTR_DS_BIP_ERR_BLOCK,0,32
GTC_DOWNSTREAM,GPON_GTC_DS_MISC_CNTR_BIP_ERR_BIT,CNTR_DS_BIP_ERR_BITS,0,32
GTC_DOWNSTREAM,GPON_GTC_DS_MISC_CNTR_FEC_CORRECT_BIT,CNTR_FEC_CORRECTED_BITS,0,32
GTC_DOWNSTREAM,GPON_GTC_DS_MISC_CNTR_FEC_CORRECT_BYTE,CNTR_FEC_CORRECTED_BYTES,0,32
GTC_DOWNSTREAM,GPON_GTC_DS_MISC_CNTR_FEC_CORRECT_CW,CNTR_FEC_CORRETED_CW,0,32
GTC_DOWNSTREAM,GPON_GTC_DS_MISC_CNTR_FEC_UNCOR_CW,CNTR_FEC_UNCORRETABLE_CW,0,32
GTC_DOWNSTREAM,GPON_GTC_DS_MISC_CNTR_LOM,CNTR_PLEND_FAIL,16,16
GTC_DOWNSTREAM,GPON_GTC_DS_MISC_CNTR_LOM,CNTR_SUPERFRAME_LOS,0,16
GTC_DOWNSTREAM,GPON_GTC_DS_MISC_CNTR_PLOAM_ACPT,CNTR_PLOAMD_ACCEPTED,0,32
GTC_DOWNSTREAM,GPON_GTC_DS_MISC_CNTR_PLOAM_FAIL,CNTR_PLOAMD_OVERFLOW,16,16
GTC_DOWNSTREAM,GPON_GTC_DS_MISC_CNTR_PLOAM_FAIL,CNTR_PLOAMD_CRC_ERR,0,16
GTC_DOWNSTREAM,GPON_GTC_DS_MISC_CNTR_BWM_FAIL,CNTR_BWMAP_OVERFLOW,16,16
GTC_DOWNSTREAM,GPON_GTC_DS_MISC_CNTR_BWM_FAIL,CNTR_BWMAP_CRC_ERR,0,16
GTC_DOWNSTREAM,GPON_GTC_DS_MISC_CNTR_BWM_INV,CNTR_BWMAP_INV1,16,16
GTC_DOWNSTREAM,GPON_GTC_DS_MISC_CNTR_BWM_INV,CNTR_BWMAP_INV0,0,16
GTC_DOWNSTREAM,GPON_GTC_DS_MISC_CNTR_ACTIVE,CNTR_RANGING_REQ,16,16
GTC_DOWNSTREAM,GPON_GTC_DS_MISC_CNTR_ACTIVE,CNTR_SN_REQ,0,16
GTC_DOWNSTREAM,GPON_GTC_DS_MISC_CNTR_BWM_ACPT,CNTR_BWMAP_ACCPTED,0,32
GTC_DOWNSTREAM,GPON_GTC_DS_MISC_CNTR_GEM_LOS,CNTR_GEM_LOS,0,32
GTC_DOWNSTREAM,GPON_GTC_DS_MISC_CNTR_HEC_CORRECT,CNTR_HEC_CORRECTED,0,32
GTC_DOWNSTREAM,GPON_GTC_DS_MISC_CNTR_GEM_IDLE,CNTR_GEM_IDLE,0,32
GTC_DOWNSTREAM,GPON_GTC_DS_MISC_CNTR_GEM_FAIL,CNTR_PORTID_MMATCH,16,16
GTC_DOWNSTREAM,GPON_GTC_DS_MISC_CNTR_GEM_FAIL,CNTR_GEM_LEN_MISM,0,16
GTC_DOWNSTREAM,GPON_GTC_DS_MISC_CNTR_GEM_NON_IDLE,CNTR_RX_GEM_NON_IDLE,0,32
GTC_DOWNSTREAM,GPON_GTC_DS_MISC_CNTR_PLEN_CORRECT,CNTR_BLEN_TOOLONG,24,8
GTC_DOWNSTREAM,GPON_GTC_DS_MISC_CNTR_PLEN_CORRECT,CNTR_PLEND_UNCORRECTABLE,16,8
GTC_DOWNSTREAM,GPON_GTC_DS_MISC_CNTR_PLEN_CORRECT,CNTR_PLEND_CORRECTIONS,0,16
GTC_DOWNSTREAM,GPON_GTC_DS_TDM_PTI,RESERVED,7,25
GTC_DOWNSTREAM,GPON_GTC_DS_TDM_PTI,TDM_PTI_MASK,4,3
GTC_DOWNSTREAM,GPON_GTC_DS_TDM_PTI,RESERVED,3,1
GTC_DOWNSTREAM,GPON_GTC_DS_TDM_PTI,TDM_END_PTI,0,3
GTC_DOWNSTREAM,GPON_GTC_DS_OMCI_PTI,RESERVED,7,25
GTC_DOWNSTREAM,GPON_GTC_DS_OMCI_PTI,OMCI_PTI_MASK,4,3
GTC_DOWNSTREAM,GPON_GTC_DS_OMCI_PTI,RESERVED,3,1
GTC_DOWNSTREAM,GPON_GTC_DS_OMCI_PTI,OMCI_END_PTI,0,3
GTC_DOWNSTREAM,GPON_GTC_DS_ETH_PTI,RESERVED,7,25
GTC_DOWNSTREAM,GPON_GTC_DS_ETH_PTI,ETH_PTI_MASK,4,3
GTC_DOWNSTREAM,GPON_GTC_DS_ETH_PTI,RESERVED,3,1
GTC_DOWNSTREAM,GPON_GTC_DS_ETH_PTI,ETH_END_PTI,0,3
GTC_DOWNSTREAM,GPON_GTC_DS_BPOS_SUB,RESERVED,16,16
GTC_DOWNSTREAM,GPON_GTC_DS_BPOS_SUB,BPOS_WP,8,8
GTC_DOWNSTREAM,GPON_GTC_DS_BPOS_SUB,BPOS_SUB,0,8
GTC_DOWNSTREAM,GPON_GTC_DS_BPOS_ADD,RESERVED,16,16
GTC_DOWNSTREAM,GPON_GTC_DS_BPOS_ADD,BPOS_ADD,0,16
GTC_DOWNSTREAM,GPON_GTC_DS_DUMMY_1,DS_DMY_1,1,31
GTC_DOWNSTREAM,GPON_GTC_DS_DUMMY_1,FORCE_LOS,0,1
GTC_DOWNSTREAM,GPON_GTC_DS_DUMMY_2,DS_DMY_2,0,32
GTC_DOWNSTREAM,GPON_GTC_DS_PPS,SF_TOG,31,1
GTC_DOWNSTREAM,GPON_GTC_DS_PPS,DS_DMY_3,15,16
GTC_DOWNSTREAM,GPON_GTC_DS_PPS,PPS_CLR_IF_OFFSET,0,15
GTC_DOWNSTREAM,GPON_GTC_DS_PPS_INTR,PPS_INTR_IF_OFFSET,26,6
GTC_DOWNSTREAM,GPON_GTC_DS_PPS_INTR,PPS_INTR_SF_OFFSET,13,13
GTC_DOWNSTREAM,GPON_GTC_DS_PPS_INTR,PPS_PERIOD,0,13
GTC_DOWNSTREAM,DS_FEC,RESERVED,16,16
GTC_DOWNSTREAM,DS_FEC,GTC_DS_ALL_BIST_DONE,15,1
GTC_DOWNSTREAM,DS_FEC,RESERVED,14,1
GTC_DOWNSTREAM,DS_FEC,LS,13,1
GTC_DOWNSTREAM,DS_FEC,DRF_TEST_RESUME,12,1
GTC_DOWNSTREAM,DS_FEC,DRF_START_PAUSE,11,1
GTC_DOWNSTREAM,DS_FEC,DRF_BIST_DONE,10,1
GTC_DOWNSTREAM,DS_FEC,DRF_BIST_FAIL,9,1
GTC_DOWNSTREAM,DS_FEC,DRF_BIST_MODE,8,1
GTC_DOWNSTREAM,DS_FEC,BIST_FAIL,7,1
GTC_DOWNSTREAM,DS_FEC,BIST_DONE,6,1
GTC_DOWNSTREAM,DS_FEC,BIST_MODE,5,1
GTC_DOWNSTREAM,DS_FEC,DVSE,4,1
GTC_DOWNSTREAM,DS_FEC,DVS,0,4
GTC_DOWNSTREAM,PLOAM,RESERVED,16,16
GTC_DOWNSTREAM,PLOAM,GTC_DS_ALL_BIST_DONE,15,1
GTC_DOWNSTREAM,PLOAM,RESERVED,14,1
GTC_DOWNSTREAM,PLOAM,LS,13,1
GTC_DOWNSTREAM,PLOAM,DRF_TEST_RESUME,12,1
GTC_DOWNSTREAM,PLOAM,DRF_START_PAUSE,11,1
GTC_DOWNSTREAM,PLOAM,DRF_BIST_DONE,10,1
GTC_DOWNSTREAM,PLOAM,DRF_BIST_FAIL,9,1
GTC_DOWNSTREAM,PLOAM,DRF_BIST_MODE,8,1
GTC_DOWNSTREAM,PLOAM,BIST_FAIL,7,1
GTC_DOWNSTREAM,PLOAM,BIST_DONE,6,1
GTC_DOWNSTREAM,PLOAM,BIST_MODE,5,1
GTC_DOWNSTREAM,PLOAM,DVSE,4,1
GTC_DOWNSTREAM,PLOAM,DVS,0,4
GTC_DOWNSTREAM,GEM_CNTR,RESERVED,16,16
GTC_DOWNSTREAM,GEM_CNTR,GTC_DS_ALL_BIST_DONE,15,1
GTC_DOWNSTREAM,GEM_CNTR,RESERVED,14,1
GTC_DOWNSTREAM,GEM_CNTR,LS,13,1
GTC_DOWNSTREAM,GEM_CNTR,DRF_TEST_RESUME,12,1
GTC_DOWNSTREAM,GEM_CNTR,DRF_START_PAUSE,11,1
GTC_DOWNSTREAM,GEM_CNTR,DRF_BIST_DONE,10,1
GTC_DOWNSTREAM,GEM_CNTR,DRF_BIST_FAIL,9,1
GTC_DOWNSTREAM,GEM_CNTR,DRF_BIST_MODE,8,1
GTC_DOWNSTREAM,GEM_CNTR,BIST_FAIL,7,1
GTC_DOWNSTREAM,GEM_CNTR,BIST_DONE,6,1
GTC_DOWNSTREAM,GEM_CNTR,BIST_MODE,5,1
GTC_DOWNSTREAM,GEM_CNTR,DVSE,4,1
GTC_DOWNSTREAM,GEM_CNTR,DVS,0,4
GTC_DOWNSTREAM,GEM_TOKEN_A,RESERVED,16,16
GTC_DOWNSTREAM,GEM_TOKEN_A,GTC_DS_ALL_BIST_DONE,15,1
GTC_DOWNSTREAM,GEM_TOKEN_A,RESERVED,14,1
GTC_DOWNSTREAM,GEM_TOKEN_A,LS,13,1
GTC_DOWNSTREAM,GEM_TOKEN_A,DRF_TEST_RESUME,12,1
GTC_DOWNSTREAM,GEM_TOKEN_A,DRF_START_PAUSE,11,1
GTC_DOWNSTREAM,GEM_TOKEN_A,DRF_BIST_DONE,10,1
GTC_DOWNSTREAM,GEM_TOKEN_A,DRF_BIST_FAIL,9,1
GTC_DOWNSTREAM,GEM_TOKEN_A,DRF_BIST_MODE,8,1
GTC_DOWNSTREAM,GEM_TOKEN_A,BIST_FAIL,7,1
GTC_DOWNSTREAM,GEM_TOKEN_A,BIST_DONE,6,1
GTC_DOWNSTREAM,GEM_TOKEN_A,BIST_MODE,5,1
GTC_DOWNSTREAM,GEM_TOKEN_A,DVSE,4,1
GTC_DOWNSTREAM,GEM_TOKEN_A,DVS,0,4
GTC_DOWNSTREAM,BWMAP_CAP,RESERVED,16,16
GTC_DOWNSTREAM,BWMAP_CAP,GTC_DS_ALL_BIST_DONE,15,1
GTC_DOWNSTREAM,BWMAP_CAP,RESERVED,14,1
GTC_DOWNSTREAM,BWMAP_CAP,LS,13,1
GTC_DOWNSTREAM,BWMAP_CAP,DRF_TEST_RESUME,12,1
GTC_DOWNSTREAM,BWMAP_CAP,DRF_START_PAUSE,11,1
GTC_DOWNSTREAM,BWMAP_CAP,DRF_BIST_DONE,10,1
GTC_DOWNSTREAM,BWMAP_CAP,DRF_BIST_FAIL,9,1
GTC_DOWNSTREAM,BWMAP_CAP,DRF_BIST_MODE,8,1
GTC_DOWNSTREAM,BWMAP_CAP,BIST_FAIL,7,1
GTC_DOWNSTREAM,BWMAP_CAP,BIST_DONE,6,1
GTC_DOWNSTREAM,BWMAP_CAP,BIST_MODE,5,1
GTC_DOWNSTREAM,BWMAP_CAP,DVSE,4,1
GTC_DOWNSTREAM,BWMAP_CAP,DVS,0,4
GTC_DOWNSTREAM,BWMAP_BUF,RESERVED,16,16
GTC_DOWNSTREAM,BWMAP_BUF,GTC_DS_ALL_BIST_DONE,15,1
GTC_DOWNSTREAM,BWMAP_BUF,RESERVED,14,1
GTC_DOWNSTREAM,BWMAP_BUF,LS,13,1
GTC_DOWNSTREAM,BWMAP_BUF,DRF_TEST_RESUME,12,1
GTC_DOWNSTREAM,BWMAP_BUF,DRF_START_PAUSE,11,1
GTC_DOWNSTREAM,BWMAP_BUF,DRF_BIST_DONE,10,1
GTC_DOWNSTREAM,BWMAP_BUF,DRF_BIST_FAIL,9,1
GTC_DOWNSTREAM,BWMAP_BUF,DRF_BIST_MODE,8,1
GTC_DOWNSTREAM,BWMAP_BUF,BIST_FAIL,7,1
GTC_DOWNSTREAM,BWMAP_BUF,BIST_DONE,6,1
GTC_DOWNSTREAM,BWMAP_BUF,BIST_MODE,5,1
GTC_DOWNSTREAM,BWMAP_BUF,DVSE,4,1
GTC_DOWNSTREAM,BWMAP_BUF,DVS,0,4
GTC_DOWNSTREAM,TCONT,RESERVED,16,16
GTC_DOWNSTREAM,TCONT,GTC_DS_ALL_BIST_DONE,15,1
GTC_DOWNSTREAM,TCONT,RESERVED,14,1
GTC_DOWNSTREAM,TCONT,LS,13,1
GTC_DOWNSTREAM,TCONT,DRF_TEST_RESUME,12,1
GTC_DOWNSTREAM,TCONT,DRF_START_PAUSE,11,1
GTC_DOWNSTREAM,TCONT,DRF_BIST_DONE,10,1
GTC_DOWNSTREAM,TCONT,DRF_BIST_FAIL,9,1
GTC_DOWNSTREAM,TCONT,DRF_BIST_MODE,8,1
GTC_DOWNSTREAM,TCONT,BIST_FAIL,7,1
GTC_DOWNSTREAM,TCONT,BIST_DONE,6,1
GTC_DOWNSTREAM,TCONT,BIST_MODE,5,1
GTC_DOWNSTREAM,TCONT,DVSE,4,1
GTC_DOWNSTREAM,TCONT,DVS,0,4
GTC_DOWNSTREAM,GEM_L,RESERVED,16,16
GTC_DOWNSTREAM,GEM_L,GTC_DS_ALL_BIST_DONE,15,1
GTC_DOWNSTREAM,GEM_L,RESERVED,14,1
GTC_DOWNSTREAM,GEM_L,LS,13,1
GTC_DOWNSTREAM,GEM_L,DRF_TEST_RESUME,12,1
GTC_DOWNSTREAM,GEM_L,DRF_START_PAUSE,11,1
GTC_DOWNSTREAM,GEM_L,DRF_BIST_DONE,10,1
GTC_DOWNSTREAM,GEM_L,DRF_BIST_FAIL,9,1
GTC_DOWNSTREAM,GEM_L,DRF_BIST_MODE,8,1
GTC_DOWNSTREAM,GEM_L,BIST_FAIL,7,1
GTC_DOWNSTREAM,GEM_L,BIST_DONE,6,1
GTC_DOWNSTREAM,GEM_L,BIST_MODE,5,1
GTC_DOWNSTREAM,GEM_L,DVSE,4,1
GTC_DOWNSTREAM,GEM_L,DVS,0,4
GTC_DOWNSTREAM,GEM_H,RESERVED,16,16
GTC_DOWNSTREAM,GEM_H,GTC_DS_ALL_BIST_DONE,15,1
GTC_DOWNSTREAM,GEM_H,RESERVED,14,1
GTC_DOWNSTREAM,GEM_H,LS,13,1
GTC_DOWNSTREAM,GEM_H,DRF_TEST_RESUME,12,1
GTC_DOWNSTREAM,GEM_H,DRF_START_PAUSE,11,1
GTC_DOWNSTREAM,GEM_H,DRF_BIST_DONE,10,1
GTC_DOWNSTREAM,GEM_H,DRF_BIST_FAIL,9,1
GTC_DOWNSTREAM,GEM_H,DRF_BIST_MODE,8,1
GTC_DOWNSTREAM,GEM_H,BIST_FAIL,7,1
GTC_DOWNSTREAM,GEM_H,BIST_DONE,6,1
GTC_DOWNSTREAM,GEM_H,BIST_MODE,5,1
GTC_DOWNSTREAM,GEM_H,DVSE,4,1
GTC_DOWNSTREAM,GEM_H,DVS,0,4
GTC_DOWNSTREAM,GPON_GTC_DS_TRAFFIC_CFG,RESERVED,5,27
GTC_DOWNSTREAM,GPON_GTC_DS_TRAFFIC_CFG,TRAFFIC_TYPE_CFG,0,5
BWMAP_CAPTURE,GPON_BWMAP_CTRL,RESERVED,16,16
BWMAP_CAPTURE,GPON_BWMAP_CTRL,CAP_EN,15,1
BWMAP_CAPTURE,GPON_BWMAP_CTRL,CAP_CLR,14,1
BWMAP_CAPTURE,GPON_BWMAP_CTRL,RESERVED,8,6
BWMAP_CAPTURE,GPON_BWMAP_CTRL,CAP_FRAME_NUM,0,8
BWMAP_CAPTURE,GPON_BWMAP_STS,RESERVED,9,23
BWMAP_CAPTURE,GPON_BWMAP_STS,CAP_OVERFL,8,1
BWMAP_CAPTURE,GPON_BWMAP_STS,RESERVED,0,8
BWMAP_CAPTURE,GPON_BWMAP_DATA,RESERVED,16,16
BWMAP_CAPTURE,GPON_BWMAP_DATA,CAP_DATA,0,16
AES_DECRYPT,GPON_AES_INTR_DLT,RESERVED,16,16
AES_DECRYPT,GPON_AES_INTR_DLT,AES_DECRYPT_INTR,15,1
AES_DECRYPT,GPON_AES_INTR_DLT,RESERVED,2,13
AES_DECRYPT,GPON_AES_INTR_DLT,INFO_FIFO_OVERFL_DLT,1,1
AES_DECRYPT,GPON_AES_INTR_DLT,DATA_FIFO_OVERFL_DLT,0,1
AES_DECRYPT,GPON_AES_INTR_MASK,RESERVED,2,30
AES_DECRYPT,GPON_AES_INTR_MASK,INFO_FIFO_OVERFL_M,1,1
AES_DECRYPT,GPON_AES_INTR_MASK,DATA_FIFO_OVERFL_M,0,1
AES_DECRYPT,GPON_AES_INTR_STS,RESERVED,2,30
AES_DECRYPT,GPON_AES_INTR_STS,INFO_FIFO_OVERFL,1,1
AES_DECRYPT,GPON_AES_INTR_STS,DATA_FIFO_OVERFL,0,1
AES_DECRYPT,GPON_AES_KEY_SWITCH_REQ,RESERVED,16,16
AES_DECRYPT,GPON_AES_KEY_SWITCH_REQ,KEY_CFG_REQ,15,1
AES_DECRYPT,GPON_AES_KEY_SWITCH_REQ,CFG_ACTIVE_KEY,14,1
AES_DECRYPT,GPON_AES_KEY_SWITCH_REQ,RESERVED,0,14
AES_DECRYPT,GPON_AES_KEY_SWITCH_TIME,RESERVED,30,2
AES_DECRYPT,GPON_AES_KEY_SWITCH_TIME,SWITCH_SUPERFRAME,0,30
AES_DECRYPT,GPON_AES_KEY_WORD_IND,RESERVED,16,16
AES_DECRYPT,GPON_AES_KEY_WORD_IND,KEY_WR_REQ,15,1
AES_DECRYPT,GPON_AES_KEY_WORD_IND,KEY_WR_COMPL,14,1
AES_DECRYPT,GPON_AES_KEY_WORD_IND,RESERVED,8,6
AES_DECRYPT,GPON_AES_KEY_WORD_IND,KEY_USE_IND,7,1
AES_DECRYPT,GPON_AES_KEY_WORD_IND,RESERVED,3,4
AES_DECRYPT,GPON_AES_KEY_WORD_IND,KEY_WORD_IDX,0,3
AES_DECRYPT,GPON_AES_WORD_DATA,RESERVED,16,16
AES_DECRYPT,GPON_AES_WORD_DATA,KEY_DATA,0,16
AES_DECRYPT,CTL_INFO,RESERVED,16,16
AES_DECRYPT,CTL_INFO,AES_ALL_BIST_DONE,15,1
AES_DECRYPT,CTL_INFO,RESERVED,14,1
AES_DECRYPT,CTL_INFO,LS,13,1
AES_DECRYPT,CTL_INFO,DRF_TEST_RESUME,12,1
AES_DECRYPT,CTL_INFO,DRF_START_PAUSE,11,1
AES_DECRYPT,CTL_INFO,DRF_BIST_DONE,10,1
AES_DECRYPT,CTL_INFO,DRF_BIST_FAIL,9,1
AES_DECRYPT,CTL_INFO,DRF_BIST_MODE,8,1
AES_DECRYPT,CTL_INFO,BIST_FAIL,7,1
AES_DECRYPT,CTL_INFO,BIST_DONE,6,1
AES_DECRYPT,CTL_INFO,BIST_MODE,5,1
AES_DECRYPT,CTL_INFO,DVSE,4,1
AES_DECRYPT,CTL_INFO,DVS,0,4
AES_DECRYPT,CTL_DATA,RESERVED,16,16
AES_DECRYPT,CTL_DATA,AES_ALL_BIST_DONE,15,1
AES_DECRYPT,CTL_DATA,RESERVED,14,1
AES_DECRYPT,CTL_DATA,LS,13,1
AES_DECRYPT,CTL_DATA,DRF_TEST_RESUME,12,1
AES_DECRYPT,CTL_DATA,DRF_START_PAUSE,11,1
AES_DECRYPT,CTL_DATA,DRF_BIST_DONE,10,1
AES_DECRYPT,CTL_DATA,DRF_BIST_FAIL,9,1
AES_DECRYPT,CTL_DATA,DRF_BIST_MODE,8,1
AES_DECRYPT,CTL_DATA,BIST_FAIL,7,1
AES_DECRYPT,CTL_DATA,BIST_DONE,6,1
AES_DECRYPT,CTL_DATA,BIST_MODE,5,1
AES_DECRYPT,CTL_DATA,DVSE,4,1
AES_DECRYPT,CTL_DATA,DVS,0,4
AES_DECRYPT,CIPHER_1,RESERVED,16,16
AES_DECRYPT,CIPHER_1,AES_ALL_BIST_DONE,15,1
AES_DECRYPT,CIPHER_1,RESERVED,14,1
AES_DECRYPT,CIPHER_1,LS,13,1
AES_DECRYPT,CIPHER_1,DRF_TEST_RESUME,12,1
AES_DECRYPT,CIPHER_1,DRF_START_PAUSE,11,1
AES_DECRYPT,CIPHER_1,DRF_BIST_DONE,10,1
AES_DECRYPT,CIPHER_1,DRF_BIST_FAIL,9,1
AES_DECRYPT,CIPHER_1,DRF_BIST_MODE,8,1
AES_DECRYPT,CIPHER_1,BIST_FAIL,7,1
AES_DECRYPT,CIPHER_1,BIST_DONE,6,1
AES_DECRYPT,CIPHER_1,BIST_MODE,5,1
AES_DECRYPT,CIPHER_1,DVSE,4,1
AES_DECRYPT,CIPHER_1,DVS,0,4
AES_DECRYPT,CIPHER_2,RESERVED,16,16
AES_DECRYPT,CIPHER_2,AES_ALL_BIST_DONE,15,1
AES_DECRYPT,CIPHER_2,RESERVED,14,1
AES_DECRYPT,CIPHER_2,LS,13,1
AES_DECRYPT,CIPHER_2,DRF_TEST_RESUME,12,1
AES_DECRYPT,CIPHER_2,DRF_START_PAUSE,11,1
AES_DECRYPT,CIPHER_2,DRF_BIST_DONE,10,1
AES_DECRYPT,CIPHER_2,DRF_BIST_FAIL,9,1
AES_DECRYPT,CIPHER_2,DRF_BIST_MODE,8,1
AES_DECRYPT,CIPHER_2,BIST_FAIL,7,1
AES_DECRYPT,CIPHER_2,BIST_DONE,6,1
AES_DECRYPT,CIPHER_2,BIST_MODE,5,1
AES_DECRYPT,CIPHER_2,DVSE,4,1
AES_DECRYPT,CIPHER_2,DVS,0,4
AES_DECRYPT,KEY_EXPN,RESERVED,16,16
AES_DECRYPT,KEY_EXPN,AES_ALL_BIST_DONE,15,1
AES_DECRYPT,KEY_EXPN,RESERVED,14,1
AES_DECRYPT,KEY_EXPN,LS,13,1
AES_DECRYPT,KEY_EXPN,DRF_TEST_RESUME,12,1
AES_DECRYPT,KEY_EXPN,DRF_START_PAUSE,11,1
AES_DECRYPT,KEY_EXPN,DRF_BIST_DONE,10,1
AES_DECRYPT,KEY_EXPN,DRF_BIST_FAIL,9,1
AES_DECRYPT,KEY_EXPN,DRF_BIST_MODE,8,1
AES_DECRYPT,KEY_EXPN,BIST_FAIL,7,1
AES_DECRYPT,KEY_EXPN,BIST_DONE,6,1
AES_DECRYPT,KEY_EXPN,BIST_MODE,5,1
AES_DECRYPT,KEY_EXPN,DVSE,4,1
AES_DECRYPT,KEY_EXPN,DVS,0,4
GEM_PORT_DOWNSTREAM,GPON_GEM_DS_RX_CNTR_IND,RESERVED,16,16
GEM_PORT_DOWNSTREAM,GPON_GEM_DS_RX_CNTR_IND,ETH_PKT_RX_R_ACK,15,1
GEM_PORT_DOWNSTREAM,GPON_GEM_DS_RX_CNTR_IND,RESERVED,7,8
GEM_PORT_DOWNSTREAM,GPON_GEM_DS_RX_CNTR_IND,ETH_PKT_RX_IDX,0,7
GEM_PORT_DOWNSTREAM,GPON_GEM_DS_RX_CNTR_STAT,ETH_PKT_RX,0,32
GEM_PORT_DOWNSTREAM,GPON_GEM_DS_FWD_CNTR_IND,RESERVED,16,16
GEM_PORT_DOWNSTREAM,GPON_GEM_DS_FWD_CNTR_IND,ETH_PKT_FWD_R_ACK,15,1
GEM_PORT_DOWNSTREAM,GPON_GEM_DS_FWD_CNTR_IND,RESERVED,7,8
GEM_PORT_DOWNSTREAM,GPON_GEM_DS_FWD_CNTR_IND,ETH_PKT_FWD_IDX,0,7
GEM_PORT_DOWNSTREAM,GPON_GEM_DS_FWD_CNTR_STAT,ETH_PKT_FWD,0,32
GEM_PORT_DOWNSTREAM,GPON_GEM_DS_MISC_IND,RESERVED,3,29
GEM_PORT_DOWNSTREAM,GPON_GEM_DS_MISC_IND,MISC_CNTR_IDX,0,3
GEM_PORT_DOWNSTREAM,GPON_GEM_DS_MISC_CNTR_STAT,MISC_CNTR,0,32
GEM_PORT_DOWNSTREAM,GPON_GEM_DS_MC_CFG,RESERVED,11,21
GEM_PORT_DOWNSTREAM,GPON_GEM_DS_MC_CFG,IPV6_MC_FORCE_PASS,10,1
GEM_PORT_DOWNSTREAM,GPON_GEM_DS_MC_CFG,IPV6_MC_FORCE_DROP,9,1
GEM_PORT_DOWNSTREAM,GPON_GEM_DS_MC_CFG,RESERVED,7,2
GEM_PORT_DOWNSTREAM,GPON_GEM_DS_MC_CFG,BROADCAST_PASS,6,1
GEM_PORT_DOWNSTREAM,GPON_GEM_DS_MC_CFG,RESERVED,5,1
GEM_PORT_DOWNSTREAM,GPON_GEM_DS_MC_CFG,NON_MULTICAST_PASS,4,1
GEM_PORT_DOWNSTREAM,GPON_GEM_DS_MC_CFG,FCS_CHK_EN,3,1
GEM_PORT_DOWNSTREAM,GPON_GEM_DS_MC_CFG,IPV4_MC_FORCE_PASS,2,1
GEM_PORT_DOWNSTREAM,GPON_GEM_DS_MC_CFG,IPV4_MC_FORCE_DROP,1,1
GEM_PORT_DOWNSTREAM,GPON_GEM_DS_MC_CFG,MC_EXCL_MODE,0,1
GEM_PORT_DOWNSTREAM,GPON_GEM_DS_MC_IND,RESERVED,16,16
GEM_PORT_DOWNSTREAM,GPON_GEM_DS_MC_IND,MC_ITEM_OP_REQ,15,1
GEM_PORT_DOWNSTREAM,GPON_GEM_DS_MC_IND,MC_ITEM_OP_COMPL,14,1
GEM_PORT_DOWNSTREAM,GPON_GEM_DS_MC_IND,MC_ITEM_OP_HIT,13,1
GEM_PORT_DOWNSTREAM,GPON_GEM_DS_MC_IND,RESERVED,10,3
GEM_PORT_DOWNSTREAM,GPON_GEM_DS_MC_IND,MC_ITEM_OP_MODE,8,2
GEM_PORT_DOWNSTREAM,GPON_GEM_DS_MC_IND,MC_ITEM_OP_IDX,0,8
GEM_PORT_DOWNSTREAM,GPON_GEM_DS_MC_WR,MC_ITEM_OP_WDATA,0,32
GEM_PORT_DOWNSTREAM,GPON_GEM_DS_MC_RD,MC_ITEM_OP_RDATA,0,32
GEM_PORT_DOWNSTREAM,GPON_GEM_DS_FRM_TIMEOUT,RESERVED,16,16
GEM_PORT_DOWNSTREAM,GPON_GEM_DS_FRM_TIMEOUT,DEBUG_BUS_SEL,14,2
GEM_PORT_DOWNSTREAM,GPON_GEM_DS_FRM_TIMEOUT,RESERVED,9,5
GEM_PORT_DOWNSTREAM,GPON_GEM_DS_FRM_TIMEOUT,OMCI_TR_MODE,8,1
GEM_PORT_DOWNSTREAM,GPON_GEM_DS_FRM_TIMEOUT,RESERVED,5,3
GEM_PORT_DOWNSTREAM,GPON_GEM_DS_FRM_TIMEOUT,ASSM_TIMEOUT_FRM,0,5
GEM_PORT_DOWNSTREAM,GPON_GEM_DS_MC_ADDR_PTN_IPV4,RESERVED,24,8
GEM_PORT_DOWNSTREAM,GPON_GEM_DS_MC_ADDR_PTN_IPV4,IPV4_MC_MAC_PREFIX,0,24
GEM_PORT_DOWNSTREAM,GPON_GEM_DS_MC_ADDR_PTN_IPV6,RESERVED,16,16
GEM_PORT_DOWNSTREAM,GPON_GEM_DS_MC_ADDR_PTN_IPV6,IPV6_MC_MAC_PREFIX,0,16
GEM_PORT_DOWNSTREAM,CLASSIFY_BUF,RESERVED,16,16
GEM_PORT_DOWNSTREAM,CLASSIFY_BUF,GEM_DS_ALL_BIST_DONE,15,1
GEM_PORT_DOWNSTREAM,CLASSIFY_BUF,RESERVED,14,1
GEM_PORT_DOWNSTREAM,CLASSIFY_BUF,LS,13,1
GEM_PORT_DOWNSTREAM,CLASSIFY_BUF,DRF_TEST_RESUME,12,1
GEM_PORT_DOWNSTREAM,CLASSIFY_BUF,DRF_START_PAUSE,11,1
GEM_PORT_DOWNSTREAM,CLASSIFY_BUF,DRF_BIST_DONE,10,1
GEM_PORT_DOWNSTREAM,CLASSIFY_BUF,DRF_BIST_FAIL,9,1
GEM_PORT_DOWNSTREAM,CLASSIFY_BUF,DRF_BIST_MODE,8,1
GEM_PORT_DOWNSTREAM,CLASSIFY_BUF,BIST_FAIL,7,1
GEM_PORT_DOWNSTREAM,CLASSIFY_BUF,BIST_DONE,6,1
GEM_PORT_DOWNSTREAM,CLASSIFY_BUF,BIST_MODE,5,1
GEM_PORT_DOWNSTREAM,CLASSIFY_BUF,DVSE,4,1
GEM_PORT_DOWNSTREAM,CLASSIFY_BUF,DVS,0,4
GEM_PORT_DOWNSTREAM,CLASSIFY_CNTR,RESERVED,16,16
GEM_PORT_DOWNSTREAM,CLASSIFY_CNTR,GEM_DS_ALL_BIST_DONE,15,1
GEM_PORT_DOWNSTREAM,CLASSIFY_CNTR,RESERVED,14,1
GEM_PORT_DOWNSTREAM,CLASSIFY_CNTR,LS,13,1
GEM_PORT_DOWNSTREAM,CLASSIFY_CNTR,DRF_TEST_RESUME,12,1
GEM_PORT_DOWNSTREAM,CLASSIFY_CNTR,DRF_START_PAUSE,11,1
GEM_PORT_DOWNSTREAM,CLASSIFY_CNTR,DRF_BIST_DONE,10,1
GEM_PORT_DOWNSTREAM,CLASSIFY_CNTR,DRF_BIST_FAIL,9,1
GEM_PORT_DOWNSTREAM,CLASSIFY_CNTR,DRF_BIST_MODE,8,1
GEM_PORT_DOWNSTREAM,CLASSIFY_CNTR,BIST_FAIL,7,1
GEM_PORT_DOWNSTREAM,CLASSIFY_CNTR,BIST_DONE,6,1
GEM_PORT_DOWNSTREAM,CLASSIFY_CNTR,BIST_MODE,5,1
GEM_PORT_DOWNSTREAM,CLASSIFY_CNTR,DVSE,4,1
GEM_PORT_DOWNSTREAM,CLASSIFY_CNTR,DVS,0,4
GEM_PORT_DOWNSTREAM,ASSEMBLY,RESERVED,16,16
GEM_PORT_DOWNSTREAM,ASSEMBLY,GEM_DS_ALL_BIST_DONE,15,1
GEM_PORT_DOWNSTREAM,ASSEMBLY,RESERVED,14,1
GEM_PORT_DOWNSTREAM,ASSEMBLY,LS,13,1
GEM_PORT_DOWNSTREAM,ASSEMBLY,DRF_TEST_RESUME,12,1
GEM_PORT_DOWNSTREAM,ASSEMBLY,DRF_START_PAUSE,11,1
GEM_PORT_DOWNSTREAM,ASSEMBLY,DRF_BIST_DONE,10,1
GEM_PORT_DOWNSTREAM,ASSEMBLY,DRF_BIST_FAIL,9,1
GEM_PORT_DOWNSTREAM,ASSEMBLY,DRF_BIST_MODE,8,1
GEM_PORT_DOWNSTREAM,ASSEMBLY,BIST_FAIL,7,1
GEM_PORT_DOWNSTREAM,ASSEMBLY,BIST_DONE,6,1
GEM_PORT_DOWNSTREAM,ASSEMBLY,BIST_MODE,5,1
GEM_PORT_DOWNSTREAM,ASSEMBLY,DVSE,4,1
GEM_PORT_DOWNSTREAM,ASSEMBLY,DVS,0,4
GEM_PORT_DOWNSTREAM,MC_FILTER,RESERVED,16,16
GEM_PORT_DOWNSTREAM,MC_FILTER,GEM_DS_ALL_BIST_DONE,15,1
GEM_PORT_DOWNSTREAM,MC_FILTER,RESERVED,14,1
GEM_PORT_DOWNSTREAM,MC_FILTER,LS,13,1
GEM_PORT_DOWNSTREAM,MC_FILTER,DRF_TEST_RESUME,12,1
GEM_PORT_DOWNSTREAM,MC_FILTER,DRF_START_PAUSE,11,1
GEM_PORT_DOWNSTREAM,MC_FILTER,DRF_BIST_DONE,10,1
GEM_PORT_DOWNSTREAM,MC_FILTER,DRF_BIST_FAIL,9,1
GEM_PORT_DOWNSTREAM,MC_FILTER,DRF_BIST_MODE,8,1
GEM_PORT_DOWNSTREAM,MC_FILTER,BIST_FAIL,7,1
GEM_PORT_DOWNSTREAM,MC_FILTER,BIST_DONE,6,1
GEM_PORT_DOWNSTREAM,MC_FILTER,BIST_MODE,5,1
GEM_PORT_DOWNSTREAM,MC_FILTER,DVSE,4,1
GEM_PORT_DOWNSTREAM,MC_FILTER,DVS,0,4
GTC_UPSTREAM,GPON_GTC_US_INTR_DLT,RESERVED,16,16
GTC_UPSTREAM,GPON_GTC_US_INTR_DLT,GTC_US_INTR,15,1
GTC_UPSTREAM,GPON_GTC_US_INTR_DLT,RESERVED,11,4
GTC_UPSTREAM,GPON_GTC_US_INTR_DLT,ALL_QUEUE_EMPTY_DLT,10,1
GTC_UPSTREAM,GPON_GTC_US_INTR_DLT,OPTIC_SD_MISM_DLT,9,1
GTC_UPSTREAM,GPON_GTC_US_INTR_DLT,OPTIC_SD_TOOLONG_DLT,8,1
GTC_UPSTREAM,GPON_GTC_US_INTR_DLT,PLM_NRM_EMPTY_DLT,7,1
GTC_UPSTREAM,GPON_GTC_US_INTR_DLT,RESERVED,6,1
GTC_UPSTREAM,GPON_GTC_US_INTR_DLT,PLM_URG_EMPTY_DLT,5,1
GTC_UPSTREAM,GPON_GTC_US_INTR_DLT,RESERVED,3,2
GTC_UPSTREAM,GPON_GTC_US_INTR_DLT,US_FEC_STS_DLT,2,1
GTC_UPSTREAM,GPON_GTC_US_INTR_DLT,RESERVED,1,1
GTC_UPSTREAM,GPON_GTC_US_INTR_DLT,DG_MSG_TX_DLT,0,1
GTC_UPSTREAM,GPON_GTC_US_INTR_MASK,RESERVED,11,21
GTC_UPSTREAM,GPON_GTC_US_INTR_MASK,ALL_QUEUE_EMPTY_M,10,1
GTC_UPSTREAM,GPON_GTC_US_INTR_MASK,OPTIC_SD_MISM_M,9,1
GTC_UPSTREAM,GPON_GTC_US_INTR_MASK,OPTIC_SD_TOOLONG_M,8,1
GTC_UPSTREAM,GPON_GTC_US_INTR_MASK,PLM_NRM_EMPTY_M,7,1
GTC_UPSTREAM,GPON_GTC_US_INTR_MASK,RESERVED,6,1
GTC_UPSTREAM,GPON_GTC_US_INTR_MASK,PLM_URG_EMPTY_M,5,1
GTC_UPSTREAM,GPON_GTC_US_INTR_MASK,RESERVED,3,2
GTC_UPSTREAM,GPON_GTC_US_INTR_MASK,US_FEC_STS_M,2,1
GTC_UPSTREAM,GPON_GTC_US_INTR_MASK,RESERVED,1,1
GTC_UPSTREAM,GPON_GTC_US_INTR_MASK,DG_MSG_TX_M,0,1
GTC_UPSTREAM,GPON_GTC_US_INTR_STS,RESERVED,8,24
GTC_UPSTREAM,GPON_GTC_US_INTR_STS,PLM_NRM_EMPTY,7,1
GTC_UPSTREAM,GPON_GTC_US_INTR_STS,RESERVED,6,1
GTC_UPSTREAM,GPON_GTC_US_INTR_STS,PLM_URG_EMPTY,5,1
GTC_UPSTREAM,GPON_GTC_US_INTR_STS,RESERVED,3,2
GTC_UPSTREAM,GPON_GTC_US_INTR_STS,US_FEC_STS,2,1
GTC_UPSTREAM,GPON_GTC_US_INTR_STS,RESERVED,0,2
GTC_UPSTREAM,GPON_GTC_US_ONU_ID,RESERVED,16,16
GTC_UPSTREAM,GPON_GTC_US_ONU_ID,ONU_ID,8,8
GTC_UPSTREAM,GPON_GTC_US_ONU_ID,RESERVED,0,8
GTC_UPSTREAM,GPON_GTC_US_CFG,RESERVED,16,16
GTC_UPSTREAM,GPON_GTC_US_CFG,FS_LON,15,1
GTC_UPSTREAM,GPON_GTC_US_CFG,FS_LOFF,14,1
GTC_UPSTREAM,GPON_GTC_US_CFG,RESERVED,12,2
GTC_UPSTREAM,GPON_GTC_US_CFG,LESS_RANDOM,11,1
GTC_UPSTREAM,GPON_GTC_US_CFG,IND_NRM_PLM,10,1
GTC_UPSTREAM,GPON_GTC_US_CFG,PLM_DIS,9,1
GTC_UPSTREAM,GPON_GTC_US_CFG,DBRU_DIS,8,1
GTC_UPSTREAM,GPON_GTC_US_CFG,RESERVED,5,3
GTC_UPSTREAM,GPON_GTC_US_CFG,ENA_AUTO_DG,4,1
GTC_UPSTREAM,GPON_GTC_US_CFG,US_BEN_POLAR,3,1
GTC_UPSTREAM,GPON_GTC_US_CFG,RESERVED,1,2
GTC_UPSTREAM,GPON_GTC_US_CFG,SCRM_DIS,0,1
GTC_UPSTREAM,GPON_GTC_US_WRITE_PROTECT,RESERVED,16,16
GTC_UPSTREAM,GPON_GTC_US_WRITE_PROTECT,RSV_REG_WRITE_PROTECTION,0,16
GTC_UPSTREAM,GPON_GTC_US_TX_PATTERN_CTL,RESERVED,9,23
GTC_UPSTREAM,GPON_GTC_US_TX_PATTERN_CTL,TX_PATTERN_MODE_NO_FG,8,1
GTC_UPSTREAM,GPON_GTC_US_TX_PATTERN_CTL,RESERVED,6,2
GTC_UPSTREAM,GPON_GTC_US_TX_PATTERN_CTL,TX_PATTERN_MODE_BG,4,2
GTC_UPSTREAM,GPON_GTC_US_TX_PATTERN_CTL,RESERVED,2,2
GTC_UPSTREAM,GPON_GTC_US_TX_PATTERN_CTL,TX_PATTERN_MODE_FG,0,2
GTC_UPSTREAM,GPON_GTC_US_TX_PATTERN_BG,TX_PATTERN_BG,0,32
GTC_UPSTREAM,GPON_GTC_US_TX_PATTERN_FG,TX_PATTERN_FG,0,32
GTC_UPSTREAM,GPON_GTC_US_MIN_DELAY,RESERVED,16,16
GTC_UPSTREAM,GPON_GTC_US_MIN_DELAY,MIN_DELAY1,7,9
GTC_UPSTREAM,GPON_GTC_US_MIN_DELAY,MIN_DELAY2,0,7
GTC_UPSTREAM,GPON_GTC_US_EQD,RESERVED,27,5
GTC_UPSTREAM,GPON_GTC_US_EQD,EQD1_MULTFRAME,24,3
GTC_UPSTREAM,GPON_GTC_US_EQD,RESERVED,18,6
GTC_UPSTREAM,GPON_GTC_US_EQD,EQD1_INFRAME,0,18
GTC_UPSTREAM,GPON_GTC_US_LASER,RESERVED,14,18
GTC_UPSTREAM,GPON_GTC_US_LASER,LON_TIME,8,6
GTC_UPSTREAM,GPON_GTC_US_LASER,RESERVED,6,2
GTC_UPSTREAM,GPON_GTC_US_LASER,LOFF_TIME,0,6
GTC_UPSTREAM,GPON_GTC_US_BOH_CFG,RESERVED,12,20
GTC_UPSTREAM,GPON_GTC_US_BOH_CFG,BOH_REPEAT,8,4
GTC_UPSTREAM,GPON_GTC_US_BOH_CFG,BOH_LENGTH,0,8
GTC_UPSTREAM,GPON_GTC_US_BOH_DATA,RESERVED,8,24
GTC_UPSTREAM,GPON_GTC_US_BOH_DATA,BOH_DATA,0,8
GTC_UPSTREAM,GPON_GTC_US_PLOAM_IND,RESERVED,11,21
GTC_UPSTREAM,GPON_GTC_US_PLOAM_IND,PLM_TYPE,8,3
GTC_UPSTREAM,GPON_GTC_US_PLOAM_IND,PLM_NRM_EMPTY,7,1
GTC_UPSTREAM,GPON_GTC_US_PLOAM_IND,PLM_NRM_FULL,6,1
GTC_UPSTREAM,GPON_GTC_US_PLOAM_IND,PLM_URG_EMPTY,5,1
GTC_UPSTREAM,GPON_GTC_US_PLOAM_IND,PLM_URG_FULL,4,1
GTC_UPSTREAM,GPON_GTC_US_PLOAM_IND,RESERVED,1,3
GTC_UPSTREAM,GPON_GTC_US_PLOAM_IND,PLM_ENQ,0,1
GTC_UPSTREAM,GPON_GTC_US_PLOAM_DATA,RESERVED,16,16
GTC_UPSTREAM,GPON_GTC_US_PLOAM_DATA,PLM_DATA,0,16
GTC_UPSTREAM,GPON_GTC_US_PLOAM_CFG,RESERVED,5,27
GTC_UPSTREAM,GPON_GTC_US_PLOAM_CFG,PLM_FLUSH_BUF,4,1
GTC_UPSTREAM,GPON_GTC_US_PLOAM_CFG,RESERVED,2,2
GTC_UPSTREAM,GPON_GTC_US_PLOAM_CFG,PLM_US_CRC_GEN_EN,1,1
GTC_UPSTREAM,GPON_GTC_US_PLOAM_CFG,PLM_US_ONUID_OVRD_EN,0,1
GTC_UPSTREAM,GPON_GTC_US_MISC_CNTR_IDX,RESERVED,3,29
GTC_UPSTREAM,GPON_GTC_US_MISC_CNTR_IDX,MISC_IDX,0,3
GTC_UPSTREAM,GPON_GTC_US_MISC_CNTR_STAT,MISC_CNTR,0,32
GTC_UPSTREAM,GPON_GTC_US_RDI,RESERVED,1,31
GTC_UPSTREAM,GPON_GTC_US_RDI,ONU_RDI,0,1
GTC_UPSTREAM,GPON_GTC_US_DG,RESERVED,9,23
GTC_UPSTREAM,GPON_GTC_US_DG,DG_STATUS,8,1
GTC_UPSTREAM,GPON_GTC_US_DG,DG_MSG_TX_CNT,4,4
GTC_UPSTREAM,GPON_GTC_US_DG,DG_MSG_TX_CNT_THRESHOLD,0,4
GTC_UPSTREAM,GPON_GTC_US_OPTIC_SD_TH,RESERVED,31,1
GTC_UPSTREAM,GPON_GTC_US_OPTIC_SD_TH,OPTIC_SD_MISM_THREH,16,15
GTC_UPSTREAM,GPON_GTC_US_OPTIC_SD_TH,RESERVED,15,1
GTC_UPSTREAM,GPON_GTC_US_OPTIC_SD_TH,OPTIC_SD_TOOLONG_THRESH,0,15
GTC_UPSTREAM,GPON_GTC_US_PROC_MODE,RESERVED,2,30
GTC_UPSTREAM,GPON_GTC_US_PROC_MODE,OPTIC_AUTO_SUPRESS_DIS,1,1
GTC_UPSTREAM,GPON_GTC_US_PROC_MODE,AUTO_PROC_SSTART,0,1
GTC_UPSTREAM,G_DMY_XX_01,DMY_XX_01,0,32
GTC_UPSTREAM,G_DMY_XX_02,DMY_XX_02,0,32
GTC_UPSTREAM,G_DMY_XX_03,DMY_XX_03,0,32
GTC_UPSTREAM,GPON_GTC_US_PWR_SAV_MODE,DMY_XX_04,1,31
GTC_UPSTREAM,GPON_GTC_US_PWR_SAV_MODE,PWR_SAV_MODE,0,1
GTC_UPSTREAM,GPON_GTC_US_TX_PTN_BEN_OFF,RESERVED,2,30
GTC_UPSTREAM,GPON_GTC_US_TX_PTN_BEN_OFF,TX_PTN,0,2
GTC_UPSTREAM,BWM_TBL,RESERVED,16,16
GTC_UPSTREAM,BWM_TBL,GTC_US_ALL_BIST_DONE,15,1
GTC_UPSTREAM,BWM_TBL,RESERVED,14,1
GTC_UPSTREAM,BWM_TBL,LS,13,1
GTC_UPSTREAM,BWM_TBL,DRF_TEST_RESUME,12,1
GTC_UPSTREAM,BWM_TBL,DRF_START_PAUSE,11,1
GTC_UPSTREAM,BWM_TBL,DRF_BIST_DONE,10,1
GTC_UPSTREAM,BWM_TBL,DRF_BIST_FAIL,9,1
GTC_UPSTREAM,BWM_TBL,DRF_BIST_MODE,8,1
GTC_UPSTREAM,BWM_TBL,BIST_FAIL,7,1
GTC_UPSTREAM,BWM_TBL,BIST_DONE,6,1
GTC_UPSTREAM,BWM_TBL,BIST_MODE,5,1
GTC_UPSTREAM,BWM_TBL,DVSE,4,1
GTC_UPSTREAM,BWM_TBL,DVS,0,4
GTC_UPSTREAM,BWM_MEM0,RESERVED,16,16
GTC_UPSTREAM,BWM_MEM0,GTC_US_ALL_BIST_DONE,15,1
GTC_UPSTREAM,BWM_MEM0,RESERVED,14,1
GTC_UPSTREAM,BWM_MEM0,LS,13,1
GTC_UPSTREAM,BWM_MEM0,DRF_TEST_RESUME,12,1
GTC_UPSTREAM,BWM_MEM0,DRF_START_PAUSE,11,1
GTC_UPSTREAM,BWM_MEM0,DRF_BIST_DONE,10,1
GTC_UPSTREAM,BWM_MEM0,DRF_BIST_FAIL,9,1
GTC_UPSTREAM,BWM_MEM0,DRF_BIST_MODE,8,1
GTC_UPSTREAM,BWM_MEM0,BIST_FAIL,7,1
GTC_UPSTREAM,BWM_MEM0,BIST_DONE,6,1
GTC_UPSTREAM,BWM_MEM0,BIST_MODE,5,1
GTC_UPSTREAM,BWM_MEM0,DVSE,4,1
GTC_UPSTREAM,BWM_MEM0,DVS,0,4
GTC_UPSTREAM,BWM_MEM1,RESERVED,16,16
GTC_UPSTREAM,BWM_MEM1,GTC_US_ALL_BIST_DONE,15,1
GTC_UPSTREAM,BWM_MEM1,RESERVED,14,1
GTC_UPSTREAM,BWM_MEM1,LS,13,1
GTC_UPSTREAM,BWM_MEM1,DRF_TEST_RESUME,12,1
GTC_UPSTREAM,BWM_MEM1,DRF_START_PAUSE,11,1
GTC_UPSTREAM,BWM_MEM1,DRF_BIST_DONE,10,1
GTC_UPSTREAM,BWM_MEM1,DRF_BIST_FAIL,9,1
GTC_UPSTREAM,BWM_MEM1,DRF_BIST_MODE,8,1
GTC_UPSTREAM,BWM_MEM1,BIST_FAIL,7,1
GTC_UPSTREAM,BWM_MEM1,BIST_DONE,6,1
GTC_UPSTREAM,BWM_MEM1,BIST_MODE,5,1
GTC_UPSTREAM,BWM_MEM1,DVSE,4,1
GTC_UPSTREAM,BWM_MEM1,DVS,0,4
GTC_UPSTREAM,PLOAM_A,RESERVED,16,16
GTC_UPSTREAM,PLOAM_A,GTC_US_ALL_BIST_DONE,15,1
GTC_UPSTREAM,PLOAM_A,RESERVED,14,1
GTC_UPSTREAM,PLOAM_A,LS,13,1
GTC_UPSTREAM,PLOAM_A,DRF_TEST_RESUME,12,1
GTC_UPSTREAM,PLOAM_A,DRF_START_PAUSE,11,1
GTC_UPSTREAM,PLOAM_A,DRF_BIST_DONE,10,1
GTC_UPSTREAM,PLOAM_A,DRF_BIST_FAIL,9,1
GTC_UPSTREAM,PLOAM_A,DRF_BIST_MODE,8,1
GTC_UPSTREAM,PLOAM_A,BIST_FAIL,7,1
GTC_UPSTREAM,PLOAM_A,BIST_DONE,6,1
GTC_UPSTREAM,PLOAM_A,BIST_MODE,5,1
GTC_UPSTREAM,PLOAM_A,DVSE,4,1
GTC_UPSTREAM,PLOAM_A,DVS,0,4
GTC_UPSTREAM,BISTXXX,RESERVED,16,16
GTC_UPSTREAM,BISTXXX,GTC_US_ALL_BIST_DONE,15,1
GTC_UPSTREAM,BISTXXX,RESERVED,14,1
GTC_UPSTREAM,BISTXXX,LS,13,1
GTC_UPSTREAM,BISTXXX,DRF_TEST_RESUME,12,1
GTC_UPSTREAM,BISTXXX,DRF_START_PAUSE,11,1
GTC_UPSTREAM,BISTXXX,DRF_BIST_DONE,10,1
GTC_UPSTREAM,BISTXXX,DRF_BIST_FAIL,9,1
GTC_UPSTREAM,BISTXXX,DRF_BIST_MODE,8,1
GTC_UPSTREAM,BISTXXX,BIST_FAIL,7,1
GTC_UPSTREAM,BISTXXX,BIST_DONE,6,1
GTC_UPSTREAM,BISTXXX,BIST_MODE,5,1
GTC_UPSTREAM,BISTXXX,DVSE,4,1
GTC_UPSTREAM,BISTXXX,DVS,0,4
GTC_UPSTREAM,DBR,RESERVED,16,16
GTC_UPSTREAM,DBR,GTC_US_ALL_BIST_DONE,15,1
GTC_UPSTREAM,DBR,RESERVED,14,1
GTC_UPSTREAM,DBR,LS,13,1
GTC_UPSTREAM,DBR,DRF_TEST_RESUME,12,1
GTC_UPSTREAM,DBR,DRF_START_PAUSE,11,1
GTC_UPSTREAM,DBR,DRF_BIST_DONE,10,1
GTC_UPSTREAM,DBR,DRF_BIST_FAIL,9,1
GTC_UPSTREAM,DBR,DRF_BIST_MODE,8,1
GTC_UPSTREAM,DBR,BIST_FAIL,7,1
GTC_UPSTREAM,DBR,BIST_DONE,6,1
GTC_UPSTREAM,DBR,BIST_MODE,5,1
GTC_UPSTREAM,DBR,DVSE,4,1
GTC_UPSTREAM,DBR,DVS,0,4
GEM_UPSTREAM,GPON_GEM_US_INTR_DLT,GEM_US_INTR,31,1
GEM_UPSTREAM,GPON_GEM_US_INTR_DLT,RESERVED,10,21
GEM_UPSTREAM,GPON_GEM_US_INTR_DLT,SD_VALID_LONG_DLT,9,1
GEM_UPSTREAM,GPON_GEM_US_INTR_DLT,SD_DIFF_HUGE_DLT,8,1
GEM_UPSTREAM,GPON_GEM_US_INTR_DLT,REQUEST_DELAY_DLT,7,1
GEM_UPSTREAM,GPON_GEM_US_INTR_DLT,BC_LESS6_DLT,6,1
GEM_UPSTREAM,GPON_GEM_US_INTR_DLT,ERR_PLI_DLT,5,1
GEM_UPSTREAM,GPON_GEM_US_INTR_DLT,BURST_TM_LARGER_GTC_DLT,4,1
GEM_UPSTREAM,GPON_GEM_US_INTR_DLT,BANK_TOO_MUCH_AT_END_DLT,3,1
GEM_UPSTREAM,GPON_GEM_US_INTR_DLT,BANK_REMAIN_AFRD_DLT,2,1
GEM_UPSTREAM,GPON_GEM_US_INTR_DLT,BANK_OVERFL_DLT,1,1
GEM_UPSTREAM,GPON_GEM_US_INTR_DLT,BANK_UNDERFL_DLT,0,1
GEM_UPSTREAM,GPON_GEM_US_INTR_MASK,RESERVED,10,22
GEM_UPSTREAM,GPON_GEM_US_INTR_MASK,SD_VALID_LONG_M,9,1
GEM_UPSTREAM,GPON_GEM_US_INTR_MASK,SD_DIFF_HUGE_M,8,1
GEM_UPSTREAM,GPON_GEM_US_INTR_MASK,REQUEST_DELAY_M,7,1
GEM_UPSTREAM,GPON_GEM_US_INTR_MASK,BC_LESS6_M,6,1
GEM_UPSTREAM,GPON_GEM_US_INTR_MASK,ERR_PLI_M,5,1
GEM_UPSTREAM,GPON_GEM_US_INTR_MASK,BURST_TM_LARGER_GTC_M,4,1
GEM_UPSTREAM,GPON_GEM_US_INTR_MASK,BANK_TOO_MUCH_AT_END_M,3,1
GEM_UPSTREAM,GPON_GEM_US_INTR_MASK,BANK_REMAIN_AFRD_M,2,1
GEM_UPSTREAM,GPON_GEM_US_INTR_MASK,BANK_OVERFL_M,1,1
GEM_UPSTREAM,GPON_GEM_US_INTR_MASK,BANK_UNDERFL_M,0,1
GEM_UPSTREAM,GPON_GEM_US_INTR_STS,RESERVED,10,22
GEM_UPSTREAM,GPON_GEM_US_INTR_STS,SD_VALID_LONG_IND,9,1
GEM_UPSTREAM,GPON_GEM_US_INTR_STS,SD_DIFF_HUGE_IND,8,1
GEM_UPSTREAM,GPON_GEM_US_INTR_STS,REQUEST_DELAY_IND,7,1
GEM_UPSTREAM,GPON_GEM_US_INTR_STS,BC_LESS6_IND,6,1
GEM_UPSTREAM,GPON_GEM_US_INTR_STS,ERR_PLI_IND,5,1
GEM_UPSTREAM,GPON_GEM_US_INTR_STS,BURST_TM_LARGER_GTC_IND,4,1
GEM_UPSTREAM,GPON_GEM_US_INTR_STS,BANK_TOO_INDUCH_AT_END_IND,3,1
GEM_UPSTREAM,GPON_GEM_US_INTR_STS,BANK_REMAIN_AFRD_IND,2,1
GEM_UPSTREAM,GPON_GEM_US_INTR_STS,BANK_OVERFL_IND,1,1
GEM_UPSTREAM,GPON_GEM_US_INTR_STS,BANK_UNDERFL_IND,0,1
GEM_UPSTREAM,GPON_GEM_US_PTI_CFG,FS_GEM_IDLE,31,1
GEM_UPSTREAM,GPON_GEM_US_PTI_CFG,RESERVED,15,16
GEM_UPSTREAM,GPON_GEM_US_PTI_CFG,PTI_VECTOR3,12,3
GEM_UPSTREAM,GPON_GEM_US_PTI_CFG,RESERVED,11,1
GEM_UPSTREAM,GPON_GEM_US_PTI_CFG,PTI_VECTOR2,8,3
GEM_UPSTREAM,GPON_GEM_US_PTI_CFG,RESERVED,7,1
GEM_UPSTREAM,GPON_GEM_US_PTI_CFG,PTI_VECTOR1,4,3
GEM_UPSTREAM,GPON_GEM_US_PTI_CFG,RESERVED,3,1
GEM_UPSTREAM,GPON_GEM_US_PTI_CFG,PTI_VECTOR0,0,3
GEM_UPSTREAM,GPON_GEM_US_PWR_SAV_CFG,USE_TX_OPT_DISABLE,31,1
GEM_UPSTREAM,GPON_GEM_US_PWR_SAV_CFG,RESERVED,21,10
GEM_UPSTREAM,GPON_GEM_US_PWR_SAV_CFG,OPT_BEHIND_CYCLES,16,5
GEM_UPSTREAM,GPON_GEM_US_PWR_SAV_CFG,RESERVED,10,6
GEM_UPSTREAM,GPON_GEM_US_PWR_SAV_CFG,OPT_AHEAD_CYCLES,0,10
GEM_UPSTREAM,GPON_GEM_US_ETH_GEM_RX_CNTR_IDX,RESERVED,16,16
GEM_UPSTREAM,GPON_GEM_US_ETH_GEM_RX_CNTR_IDX,ETH_GEM_RX_R_ACK,15,1
GEM_UPSTREAM,GPON_GEM_US_ETH_GEM_RX_CNTR_IDX,RESERVED,8,7
GEM_UPSTREAM,GPON_GEM_US_ETH_GEM_RX_CNTR_IDX,ETH_GEM_RX_IDX,0,8
GEM_UPSTREAM,GPON_GEM_US_ETH_GEM_RX_CNTR_STAT,ETH_GEM_RX_CNTR,0,32
GEM_UPSTREAM,GPON_GEM_US_PTN_CTRL,RESERVED,21,11
GEM_UPSTREAM,GPON_GEM_US_PTN_CTRL,EOB_MERGE_DIS,20,1
GEM_UPSTREAM,GPON_GEM_US_PTN_CTRL,RESERVED,17,3
GEM_UPSTREAM,GPON_GEM_US_PTN_CTRL,DEBUG_BUS_SEL,16,1
GEM_UPSTREAM,GPON_GEM_US_PTN_CTRL,RESERVED,14,2
GEM_UPSTREAM,GPON_GEM_US_PTN_CTRL,GEM_PTN_MODE,12,2
GEM_UPSTREAM,GPON_GEM_US_PTN_CTRL,RESERVED,8,4
GEM_UPSTREAM,GPON_GEM_US_PTN_CTRL,GEM_PTN_BYTE,0,8
GEM_UPSTREAM,GPON_GEM_US_EOB_MERGE,EOB_RSV_CFG,7,25
GEM_UPSTREAM,GPON_GEM_US_EOB_MERGE,EOB_MERGE_THRESH,0,7
GEM_UPSTREAM,PCFG,RESERVED,16,16
GEM_UPSTREAM,PCFG,GEM_US_ALL_BIST_DONE,15,1
GEM_UPSTREAM,PCFG,RESERVED,14,1
GEM_UPSTREAM,PCFG,LS,13,1
GEM_UPSTREAM,PCFG,DRF_TEST_RESUME,12,1
GEM_UPSTREAM,PCFG,DRF_START_PAUSE,11,1
GEM_UPSTREAM,PCFG,DRF_BIST_DONE,10,1
GEM_UPSTREAM,PCFG,DRF_BIST_FAIL,9,1
GEM_UPSTREAM,PCFG,DRF_BIST_MODE,8,1
GEM_UPSTREAM,PCFG,BIST_FAIL,7,1
GEM_UPSTREAM,PCFG,BIST_DONE,6,1
GEM_UPSTREAM,PCFG,BIST_MODE,5,1
GEM_UPSTREAM,PCFG,DVSE,4,1
GEM_UPSTREAM,PCFG,DVS,0,4
GEM_UPSTREAM,GEM_BCNT,RESERVED,16,16
GEM_UPSTREAM,GEM_BCNT,GEM_US_ALL_BIST_DONE,15,1
GEM_UPSTREAM,GEM_BCNT,RESERVED,14,1
GEM_UPSTREAM,GEM_BCNT,LS,13,1
GEM_UPSTREAM,GEM_BCNT,DRF_TEST_RESUME,12,1
GEM_UPSTREAM,GEM_BCNT,DRF_START_PAUSE,11,1
GEM_UPSTREAM,GEM_BCNT,DRF_BIST_DONE,10,1
GEM_UPSTREAM,GEM_BCNT,DRF_BIST_FAIL,9,1
GEM_UPSTREAM,GEM_BCNT,DRF_BIST_MODE,8,1
GEM_UPSTREAM,GEM_BCNT,BIST_FAIL,7,1
GEM_UPSTREAM,GEM_BCNT,BIST_DONE,6,1
GEM_UPSTREAM,GEM_BCNT,BIST_MODE,5,1
GEM_UPSTREAM,GEM_BCNT,DVSE,4,1
GEM_UPSTREAM,GEM_BCNT,DVS,0,4
GEM_UPSTREAM,FIFO_BANK0,RESERVED,16,16
GEM_UPSTREAM,FIFO_BANK0,GEM_US_ALL_BIST_DONE,15,1
GEM_UPSTREAM,FIFO_BANK0,RESERVED,14,1
GEM_UPSTREAM,FIFO_BANK0,LS,13,1
GEM_UPSTREAM,FIFO_BANK0,DRF_TEST_RESUME,12,1
GEM_UPSTREAM,FIFO_BANK0,DRF_START_PAUSE,11,1
GEM_UPSTREAM,FIFO_BANK0,DRF_BIST_DONE,10,1
GEM_UPSTREAM,FIFO_BANK0,DRF_BIST_FAIL,9,1
GEM_UPSTREAM,FIFO_BANK0,DRF_BIST_MODE,8,1
GEM_UPSTREAM,FIFO_BANK0,BIST_FAIL,7,1
GEM_UPSTREAM,FIFO_BANK0,BIST_DONE,6,1
GEM_UPSTREAM,FIFO_BANK0,BIST_MODE,5,1
GEM_UPSTREAM,FIFO_BANK0,DVSE,4,1
GEM_UPSTREAM,FIFO_BANK0,DVS,0,4
GEM_UPSTREAM,FIFO_BANK1,RESERVED,16,16
GEM_UPSTREAM,FIFO_BANK1,GEM_US_ALL_BIST_DONE,15,1
GEM_UPSTREAM,FIFO_BANK1,RESERVED,14,1
GEM_UPSTREAM,FIFO_BANK1,LS,13,1
GEM_UPSTREAM,FIFO_BANK1,DRF_TEST_RESUME,12,1
GEM_UPSTREAM,FIFO_BANK1,DRF_START_PAUSE,11,1
GEM_UPSTREAM,FIFO_BANK1,DRF_BIST_DONE,10,1
GEM_UPSTREAM,FIFO_BANK1,DRF_BIST_FAIL,9,1
GEM_UPSTREAM,FIFO_BANK1,DRF_BIST_MODE,8,1
GEM_UPSTREAM,FIFO_BANK1,BIST_FAIL,7,1
GEM_UPSTREAM,FIFO_BANK1,BIST_DONE,6,1
GEM_UPSTREAM,FIFO_BANK1,BIST_MODE,5,1
GEM_UPSTREAM,FIFO_BANK1,DVSE,4,1
GEM_UPSTREAM,FIFO_BANK1,DVS,0,4
GEM_UPSTREAM,IDLE_BCNT,RESERVED,16,16
GEM_UPSTREAM,IDLE_BCNT,GEM_US_ALL_BIST_DONE,15,1
GEM_UPSTREAM,IDLE_BCNT,RESERVED,14,1
GEM_UPSTREAM,IDLE_BCNT,LS,13,1
GEM_UPSTREAM,IDLE_BCNT,DRF_TEST_RESUME,12,1
GEM_UPSTREAM,IDLE_BCNT,DRF_START_PAUSE,11,1
GEM_UPSTREAM,IDLE_BCNT,DRF_BIST_DONE,10,1
GEM_UPSTREAM,IDLE_BCNT,DRF_BIST_FAIL,9,1
GEM_UPSTREAM,IDLE_BCNT,DRF_BIST_MODE,8,1
GEM_UPSTREAM,IDLE_BCNT,BIST_FAIL,7,1
GEM_UPSTREAM,IDLE_BCNT,BIST_DONE,6,1
GEM_UPSTREAM,IDLE_BCNT,BIST_MODE,5,1
GEM_UPSTREAM,IDLE_BCNT,DVSE,4,1
GEM_UPSTREAM,IDLE_BCNT,DVS,0,4
GEM_UPSTREAM,GEM_PCNT,RESERVED,16,16
GEM_UPSTREAM,GEM_PCNT,GEM_US_ALL_BIST_DONE,15,1
GEM_UPSTREAM,GEM_PCNT,RESERVED,14,1
GEM_UPSTREAM,GEM_PCNT,LS,13,1
GEM_UPSTREAM,GEM_PCNT,DRF_TEST_RESUME,12,1
GEM_UPSTREAM,GEM_PCNT,DRF_START_PAUSE,11,1
GEM_UPSTREAM,GEM_PCNT,DRF_BIST_DONE,10,1
GEM_UPSTREAM,GEM_PCNT,DRF_BIST_FAIL,9,1
GEM_UPSTREAM,GEM_PCNT,DRF_BIST_MODE,8,1
GEM_UPSTREAM,GEM_PCNT,BIST_FAIL,7,1
GEM_UPSTREAM,GEM_PCNT,BIST_DONE,6,1
GEM_UPSTREAM,GEM_PCNT,BIST_MODE,5,1
GEM_UPSTREAM,GEM_PCNT,DVSE,4,1
GEM_UPSTREAM,GEM_PCNT,DVS,0,4
GEM_UPSTREAM,GPON_GEM_US_PORT_MAP,RESERVED,12,20
GEM_UPSTREAM,GPON_GEM_US_PORT_MAP,PORT_CFG_DATA,0,12
GEM_UPSTREAM,GPON_GEM_US_BYTE_STAT,CNTR_LOW32,32,32
GEM_UPSTREAM,GPON_GEM_US_BYTE_STAT,CNTR_HIGH32,0,32
GEM_UPSTREAM,TCONT_IDLE_BYTE_STAT,CNTR_LOW32,32,32
GEM_UPSTREAM,TCONT_IDLE_BYTE_STAT,CNTR_HIGH32,0,32
EPON_CONFIGURATION,EPON_FEC_CONFIG,RESERVED,22,10
EPON_CONFIGURATION,EPON_FEC_CONFIG,FEC_OVER_TX,16,6
EPON_CONFIGURATION,EPON_FEC_CONFIG,BYPASS_FEC,15,1
EPON_CONFIGURATION,EPON_FEC_CONFIG,DVSE_TPAR,14,1
EPON_CONFIGURATION,EPON_FEC_CONFIG,DVS_TPAR,11,3
EPON_CONFIGURATION,EPON_FEC_CONFIG,DVSE_DAT,10,1
EPON_CONFIGURATION,EPON_FEC_CONFIG,DVS_DAT,7,3
EPON_CONFIGURATION,EPON_FEC_CONFIG,DVSE_RPAR,6,1
EPON_CONFIGURATION,EPON_FEC_CONFIG,DVS_RPAR,3,3
EPON_CONFIGURATION,EPON_FEC_CONFIG,RESERVED,2,1
EPON_CONFIGURATION,EPON_FEC_CONFIG,FEC_US_EN,1,1
EPON_CONFIGURATION,EPON_FEC_CONFIG,FEC_DS_EN,0,1
EPON_CONFIGURATION,EPON_ASIC_TIMING_ADJUST1,CFG_EP_IPG,24,8
EPON_CONFIGURATION,EPON_ASIC_TIMING_ADJUST1,RPT_TMG,16,8
EPON_CONFIGURATION,EPON_ASIC_TIMING_ADJUST1,REG_TMG,8,8
EPON_CONFIGURATION,EPON_ASIC_TIMING_ADJUST1,QU_TMG,0,8
EPON_CONFIGURATION,EPON_ASIC_TIMING_ADJUST2,RESERVED,27,5
EPON_CONFIGURATION,EPON_ASIC_TIMING_ADJUST2,DY_ADJ_BC,25,2
EPON_CONFIGURATION,EPON_ASIC_TIMING_ADJUST2,LSR_OFF_SHIFT,20,5
EPON_CONFIGURATION,EPON_ASIC_TIMING_ADJUST2,LSR_ON_SHIFT,15,5
EPON_CONFIGURATION,EPON_ASIC_TIMING_ADJUST2,ADJ_BC,0,15
EPON_CONFIGURATION,EPON_RGSTR1,RESERVED,3,29
EPON_CONFIGURATION,EPON_RGSTR1,REG_LLID_IDX,0,3
EPON_CONFIGURATION,EPON_RGSTR2,RESERVED,9,23
EPON_CONFIGURATION,EPON_RGSTR2,REG_PENDDING_GRANT,1,8
EPON_CONFIGURATION,EPON_RGSTR2,REGISTER_REQUEST,0,1
EPON_CONFIGURATION,EPON_DEBUG1,RESERVED,17,15
EPON_CONFIGURATION,EPON_DEBUG1,MODE0_7FFF_HANDLE,16,1
EPON_CONFIGURATION,EPON_DEBUG1,CHURN_MODE,15,1
EPON_CONFIGURATION,EPON_DEBUG1,IGNORE_MPCP_CRC,14,1
EPON_CONFIGURATION,EPON_DEBUG1,DIS_RANDOM_DELAY_EN,13,1
EPON_CONFIGURATION,EPON_DEBUG1,MODE0_INVALID_HDL,12,1
EPON_CONFIGURATION,EPON_DEBUG1,MODE1_INVALID_HDL,11,1
EPON_CONFIGURATION,EPON_DEBUG1,RESERVED,10,1
EPON_CONFIGURATION,EPON_DEBUG1,DBG_SEL,0,10
EPON_CONFIGURATION,EPON_DEBUG2,RESERVED,29,3
EPON_CONFIGURATION,EPON_DEBUG2,PRB_GN,24,5
EPON_CONFIGURATION,EPON_DEBUG2,PRB_EPMC,0,24
EPON_CONFIGURATION,EPON_TIMER_CONFIG1,RESERVED,7,25
EPON_CONFIGURATION,EPON_TIMER_CONFIG1,MPCP_TIMEOUT_VALUE,0,7
EPON_CONFIGURATION,EPON_INTR,RESERVED,25,7
EPON_CONFIGURATION,EPON_INTR,EPON_ROUGE_ONT_TOO_LONG_IMS,24,1
EPON_CONFIGURATION,EPON_INTR,EPON_ROUGE_ONT_TOO_LONG_IMR,23,1
EPON_CONFIGURATION,EPON_INTR,EPON_ROUGE_ONT_MISMATCH_IMS,22,1
EPON_CONFIGURATION,EPON_INTR,EPON_ROUGE_ONT_MISMATCH_IMR,21,1
EPON_CONFIGURATION,EPON_INTR,EPON_1PPS_IMR,20,1
EPON_CONFIGURATION,EPON_INTR,EPON_1PPS_IMS,19,1
EPON_CONFIGURATION,EPON_INTR,RCOV_RXFEC_IMR,18,1
EPON_CONFIGURATION,EPON_INTR,RCOV_RXFEC_IMS,17,1
EPON_CONFIGURATION,EPON_INTR,MPCP_TIMEOUT_LLIDIDX,9,8
EPON_CONFIGURATION,EPON_INTR,REG_RESULT,8,1
EPON_CONFIGURATION,EPON_INTR,LOS_IMR,7,1
EPON_CONFIGURATION,EPON_INTR,REG_COMPLETE_IMR,6,1
EPON_CONFIGURATION,EPON_INTR,TIME_DRIFT_IMR,5,1
EPON_CONFIGURATION,EPON_INTR,MPCP_TIMEOUT_IMR,4,1
EPON_CONFIGURATION,EPON_INTR,LOS_IMS,3,1
EPON_CONFIGURATION,EPON_INTR,REG_COMPLETE_IMS,2,1
EPON_CONFIGURATION,EPON_INTR,TIME_DRIFT_IMS,1,1
EPON_CONFIGURATION,EPON_INTR,MPCP_TIMEOUT_IMS,0,1
EPON_CONFIGURATION,SYNC_TIME,NORMAL_SYNC_TIME,16,16
EPON_CONFIGURATION,SYNC_TIME,DISC_SYNC_TIME,0,16
EPON_CONFIGURATION,LASER_ON_OFF_TIME,RESERVED,12,20
EPON_CONFIGURATION,LASER_ON_OFF_TIME,LASER_ON_TIME,6,6
EPON_CONFIGURATION,LASER_ON_OFF_TIME,LASER_OFF_TIME,0,6
EPON_CONFIGURATION,MIN_GRANT_START,GRANT_STRAT_MIN,0,32
EPON_CONFIGURATION,MAX_GRANT_START,GRANT_STRAT_MAX,0,32
EPON_CONFIGURATION,EPON_TIME_CTRL,RESERVED,22,10
EPON_CONFIGURATION,EPON_TIME_CTRL,QUARD_THRESHOLD,16,6
EPON_CONFIGURATION,EPON_TIME_CTRL,RTT_ADJ,0,16
EPON_CONFIGURATION,EP_MISC,OE_TX_RECOVER_TIME,8,24
EPON_CONFIGURATION,EP_MISC,POWER_SAVING_MODE,6,2
EPON_CONFIGURATION,EP_MISC,SRT_GN,5,1
EPON_CONFIGURATION,EP_MISC,STOP_LOCAL_TIME,4,1
EPON_CONFIGURATION,EP_MISC,RESERVED,3,1
EPON_CONFIGURATION,EP_MISC,ALWAYS_SVY,2,1
EPON_CONFIGURATION,EP_MISC,POWER_SAVING_EN,0,2
EPON_CONFIGURATION,LLID_TABLE,RESERVED,81,15
EPON_CONFIGURATION,LLID_TABLE,MONITOR_MODE,80,1
EPON_CONFIGURATION,LLID_TABLE,ONU_MAC5,72,8
EPON_CONFIGURATION,LLID_TABLE,ONU_MAC4,64,8
EPON_CONFIGURATION,LLID_TABLE,ONU_MAC3,56,8
EPON_CONFIGURATION,LLID_TABLE,ONU_MAC2,48,8
EPON_CONFIGURATION,LLID_TABLE,ONU_MAC1,40,8
EPON_CONFIGURATION,LLID_TABLE,ONU_MAC0,32,8
EPON_CONFIGURATION,LLID_TABLE,RESERVED,23,9
EPON_CONFIGURATION,LLID_TABLE,REPORT_TIMEOUT,22,1
EPON_CONFIGURATION,LLID_TABLE,REPORT_TIMER,16,6
EPON_CONFIGURATION,LLID_TABLE,VALID,15,1
EPON_CONFIGURATION,LLID_TABLE,LLID,0,15
EPON_CONFIGURATION,EPON_MPCP_CTR,RESERVED,5,27
EPON_CONFIGURATION,EPON_MPCP_CTR,GATE_TRAP_TYPE,3,2
EPON_CONFIGURATION,EPON_MPCP_CTR,OTHER_HANDLE,2,1
EPON_CONFIGURATION,EPON_MPCP_CTR,GATE_HANDLE,1,1
EPON_CONFIGURATION,EPON_MPCP_CTR,INVALID_LEN_HANDLE,0,1
EPON_CONFIGURATION,EPON_TX_CTRL,RESERVED,4,28
EPON_CONFIGURATION,EPON_TX_CTRL,FORCE_LASER_ON,3,1
EPON_CONFIGURATION,EPON_TX_CTRL,LLID_IDX,0,3
EPON_CONFIGURATION,EPON_DECRYP_CFG,RESERVED,2,30
EPON_CONFIGURATION,EPON_DECRYP_CFG,EPON_DECRYP,0,2
EPON_CONFIGURATION,EPON_DECRYP_KEY0,EPON_DECRYP_KEY0,0,24
EPON_CONFIGURATION,EPON_DECRYP_KEY1,EPON_DECRYP_KEY1,0,24
EPON_CONFIGURATION,EPON_SCB_DECRYP_KEY0,RESERVED,24,8
EPON_CONFIGURATION,EPON_SCB_DECRYP_KEY0,EPON_SCB_DECRYP_KEY1,0,24
EPON_CONFIGURATION,EPON_SCB_DECRYP_KEY1,RESERVED,24,8
EPON_CONFIGURATION,EPON_SCB_DECRYP_KEY1,EPON_SCB_DECRYP_KEY1,0,24
EPON_CONFIGURATION,EPON_MISC_CFG,RESERVED,17,15
EPON_CONFIGURATION,EPON_MISC_CFG,RPT_QSET_SWAP,16,1
EPON_CONFIGURATION,EPON_MISC_CFG,PREAMBLE_4TH,8,8
EPON_CONFIGURATION,EPON_MISC_CFG,RESERVED,3,5
EPON_CONFIGURATION,EPON_MISC_CFG,UNTAG_IFG_MODIFY,2,1
EPON_CONFIGURATION,EPON_MISC_CFG,GMII_RXER_EN,1,1
EPON_CONFIGURATION,EPON_MISC_CFG,PRB_LST_GN,0,1
EPON_CONFIGURATION,EPON_LOCAL_TIME,LOCAL_TIME,0,32
EPON_CONFIGURATION,EPON_REG_ACK,RESERVED,11,21
EPON_CONFIGURATION,EPON_REG_ACK,LLID_IDX,8,3
EPON_CONFIGURATION,EPON_REG_ACK,ACK_FLAG,0,8
EPON_CONFIGURATION,EPON_GATE_CTRL,RESERVED,3,29
EPON_CONFIGURATION,EPON_GATE_CTRL,GATE_LENGTH,0,3
EPON_CONFIGURATION,EPON_GRANT_SHIFT_START,GRANT_SHIFT,0,32
EPON_CONFIGURATION,EPON_GATE_ANA,RESERVED,4,28
EPON_CONFIGURATION,EPON_GATE_ANA,GRANT_LATCH_TRIGGER,3,1
EPON_CONFIGURATION,EPON_GATE_ANA,GRANT_LATCH_LLID,2,1
EPON_CONFIGURATION,EPON_GATE_ANA,LATCH_FILTER,0,2
EPON_CONFIGURATION,EPON_GATE_ANA_CNT,NOT_FORCE_RPT,16,16
EPON_CONFIGURATION,EPON_GATE_ANA_CNT,HIDDEN_GNT_CNT,8,8
EPON_CONFIGURATION,EPON_GATE_ANA_CNT,BTB_GNT_CNT,0,8
EPON_CONFIGURATION,EPON_TBL_ACCESS_STS,RESERVED,10,22
EPON_CONFIGURATION,EPON_TBL_ACCESS_STS,BUSY_FLAG,9,1
EPON_CONFIGURATION,EPON_TBL_ACCESS_STS,INDEX,0,9
EPON_CONFIGURATION,EPON_TBL_ACCESS_RD_DATA,DATA1,32,32
EPON_CONFIGURATION,EPON_TBL_ACCESS_RD_DATA,DATA0,0,32
EPON_CONFIGURATION,EPON_RPT_QSET_NUM1,CFG_LLID_QSET_NUM,0,3
EPON_CONFIGURATION,EPON_RPT_LVL1,CFG_LLID_RPT_LVL,0,16
EPON_CONFIGURATION,EPON_SCH_TIMING,CFG_EPON_SCH_LATENCY,0,32
EPON_CONFIGURATION,EPON_FEC_RST,RESERVED,2,30
EPON_CONFIGURATION,EPON_FEC_RST,CFG_BYP_AUTO_RCOV_RSTB,1,1
EPON_CONFIGURATION,EPON_FEC_RST,CFG_RCOV_RSTB,0,1
EPON_CONFIGURATION,DET_BEN_OFF_COND,RESERVED,3,29
EPON_CONFIGURATION,DET_BEN_OFF_COND,DET_BEN_OFF2,2,1
EPON_CONFIGURATION,DET_BEN_OFF_COND,DET_BEN_OFF1,1,1
EPON_CONFIGURATION,DET_BEN_OFF_COND,DET_BEN_OFF0,0,1
EPON_CONFIGURATION,PRG_EPON_GN0,PRG_EPON_GN_DATA0,0,32
EPON_CONFIGURATION,PRG_EPON_GN1,PRG_EPON_GN_DATA1,0,32
EPON_CONFIGURATION,PRG_EPON_GN2,RESERVED,15,17
EPON_CONFIGURATION,PRG_EPON_GN2,PRG_EPON_GN_TGL,14,1
EPON_CONFIGURATION,PRG_EPON_GN2,PRG_EPON_GN_DATA2,7,7
EPON_CONFIGURATION,PRG_EPON_GN2,PRG_EPON_GN_IDX,0,7
EPON_CONFIGURATION,DBG_LCTM_DRF,RESERVED,19,13
EPON_CONFIGURATION,DBG_LCTM_DRF,UPD_LCL_TYPE,16,3
EPON_CONFIGURATION,DBG_LCTM_DRF,LID0_DRF,8,8
EPON_CONFIGURATION,DBG_LCTM_DRF,LID1_DRF,0,8
EPON_CONFIGURATION,CLR_INVLD_LID_GN,RESERVED,2,30
EPON_CONFIGURATION,CLR_INVLD_LID_GN,INVLD_LID_GN,1,1
EPON_CONFIGURATION,CLR_INVLD_LID_GN,SEL_RCH_END,0,1
EPON_CONFIGURATION,DS_PRS_LC_FEC,RESERVED,15,17
EPON_CONFIGURATION,DS_PRS_LC_FEC,DIS_MSKRXDV,14,1
EPON_CONFIGURATION,DS_PRS_LC_FEC,TMSP_FIX,13,1
EPON_CONFIGURATION,DS_PRS_LC_FEC,DS_PRS_EVT_FEC,12,1
EPON_CONFIGURATION,DS_PRS_LC_FEC,BYT_IDX_UPDMPCP,0,12
EPON_CONFIGURATION,EPON_ERR_INTR2,RESERVED,7,25
EPON_CONFIGURATION,EPON_ERR_INTR2,RSTB_TMSP_SYNC,6,1
EPON_CONFIGURATION,EPON_ERR_INTR2,TIME_DRIFT_RX_IMR,5,1
EPON_CONFIGURATION,EPON_ERR_INTR2,TIME_DRIFT_RX_IMS,4,1
EPON_CONFIGURATION,EPON_ERR_INTR2,TMSP_SYNC_ERR_IMR,3,1
EPON_CONFIGURATION,EPON_ERR_INTR2,TMSP_SYNC_ERR_IMS,2,1
EPON_CONFIGURATION,EPON_ERR_INTR2,FEC_MSK_RXDV_ERR_IMR,1,1
EPON_CONFIGURATION,EPON_ERR_INTR2,FEC_MSK_RXDV_ERR_IMS,0,1
EPON_CONFIGURATION,DET_OFF1_OFST,RESERVED,16,16
EPON_CONFIGURATION,DET_OFF1_OFST,BEN_END_CHK_OFST,0,16
EPON_CONFIGURATION,EPON_REG_BAK0,EPON_REG_BAK0,0,32
EPON_CONFIGURATION,EPON_REG_BAK1,EPON_REG_BAK1,0,32
EPON_CONFIGURATION,EPON_REG_BAK2,EPON_REG_BAK2_1,16,16
EPON_CONFIGURATION,EPON_REG_BAK2,EPON_REG_BAK2_0,0,16
EPON_CONFIGURATION,EPON_MSK_NXT_CNT,RESERVED,9,23
EPON_CONFIGURATION,EPON_MSK_NXT_CNT,MSK_NXT_CNT,0,9
EPON_CONFIGURATION,EPON_GRANT_INDACS_CMD,RESERVED,9,23
EPON_CONFIGURATION,EPON_GRANT_INDACS_CMD,GN_INDACS_BUSY,8,1
EPON_CONFIGURATION,EPON_GRANT_INDACS_CMD,GN_INDACS_CMD,7,1
EPON_CONFIGURATION,EPON_GRANT_INDACS_CMD,GN_INDACS_IDX,0,7
EPON_CONFIGURATION,EPON_GRANT_INDACS_DATA0,GN_INDACS_DATA0,0,32
EPON_CONFIGURATION,EPON_GRANT_INDACS_DATA1,GN_INDACS_DATA1,0,32
EPON_CONFIGURATION,EPON_GRANT_INDACS_DATA2,RESERVED,7,25
EPON_CONFIGURATION,EPON_GRANT_INDACS_DATA2,GN_INDACS_DATA2,0,7
EPON_CONFIGURATION,EPON_MPCP_DROP_CNT,CNT,0,32
EPON_CONFIGURATION,EPON_TOD_EN,RESERVED,2,30
EPON_CONFIGURATION,EPON_TOD_EN,EPON_OSSPDU_TRAP,1,1
EPON_CONFIGURATION,EPON_TOD_EN,EPON_TOD_SYNC_EN,0,1
EPON_CONFIGURATION,EPON_TOD_LOCAL_TIME,EPON_TOD_LOCAL_TIME,0,32
EPON_CONFIGURATION,EPON_MSK_NXT_CNT2,RESERVED,7,25
EPON_CONFIGURATION,EPON_MSK_NXT_CNT2,SEL_MY_MPCP2,6,1
EPON_CONFIGURATION,EPON_MSK_NXT_CNT2,TOD_SYNC_EN,5,1
EPON_CONFIGURATION,EPON_MSK_NXT_CNT2,CLR_MPCP_DROP_CNT,4,1
EPON_CONFIGURATION,EPON_MSK_NXT_CNT2,MSK_NXT_CNT2,0,4
EPON_CONFIGURATION,EPON_TOD_TIME,EPON_TOD_TIME,0,32
EPON_CONFIGURATION,EPON_RDM_SEED,RESERVED,16,16
EPON_CONFIGURATION,EPON_RDM_SEED,EPON_RDM_SEED,0,16
EPON_CONFIGURATION,EPON_ASIC_OPTI2,SCH_LATENCY2,0,32
EPON_CONFIGURATION,EPON_ASIC_OPTI1,RESERVED,20,12
EPON_CONFIGURATION,EPON_ASIC_OPTI1,RCH_END_ECO,19,1
EPON_CONFIGURATION,EPON_ASIC_OPTI1,DIS_RPT,18,1
EPON_CONFIGURATION,EPON_ASIC_OPTI1,EPON_HDR_CHK,17,1
EPON_CONFIGURATION,EPON_ASIC_OPTI1,EPON_DS_TRAP,16,1
EPON_CONFIGURATION,EPON_ASIC_OPTI1,RESERVED,11,5
EPON_CONFIGURATION,EPON_ASIC_OPTI1,EMPBURST,10,1
EPON_CONFIGURATION,EPON_ASIC_OPTI1,GN128,9,1
EPON_CONFIGURATION,EPON_ASIC_OPTI1,MSK_RX_GMI,8,1
EPON_CONFIGURATION,EPON_ASIC_OPTI1,RESERVED,7,1
EPON_CONFIGURATION,EPON_ASIC_OPTI1,B2B_HLD,6,1
EPON_CONFIGURATION,EPON_ASIC_OPTI1,STOP_SYNC,5,1
EPON_CONFIGURATION,EPON_ASIC_OPTI1,RESERVED,4,1
EPON_CONFIGURATION,EPON_ASIC_OPTI1,DS_PRS_EVT,3,1
EPON_CONFIGURATION,EPON_ASIC_OPTI1,SEL_MY_MPCP3,2,1
EPON_CONFIGURATION,EPON_ASIC_OPTI1,FNDCG_EN,1,1
EPON_CONFIGURATION,EPON_ASIC_OPTI1,CLR_ETY_RCHED,0,1
EPON_CONFIGURATION,EPON_REG_REQ_ACK,RESERVED,11,21
EPON_CONFIGURATION,EPON_REG_REQ_ACK,REG_ACK_PADDING_OPTION,10,1
EPON_CONFIGURATION,EPON_REG_REQ_ACK,REG_REQ_PADDING_OPTION,9,1
EPON_CONFIGURATION,EPON_REG_REQ_ACK,REQ_REQ_FLAG_OPTION,8,1
EPON_CONFIGURATION,EPON_REG_REQ_ACK,REQ_REQ_FLAG,0,8
EPON_CONFIGURATION,EPON_REG_REQ_PAD_DATA,REG_REQ_PAD_DATA,0,32
EPON_CONFIGURATION,EPON_REG_ACK_PAD_DATA,REG_ACK_PAD_DATA,0,32
EPON_CONFIGURATION,EPON_TX_OPT,RESERVED,2,30
EPON_CONFIGURATION,EPON_TX_OPT,EPON_UPD_EMPTY_RPT,1,1
EPON_CONFIGURATION,EPON_TX_OPT,RDM_REQ_1,0,1
EPON_CONFIGURATION,EPON_US_INF_DBG,RESERVED,1,31
EPON_CONFIGURATION,EPON_US_INF_DBG,SOF_OV_LL,0,1
FLOW_TRAFFIC_TABLE,FT_TRF,TRF,0,32
FB_CTRL,MODE,RESERVED,9,23
FB_CTRL,MODE,TAG_CHK,8,1
FB_CTRL,MODE,RESERVED,6,2
FB_CTRL,MODE,RST_VLD,5,1
FB_CTRL,MODE,RST_TRF,4,1
FB_CTRL,MODE,RESERVED,2,2
FB_CTRL,MODE,FB_MOD,0,2
FB_CTRL,L34,SKIP_DSCP,31,1
FB_CTRL,L34,PATH12_SKIP_CPRI,30,1
FB_CTRL,L34,PATH34_UC_SKIP_CPRI,29,1
FB_CTRL,L34,PATH34_MC_SKIP_CPRI,28,1
FB_CTRL,L34,PATH5_SKIP_CPRI,27,1
FB_CTRL,L34,PATH6_SKIP_CPRI,26,1
FB_CTRL,L34,SPA_NOT_IN_INTF_ACT,24,2
FB_CTRL,L34,RESERVED,23,1
FB_CTRL,L34,CMP_TOS,22,1
FB_CTRL,L34,TTL_1,21,1
FB_CTRL,L34,TRAP_TCP_FLAG,20,1
FB_CTRL,L34,TRAP_SYC_ACK,19,1
FB_CTRL,L34,TRAP_FRAGMENT,18,1
FB_CTRL,L34,L3_CS_CHK,17,1
FB_CTRL,L34,L4_CS_CHK,16,1
FB_CTRL,L34,PATH34_SKIP_DA,15,1
FB_CTRL,L34,PATH6_SKIP_DA,14,1
FB_CTRL,L34,PATH6_SKIP_SA,13,1
FB_CTRL,L34,PATH12_SKIP_CVID,12,1
FB_CTRL,L34,PATH34_UC_SKIP_CVID,11,1
FB_CTRL,L34,PATH34_MC_SKIP_CVID,10,1
FB_CTRL,L34,PATH5_SKIP_CVID,9,1
FB_CTRL,L34,PATH6_SKIP_CVID,8,1
FB_CTRL,L34,RESERVED,5,3
FB_CTRL,L34,PATH12_SKIP_SVID,4,1
FB_CTRL,L34,PATH34_UC_SKIP_SVID,3,1
FB_CTRL,L34,PATH34_MC_SKIP_SVID,2,1
FB_CTRL,L34,PATH5_SKIP_SVID,1,1
FB_CTRL,L34,PATH6_SKIP_SVID,0,1
FB_CTRL,LUP,RESERVED,17,15
FB_CTRL,LUP,L2F_LUP_BY_MAC,16,1
FB_CTRL,LUP,RESERVED,7,9
FB_CTRL,LUP,UNMATCHED_CPU_PRI,4,3
FB_CTRL,LUP,FORCE_TRAP_CPU_PRI_EN,3,1
FB_CTRL,LUP,FORCE_TRAP_CPU_PRI,0,3
FB_CTRL,PRE_HASH_ITM1,RESERVED,20,12
FB_CTRL,PRE_HASH_ITM1,PTN_SPORT,0,20
FB_CTRL,PRE_HASH_ITM2,RESERVED,20,12
FB_CTRL,PRE_HASH_ITM2,PTN_DPORT,0,20
FB_CTRL,PRE_HASH_ITM3,RESERVED,24,8
FB_CTRL,PRE_HASH_ITM3,PTN_SIP,0,24
FB_CTRL,PRE_HASH_ITM4,RESERVED,24,8
FB_CTRL,PRE_HASH_ITM4,PTN_DIP,0,24
FB_CTRL,CAM_TRF,TRF,0,32
FB_CTRL,IF_TRF,RESERVED,16,16
FB_CTRL,IF_TRF,TRF,0,16
FB_CTRL,PIPE_SIG,CF_LAT_SEL,28,4
FB_CTRL,PIPE_SIG,RESERVED,24,4
FB_CTRL,PIPE_SIG,PIPE_SIG,0,24
FB_CTRL,MTR_CTRL,CFG_RTN0OP,31,1
FB_CTRL,MTR_CTRL,CFG_KP_CNT,30,1
FB_CTRL,MTR_CTRL,RESERVED,16,14
FB_CTRL,MTR_CTRL,MTR_TICK,8,8
FB_CTRL,MTR_CTRL,DEC_CNT,0,8
FB_CTRL,WAL_CTRL,RESERVED,29,3
FB_CTRL,WAL_CTRL,SPA_MASK,0,29
FB_CTRL,GRE_SEQ,GRE_SEQ,0,32
FB_CTRL,GRE_ACK,GRE_ACK,0,32
TABLE_ACCESS,NAT_TBL_ACCESS_CTRL,RESERVED,26,6
TABLE_ACCESS,NAT_TBL_ACCESS_CTRL,RD_EXE,25,1
TABLE_ACCESS,NAT_TBL_ACCESS_CTRL,WR_EXE,24,1
TABLE_ACCESS,NAT_TBL_ACCESS_CTRL,RESERVED,20,4
TABLE_ACCESS,NAT_TBL_ACCESS_CTRL,TBL_IDX,16,4
TABLE_ACCESS,NAT_TBL_ACCESS_CTRL,ETRY_IDX,0,16
TABLE_ACCESS,NAT_TBL_ACCESS_CLR,RESERVED,13,19
TABLE_ACCESS,NAT_TBL_ACCESS_CLR,RST_TCAM_TBL,12,1
TABLE_ACCESS,NAT_TBL_ACCESS_CLR,RESERVED,11,1
TABLE_ACCESS,NAT_TBL_ACCESS_CLR,RST_MAC_INDEX_TBL,10,1
TABLE_ACCESS,NAT_TBL_ACCESS_CLR,RST_CAM_TBL,9,1
TABLE_ACCESS,NAT_TBL_ACCESS_CLR,RST_FLOW_TBL,8,1
TABLE_ACCESS,NAT_TBL_ACCESS_CLR,RESERVED,5,3
TABLE_ACCESS,NAT_TBL_ACCESS_CLR,RST_WAL_TBL,4,1
TABLE_ACCESS,NAT_TBL_ACCESS_CLR,RST_EXT_PORT,3,1
TABLE_ACCESS,NAT_TBL_ACCESS_CLR,RESERVED,2,1
TABLE_ACCESS,NAT_TBL_ACCESS_CLR,RST_ETHER_TYPE,1,1
TABLE_ACCESS,NAT_TBL_ACCESS_CLR,RST_IF_TBL,0,1
TABLE_ACCESS,NAT_TBL_ACCESS_RDDATA,RDDATA,0,32
TABLE_ACCESS,NAT_TBL_ACCESS_WRDATA,WRDATA,0,32
FB_HSBA,HSBA_CTRL,RESERVED,5,27
FB_HSBA,HSBA_CTRL,TST_LOG_MD,2,3
FB_HSBA,HSBA_CTRL,HSB_ATV,1,1
FB_HSBA,HSBA_CTRL,ALE34_BZ,0,1
FB_HSBA,HSB_DESC,HSB_DATA,0,32
FB_HSBA,HSA_DESC,HSA_DATA,0,32
CC_CTRL,CC_CFG,RESERVED,12,20
CC_CTRL,CC_CFG,BRET_EN,11,1
CC_CTRL,CC_CFG,FBA32,10,1
CC_CTRL,CC_CFG,INTTYPE,9,1
CC_CTRL,CC_CFG,INTEN,8,1
CC_CTRL,CC_CFG,CTTLINIT,4,4
CC_CTRL,CC_CFG,MOVAEN,3,1
CC_CTRL,CC_CFG,VEN,2,1
CC_CTRL,CC_CFG,AEN,1,1
CC_CTRL,CC_CFG,CEN,0,1
CC_CTRL,CC_BAB,BAB,10,22
CC_CTRL,CC_BAB,RESERVED,0,10
CC_CTRL,CC_INTR,RESERVED,1,31
CC_CTRL,CC_INTR,INTR,0,1
CC_CTRL,CC_CMD,CMDV,31,1
CC_CTRL,CC_CMD,CMD,0,31
CC_CTRL,CC_SFLW_0,FPAT_W0,0,32
CC_CTRL,CC_SFLW_1,FPAT_W1,0,32
CC_CTRL,CC_SFLW_2,FPAT_W2,0,32
CC_CTRL,CC_SFLW_3,FPAT_W3,0,32
CC_CTRL,CC_SFLW_4,FPAT_W4,0,32
CC_CTRL,CC_SFLW_5,FPAT_W5,0,32
CC_CTRL,CC_SFLW_6,FPAT_W6,0,32
CC_CTRL,CC_SFLW_7,RESERVED,6,26
CC_CTRL,CC_SFLW_7,FPAT_W7,0,6
CC_CTRL,CC_SFLW_8,RESERVED,10,22
CC_CTRL,CC_SFLW_8,RA,9,1
CC_CTRL,CC_SFLW_8,RC,8,1
CC_CTRL,CC_SFLW_8,RESERVED,4,4
CC_CTRL,CC_SFLW_8,RCTTL,0,4
CC_CTRL,CC_STS_0,MISSRATE1,24,8
CC_CTRL,CC_STS_0,MISSRATE0,16,8
CC_CTRL,CC_STS_0,RESERVED,0,16
CC_CTRL,CC_STS_1,RESERVED,12,20
CC_CTRL,CC_STS_1,MISSCYC0,0,12
CC_CTRL,CC_STS_2,RESERVED,23,9
CC_CTRL,CC_STS_2,AVLDCNT,16,7
CC_CTRL,CC_STS_2,RESERVED,13,3
CC_CTRL,CC_STS_2,CVLDCNT,0,13
CC_CTRL,CC_STS_3,RESERVED,23,9
CC_CTRL,CC_STS_3,ALCKCNT,16,7
CC_CTRL,CC_STS_3,RESERVED,13,3
CC_CTRL,CC_STS_3,CLCKCNT,0,13
CC_CTRL,CC_STA,RESERVED,16,16
CC_CTRL,CC_STA,CMDS,8,8
CC_CTRL,CC_STA,RESERVED,6,2
CC_CTRL,CC_STA,FAS,3,3
CC_CTRL,CC_STA,CMDBUSY,2,1
CC_CTRL,CC_STA,STAT,0,2
FB_MTR,MTR_SETTING,RESERVED,48,16
FB_MTR,MTR_SETTING,METER_LBHT,32,16
FB_MTR,MTR_SETTING,METER_IFG,31,1
FB_MTR,MTR_SETTING,RESERVED,19,12
FB_MTR,MTR_SETTING,METER_RATE,0,19
TEMP_REGISTER,RGF_VER_GLB_CTRL,REGFILE_VER,0,32
TEMP_REGISTER,RGF_VER_ALE_GLB,REGFILE_VER,0,32
TEMP_REGISTER,RGF_VER_ALE_ACL,REGFILE_VER,0,32
TEMP_REGISTER,RGF_VER_ALE_CVLAN,REGFILE_VER,0,32
TEMP_REGISTER,RGF_VER_ALE_DPM,REGFILE_VER,0,32
TEMP_REGISTER,RGF_VER_ALE_L2,REGFILE_VER,0,32
TEMP_REGISTER,RGF_VER_ALE_MLTVLAN,REGFILE_VER,0,32
TEMP_REGISTER,RGF_VER_ALE_SVLAN,REGFILE_VER,0,32
TEMP_REGISTER,RGF_VER_ALE_RLDP,REGFILE_VER,0,32
TEMP_REGISTER,RGF_VER_ALE_EAV_AFBK,REGFILE_VER,0,32
TEMP_REGISTER,RGF_VER_INTR,REGFILE_VER,0,32
TEMP_REGISTER,RGF_VER_LED,REGFILE_VER,0,32
TEMP_REGISTER,RGF_VER_PER_PORT_MAC,REGFILE_VER,0,32
TEMP_REGISTER,RGF_VER_SDSREG,REGFILE_VER,0,32
TEMP_REGISTER,RGF_VER_SWCORE,REGFILE_VER,0,32
TEMP_REGISTER,RGF_VER_EPON_CTRL,REGFILE_VER,0,32
TEMP_REGISTER,RGF_VER_ALE_RMA_ATTACK,REGFILE_VER,0,32
TEMP_REGISTER,RGF_VER_BIST_CTRL,REGFILE_VER,0,32
TEMP_REGISTER,RGF_VER_EGR_OUTQ,REGFILE_VER,0,32
TEMP_REGISTER,RGF_VER_EGR_SCH,REGFILE_VER,0,32
TEMP_REGISTER,RGF_VER_ALE_HSA,REGFILE_VER,0,32
TEMP_REGISTER,RGF_VER_ALE_METER,REGFILE_VER,0,32
TEMP_REGISTER,RGF_VER_MIB_CTRL,REGFILE_VER,0,32
TEMP_REGISTER,RGF_VER_ALE_PISO,REGFILE_VER,0,32
TEMP_REGISTER,RGF_VER_CHIP_INFO,REGFILE_VER,0,32
TEMP_REGISTER,RGF_VER_ALE_CF,REGFILE_VER,0,32
TEMP_REGISTER,RGF_VER_PHY_IP,REGFILE_VER,0,32
TEMP_REGISTER,RGF_VER_PONIP_GLB,REGFILE_VER,0,32
TEMP_REGISTER,RGF_VER_PONIP_US,REGFILE_VER,0,32
TEMP_REGISTER,RGF_VER_PONIP_DS,REGFILE_VER,0,32
TEMP_REGISTER,RGF_VER_SWPBO,REGFILE_VER,0,32
TEMP_REGISTER,FC_PON_DROP_CTRL,DUMMY_GLB_0_31_3,3,29
TEMP_REGISTER,FC_PON_DROP_CTRL,FC_DROP_SEL,2,1
TEMP_REGISTER,FC_PON_DROP_CTRL,FC_DROP_GAP,0,2
TEMP_REGISTER,RSVD_GLB_CTRL,RSVD_MEM,0,32
TEMP_REGISTER,HASH_SEL_CTRL,DUMMY_ALE_GLB_0_31_1,1,31
TEMP_REGISTER,HASH_SEL_CTRL,SELECT,0,1
TEMP_REGISTER,RSVD_ALE_GLB,RSVD_MEM,0,32
TEMP_REGISTER,RSVD_ALE_ACL,RSVD_MEM,0,32
TEMP_REGISTER,RSVD_ALE_CVLAN,RSVD_MEM,0,32
TEMP_REGISTER,RSVD_ALE_DPM,RSVD_MEM,0,32
TEMP_REGISTER,RSVD_ALE_L2,RSVD_MEM,0,32
TEMP_REGISTER,RSVD_ALE_MLTVLAN,RSVD_MEM,0,32
TEMP_REGISTER,RSVD_ALE_SVLAN,RSVD_MEM,0,32
TEMP_REGISTER,RSVD_ALE_RLDP,RSVD_MEM,0,32
TEMP_REGISTER,RSVD_ALE_EAV_AFBK,RSVD_MEM,0,32
TEMP_REGISTER,RSVD_INTR,RSVD_MEM,0,32
TEMP_REGISTER,RSVD_LED,RSVD_MEM,0,32
TEMP_REGISTER,FC_DROP_CTRL,DUMMY_PER_PORT_MAC_0_31_1,4,28
TEMP_REGISTER,FC_DROP_CTRL,TX_TOK_ORI,3,1
TEMP_REGISTER,FC_DROP_CTRL,DROP_EN,2,1
TEMP_REGISTER,FC_DROP_CTRL,TX_KKDEF0,1,1
TEMP_REGISTER,FC_DROP_CTRL,IP6_INS_END,0,1
TEMP_REGISTER,DIVSYSCLK_TX_CTRL,DUMMY_PER_PORT_MAC_1_31_2,2,30
TEMP_REGISTER,DIVSYSCLK_TX_CTRL,DLY_TXCOM,1,1
TEMP_REGISTER,DIVSYSCLK_TX_CTRL,DUMMY_PER_PORT_MAC_1_0_0,0,1
TEMP_REGISTER,RSVD_PER_PORT_MAC,RSVD_MEM,0,32
TEMP_REGISTER,RSVD_SDSREG,RSVD_MEM,0,32
TEMP_REGISTER,RSVD_SWCORE,RSVD_MEM,0,32
TEMP_REGISTER,RSVD_EPON_CTRL,RSVD_MEM,0,32
TEMP_REGISTER,RSVD_ALE_RMA_ATTACK,RSVD_MEM,0,32
TEMP_REGISTER,RSVD_BIST_CTRL,RSVD_MEM,0,32
TEMP_REGISTER,RSVD_EGR_OUTQ,RSVD_MEM,0,32
TEMP_REGISTER,RSVD_EGR_SCH,RSVD_MEM,0,32
TEMP_REGISTER,RSVD_ALE_HSA,RSVD_MEM,0,32
TEMP_REGISTER,RSVD_ALE_METER,RSVD_MEM,0,32
TEMP_REGISTER,RSVD_MIB_CTRL,RSVD_MEM,0,32
TEMP_REGISTER,RSVD_ALE_PISO,RSVD_MEM,0,32
TEMP_REGISTER,RSVD_CHIP_INFO,RSVD_MEM,0,32
TEMP_REGISTER,RSVD_ALE_CF,RSVD_MEM,0,32
TEMP_REGISTER,RSVD_PHY_IP,RSVD_MEM,0,32
TEMP_REGISTER,PBO_DS_CLK_TUNE,DUMMY_PONIP_GLB_1_31_26,26,6
TEMP_REGISTER,PBO_DS_CLK_TUNE,SEL_CLK100,25,1
TEMP_REGISTER,PBO_DS_CLK_TUNE,DUMMY_PONIP_GLB_1_24,24,1
TEMP_REGISTER,PBO_DS_CLK_TUNE,DIV_19,23,1
TEMP_REGISTER,PBO_DS_CLK_TUNE,DIS_TUNE,22,1
TEMP_REGISTER,PBO_DS_CLK_TUNE,DIV_17,21,1
TEMP_REGISTER,PBO_DS_CLK_TUNE,LOAD_DIVISOR,20,1
TEMP_REGISTER,PBO_DS_CLK_TUNE,CLK_DIVISOR,0,20
TEMP_REGISTER,SYSCLK_TUNE,DUMMY_PONIP_GLB_1_31_24,24,8
TEMP_REGISTER,SYSCLK_TUNE,DIV_19,23,1
TEMP_REGISTER,SYSCLK_TUNE,DIS_TUNE,22,1
TEMP_REGISTER,SYSCLK_TUNE,DIV_17,21,1
TEMP_REGISTER,SYSCLK_TUNE,LOAD_DIVISOR,20,1
TEMP_REGISTER,SYSCLK_TUNE,CLK_DIVISOR,0,20
TEMP_REGISTER,RSVD_PONIP_GLB,RSVD_MEM,0,32
TEMP_REGISTER,PON_SCH_ASIC_OPT,DUMMY_PONIP_US_0_31_2,2,30
TEMP_REGISTER,PON_SCH_ASIC_OPT,DIS_LVL_RPT_LAT,1,1
TEMP_REGISTER,PON_SCH_ASIC_OPT,DUMMY_PONIP_US_0_0_0,0,1
TEMP_REGISTER,RSVD_PONIP_US,RSVD_MEM,0,32
TEMP_REGISTER,RSVD_PONIP_DS,RSVD_MEM,0,32
TEMP_REGISTER,RSVD_SWPBO,RSVD_MEM,0,32
1PPSTOD_1_PLUSE_PER_SECOND_TIME_OF_DAY_,PPS_CTRL,RESERVED,12,20
1PPSTOD_1_PLUSE_PER_SECOND_TIME_OF_DAY_,PPS_CTRL,TOD_DELAY,6,6
1PPSTOD_1_PLUSE_PER_SECOND_TIME_OF_DAY_,PPS_CTRL,PULSE_WIDTH,0,6
1PPSTOD_1_PLUSE_PER_SECOND_TIME_OF_DAY_,TOD_FRAME_CONFIG,RESERVED,9,23
1PPSTOD_1_PLUSE_PER_SECOND_TIME_OF_DAY_,TOD_FRAME_CONFIG,PACKET_LENGTH,1,8
1PPSTOD_1_PLUSE_PER_SECOND_TIME_OF_DAY_,TOD_FRAME_CONFIG,TOD_FRAME_MANUAL,0,1
1PPSTOD_1_PLUSE_PER_SECOND_TIME_OF_DAY_,HARDWARE_DEFINE_FRAME_1,RESERVED,16,16
1PPSTOD_1_PLUSE_PER_SECOND_TIME_OF_DAY_,HARDWARE_DEFINE_FRAME_1,SARP_GPS_WEEK,0,16
1PPSTOD_1_PLUSE_PER_SECOND_TIME_OF_DAY_,HARDWARE_DEFINE_FRAME_0,SARP_UTC_SEC,0,32
1PPSTOD_1_PLUSE_PER_SECOND_TIME_OF_DAY_,SOFTWARE_DEFINE_FRAME_7,SW_TOD_FRAME_31,24,8
1PPSTOD_1_PLUSE_PER_SECOND_TIME_OF_DAY_,SOFTWARE_DEFINE_FRAME_7,SW_TOD_FRAME_30,16,8
1PPSTOD_1_PLUSE_PER_SECOND_TIME_OF_DAY_,SOFTWARE_DEFINE_FRAME_7,SW_TOD_FRAME_29,8,8
1PPSTOD_1_PLUSE_PER_SECOND_TIME_OF_DAY_,SOFTWARE_DEFINE_FRAME_7,SW_TOD_FRAME_28,0,8
1PPSTOD_1_PLUSE_PER_SECOND_TIME_OF_DAY_,SOFTWARE_DEFINE_FRAME_6,SW_TOD_FRAME_27,24,8
1PPSTOD_1_PLUSE_PER_SECOND_TIME_OF_DAY_,SOFTWARE_DEFINE_FRAME_6,SW_TOD_FRAME_26,16,8
1PPSTOD_1_PLUSE_PER_SECOND_TIME_OF_DAY_,SOFTWARE_DEFINE_FRAME_6,SW_TOD_FRAME_25,8,8
1PPSTOD_1_PLUSE_PER_SECOND_TIME_OF_DAY_,SOFTWARE_DEFINE_FRAME_6,SW_TOD_FRAME_24,0,8
1PPSTOD_1_PLUSE_PER_SECOND_TIME_OF_DAY_,SOFTWARE_DEFINE_FRAME_5,SW_TOD_FRAME_23,24,8
1PPSTOD_1_PLUSE_PER_SECOND_TIME_OF_DAY_,SOFTWARE_DEFINE_FRAME_5,SW_TOD_FRAME_22,16,8
1PPSTOD_1_PLUSE_PER_SECOND_TIME_OF_DAY_,SOFTWARE_DEFINE_FRAME_5,SW_TOD_FRAME_21,8,8
1PPSTOD_1_PLUSE_PER_SECOND_TIME_OF_DAY_,SOFTWARE_DEFINE_FRAME_5,SW_TOD_FRAME_20,0,8
1PPSTOD_1_PLUSE_PER_SECOND_TIME_OF_DAY_,SOFTWARE_DEFINE_FRAME_4,SW_TOD_FRAME_19,24,8
1PPSTOD_1_PLUSE_PER_SECOND_TIME_OF_DAY_,SOFTWARE_DEFINE_FRAME_4,SW_TOD_FRAME_18,16,8
1PPSTOD_1_PLUSE_PER_SECOND_TIME_OF_DAY_,SOFTWARE_DEFINE_FRAME_4,SW_TOD_FRAME_17,8,8
1PPSTOD_1_PLUSE_PER_SECOND_TIME_OF_DAY_,SOFTWARE_DEFINE_FRAME_4,SW_TOD_FRAME_16,0,8
1PPSTOD_1_PLUSE_PER_SECOND_TIME_OF_DAY_,SOFTWARE_DEFINE_FRAME_3,SW_TOD_FRAME_15,24,8
1PPSTOD_1_PLUSE_PER_SECOND_TIME_OF_DAY_,SOFTWARE_DEFINE_FRAME_3,SW_TOD_FRAME_14,16,8
1PPSTOD_1_PLUSE_PER_SECOND_TIME_OF_DAY_,SOFTWARE_DEFINE_FRAME_3,SW_TOD_FRAME_13,8,8
1PPSTOD_1_PLUSE_PER_SECOND_TIME_OF_DAY_,SOFTWARE_DEFINE_FRAME_3,SW_TOD_FRAME_12,0,8
1PPSTOD_1_PLUSE_PER_SECOND_TIME_OF_DAY_,SOFTWARE_DEFINE_FRAME_2,SW_TOD_FRAME_11,24,8
1PPSTOD_1_PLUSE_PER_SECOND_TIME_OF_DAY_,SOFTWARE_DEFINE_FRAME_2,SW_TOD_FRAME_10,16,8
1PPSTOD_1_PLUSE_PER_SECOND_TIME_OF_DAY_,SOFTWARE_DEFINE_FRAME_2,SW_TOD_FRAME_9,8,8
1PPSTOD_1_PLUSE_PER_SECOND_TIME_OF_DAY_,SOFTWARE_DEFINE_FRAME_2,SW_TOD_FRAME_8,0,8
1PPSTOD_1_PLUSE_PER_SECOND_TIME_OF_DAY_,SOFTWARE_DEFINE_FRAME_1,SW_TOD_FRAME_7,24,8
1PPSTOD_1_PLUSE_PER_SECOND_TIME_OF_DAY_,SOFTWARE_DEFINE_FRAME_1,SW_TOD_FRAME_6,16,8
1PPSTOD_1_PLUSE_PER_SECOND_TIME_OF_DAY_,SOFTWARE_DEFINE_FRAME_1,SW_TOD_FRAME_5,8,8
1PPSTOD_1_PLUSE_PER_SECOND_TIME_OF_DAY_,SOFTWARE_DEFINE_FRAME_1,SW_TOD_FRAME_4,0,8
1PPSTOD_1_PLUSE_PER_SECOND_TIME_OF_DAY_,SOFTWARE_DEFINE_FRAME_0,SW_TOD_FRAME_3,24,8
1PPSTOD_1_PLUSE_PER_SECOND_TIME_OF_DAY_,SOFTWARE_DEFINE_FRAME_0,SW_TOD_FRAME_2,16,8
1PPSTOD_1_PLUSE_PER_SECOND_TIME_OF_DAY_,SOFTWARE_DEFINE_FRAME_0,SW_TOD_FRAME_1,8,8
1PPSTOD_1_PLUSE_PER_SECOND_TIME_OF_DAY_,SOFTWARE_DEFINE_FRAME_0,SW_TOD_FRAME_0,0,8
1PPSTOD_1_PLUSE_PER_SECOND_TIME_OF_DAY_,TOD_BAUDRATE,RESERVED,17,15
1PPSTOD_1_PLUSE_PER_SECOND_TIME_OF_DAY_,TOD_BAUDRATE,DIVISOR_LATCH_VALUE,0,17
1PPSTOD_1_PLUSE_PER_SECOND_TIME_OF_DAY_,TOD_DATA_FRAME,RESERVED,7,25
1PPSTOD_1_PLUSE_PER_SECOND_TIME_OF_DAY_,TOD_DATA_FRAME,TOD_PARITY,5,2
1PPSTOD_1_PLUSE_PER_SECOND_TIME_OF_DAY_,TOD_DATA_FRAME,TOD_STPBIT,2,3
1PPSTOD_1_PLUSE_PER_SECOND_TIME_OF_DAY_,TOD_DATA_FRAME,TOD_DATABIT,0,2
SDS_WDIG,SDS_WDIG_REG00,RESERVED,5,27
SDS_WDIG,SDS_WDIG_REG00,REG_DUMMY0,0,5
SDS_WDIG,SDS_WDIG_REG01,RESERVED,13,19
SDS_WDIG,SDS_WDIG_REG01,REG_DUMMY1,0,13
SDS_WDIG,SDS_WDIG_REG02,RESERVED,16,16
SDS_WDIG,SDS_WDIG_REG02,REG_DUMMY2,0,16
SDS_WDIG,SDS_WDIG_REG03,RESERVED,16,16
SDS_WDIG,SDS_WDIG_REG03,REG_DUMMY3,0,16
SDS_WDIG,SDS_WDIG_REG04,RESERVED,16,16
SDS_WDIG,SDS_WDIG_REG04,REG_DUMMY4,0,16
SDS_WDIG,SDS_WDIG_REG05,RESERVED,4,28
SDS_WDIG,SDS_WDIG_REG05,REG_DUMMY5,0,4
SDS_WDIG,SDS_WDIG_REG06,RESERVED,15,17
SDS_WDIG,SDS_WDIG_REG06,REG_DUMMY6,0,15
SDS_WDIG,SDS_WDIG_REG07,RESERVED,16,16
SDS_WDIG,SDS_WDIG_REG07,REG_DUMMY7,0,16
SDS_WDIG,SDS_WDIG_REG08,RESERVED,16,16
SDS_WDIG,SDS_WDIG_REG08,REG_DUMMY8,0,16
SDS_WDIG,SDS_WDIG_REG09,RESERVED,16,16
SDS_WDIG,SDS_WDIG_REG09,REG_DUMMY9,0,16
SDS_WDIG,SDS_WDIG_REG10,RESERVED,1,31
SDS_WDIG,SDS_WDIG_REG10,REG_DUMMY10,0,1
SDS_WDIG,SDS_WDIG_REG11,RESERVED,9,23
SDS_WDIG,SDS_WDIG_REG11,REG_DUMMY11,0,9
SDS_WDIG,SDS_WDIG_REG12,RESERVED,9,23
SDS_WDIG,SDS_WDIG_REG12,REG_DUMMY12,0,9
SDS_WDIG,SDS_WDIG_REG13,RESERVED,16,16
SDS_WDIG,SDS_WDIG_REG13,REG_DUMMY13,0,16
SDS_WDIG,SDS_WDIG_REG14,RESERVED,16,16
SDS_WDIG,SDS_WDIG_REG14,REG_DUMMY14,0,16
SDS_WDIG,SDS_WDIG_REG15,RESERVED,16,16
SDS_WDIG,SDS_WDIG_REG15,REG_DUMMY15,0,16
SDS_WDIG,SDS_WDIG_REG16,RESERVED,16,16
SDS_WDIG,SDS_WDIG_REG16,WDIG_REG16_0,9,7
SDS_WDIG,SDS_WDIG_REG16,FRC_SDS_MODE_ON,8,1
SDS_WDIG,SDS_WDIG_REG16,WDIG_REG16_1,5,3
SDS_WDIG,SDS_WDIG_REG16,FRC_SDS_MODE_VAL,0,5
SDS_MISC,SDS_ANA_MISC_REG00,RESERVED,16,16
SDS_MISC,SDS_ANA_MISC_REG00,FRC_PWR_ISO_VAL,15,1
SDS_MISC,SDS_ANA_MISC_REG00,FRC_PWR_ISO_ON,14,1
SDS_MISC,SDS_ANA_MISC_REG00,FRC_NO_SDS_VAL,13,1
SDS_MISC,SDS_ANA_MISC_REG00,FRC_NO_SDS_ON,12,1
SDS_MISC,SDS_ANA_MISC_REG00,FRC_CMU_EN_VAL,11,1
SDS_MISC,SDS_ANA_MISC_REG00,FRC_CMU_EN_ON,10,1
SDS_MISC,SDS_ANA_MISC_REG00,FRC_CLKREQB_VAL,9,1
SDS_MISC,SDS_ANA_MISC_REG00,FRC_CLKREQB_ON,8,1
SDS_MISC,SDS_ANA_MISC_REG00,FRC_PDOWN_VAL,7,1
SDS_MISC,SDS_ANA_MISC_REG00,FRC_PDOWN_ON,6,1
SDS_MISC,SDS_ANA_MISC_REG00,FRC_RX_EN_VAL,5,1
SDS_MISC,SDS_ANA_MISC_REG00,FRC_RX_EN_ON,4,1
SDS_MISC,SDS_ANA_MISC_REG00,FRC_RSTB_BITERR_VAL,3,1
SDS_MISC,SDS_ANA_MISC_REG00,FRC_RSTB_BITERR_ON,2,1
SDS_MISC,SDS_ANA_MISC_REG00,FRC_V2ANALOG_VAL,1,1
SDS_MISC,SDS_ANA_MISC_REG00,FRC_V2ANALOG_ON,0,1
SDS_MISC,SDS_ANA_MISC_REG01,RESERVED,16,16
SDS_MISC,SDS_ANA_MISC_REG01,FRC_REG_RXPLL_SEL_VAL,15,1
SDS_MISC,SDS_ANA_MISC_REG01,FRC_REG_RXPLL_SEL_ON,14,1
SDS_MISC,SDS_ANA_MISC_REG01,FRC_CMU_EN_RING_VAL,13,1
SDS_MISC,SDS_ANA_MISC_REG01,FRC_CMU_EN_RING_ON,12,1
SDS_MISC,SDS_ANA_MISC_REG01,FRC_CMU_EN_LC_VAL,11,1
SDS_MISC,SDS_ANA_MISC_REG01,FRC_CMU_EN_LC_ON,10,1
SDS_MISC,SDS_ANA_MISC_REG01,SDS_ANA_MISC_01_0908,8,2
SDS_MISC,SDS_ANA_MISC_REG01,FRC_REG_SPDSEL_VAL,5,3
SDS_MISC,SDS_ANA_MISC_REG01,FRC_REG_SPDSEL_ON,4,1
SDS_MISC,SDS_ANA_MISC_REG01,FRC_125M_VALUE,3,1
SDS_MISC,SDS_ANA_MISC_REG01,FRC_125M_ON,2,1
SDS_MISC,SDS_ANA_MISC_REG01,FRC_HSG_VAL,1,1
SDS_MISC,SDS_ANA_MISC_REG01,FRC_HSG_ON,0,1
SDS_MISC,SDS_ANA_MISC_REG02,RESERVED,16,16
SDS_MISC,SDS_ANA_MISC_REG02,FRC_RXIDLE_VAL,15,1
SDS_MISC,SDS_ANA_MISC_REG02,FRC_RXIDLE_ON,14,1
SDS_MISC,SDS_ANA_MISC_REG02,FRC_BER_NOTIFY_VAL,13,1
SDS_MISC,SDS_ANA_MISC_REG02,FRC_BER_NOTIFY_ON,12,1
SDS_MISC,SDS_ANA_MISC_REG02,FRC_CKRDY_VAL,11,1
SDS_MISC,SDS_ANA_MISC_REG02,FRC_CKRDY_ON,10,1
SDS_MISC,SDS_ANA_MISC_REG02,FRC_OOBS_EN_VAL,9,1
SDS_MISC,SDS_ANA_MISC_REG02,FRC_OOBS_EN_ON,8,1
SDS_MISC,SDS_ANA_MISC_REG02,FRC_RX_DATA_EN_VAL,7,1
SDS_MISC,SDS_ANA_MISC_REG02,FRC_RX_DATA_EN_ON,6,1
SDS_MISC,SDS_ANA_MISC_REG02,FRC_RX_CLKWR_EN_VAL,5,1
SDS_MISC,SDS_ANA_MISC_REG02,FRC_RX_CLKWR_EN_ON,4,1
SDS_MISC,SDS_ANA_MISC_REG02,FRC_CLK156_EN_VAL,3,1
SDS_MISC,SDS_ANA_MISC_REG02,FRC_CLK156_EN_ON,2,1
SDS_MISC,SDS_ANA_MISC_REG02,FRC_RXAUI_VAL,1,1
SDS_MISC,SDS_ANA_MISC_REG02,FRC_RXAUI_ON,0,1
SDS_MISC,SDS_ANA_MISC_REG03,RESERVED,16,16
SDS_MISC,SDS_ANA_MISC_REG03,SDS_ANA_MISC_03,0,16
SDS_MISC,SDS_ANA_MISC_REG04,RESERVED,16,16
SDS_MISC,SDS_ANA_MISC_REG04,SDS_ANA_MISC_04,0,16
SDS_MISC,SDS_ANA_MISC_REG05,RESERVED,16,16
SDS_MISC,SDS_ANA_MISC_REG05,SDS_ANA_MISC_05,0,16
SDS_MISC,SDS_ANA_MISC_REG06,RESERVED,16,16
SDS_MISC,SDS_ANA_MISC_REG06,SDS_ANA_MISC_06,0,16
SDS_MISC,SDS_ANA_MISC_REG07,RESERVED,16,16
SDS_MISC,SDS_ANA_MISC_REG07,SDS_ANA_MISC_07,0,16
SDS_MISC,SDS_ANA_MISC_REG08,RESERVED,16,16
SDS_MISC,SDS_ANA_MISC_REG08,SDS_ANA_MISC_08,0,16
SDS_MISC,SDS_ANA_MISC_REG09,RESERVED,16,16
SDS_MISC,SDS_ANA_MISC_REG09,SDS_ANA_MISC_09,0,16
SDS_MISC,SDS_ANA_MISC_REG10,RESERVED,16,16
SDS_MISC,SDS_ANA_MISC_REG10,SDS_ANA_MISC_10,0,16
SDS_MISC,SDS_ANA_MISC_REG11,RESERVED,16,16
SDS_MISC,SDS_ANA_MISC_REG11,SDS_ANA_MISC_11,0,16
SDS_MISC,SDS_ANA_MISC_REG12,RESERVED,16,16
SDS_MISC,SDS_ANA_MISC_REG12,SDS_ANA_MISC_12,0,16
SDS_MISC,SDS_ANA_MISC_REG13,RESERVED,16,16
SDS_MISC,SDS_ANA_MISC_REG13,SDS_ANA_MISC_13,0,16
SDS_MISC,SDS_ANA_MISC_REG14,RESERVED,16,16
SDS_MISC,SDS_ANA_MISC_REG14,SDS_ANA_MISC_14,0,16
SDS_MISC,SDS_ANA_MISC_REG15,RESERVED,16,16
SDS_MISC,SDS_ANA_MISC_REG15,SDS_ANA_MISC_15,0,16
SDS_MISC,SDS_ANA_MISC_REG16,RESERVED,16,16
SDS_MISC,SDS_ANA_MISC_REG16,SDS_ANA_MISC_16,8,8
SDS_MISC,SDS_ANA_MISC_REG16,FRC_TXBEACON_VAL,7,1
SDS_MISC,SDS_ANA_MISC_REG16,FRC_RCV_DETECT_VAL,6,1
SDS_MISC,SDS_ANA_MISC_REG16,FRC_BEN_VAL,5,1
SDS_MISC,SDS_ANA_MISC_REG16,FRC_BEN_ON,4,1
SDS_MISC,SDS_ANA_MISC_REG16,FRC_BEN_OE_VAL,3,1
SDS_MISC,SDS_ANA_MISC_REG16,FRC_BEN_OE_ON,2,1
SDS_MISC,SDS_ANA_MISC_REG16,FRC_CKRDY_PCM_VAL,1,1
SDS_MISC,SDS_ANA_MISC_REG16,FRC_CKRDY_PCM_ON,0,1
SDS_MISC,SDS_ANA_MISC_REG17,RESERVED,16,16
SDS_MISC,SDS_ANA_MISC_REG17,SDS_ANA_MISC_17,0,16
SDS_MISC,SDS_ANA_MISC_REG18,RESERVED,16,16
SDS_MISC,SDS_ANA_MISC_REG18,SDS_ANA_MISC_18,0,16
SDS_MISC,SDS_ANA_MISC_REG19,RESERVED,16,16
SDS_MISC,SDS_ANA_MISC_REG19,SDS_ANA_MISC_19,0,16
SDS_MISC,SDS_ANA_MISC_REG20,RESERVED,16,16
SDS_MISC,SDS_ANA_MISC_REG20,SDS_ANA_MISC_20,0,16
SDS_MISC,SDS_ANA_MISC_REG21,RESERVED,16,16
SDS_MISC,SDS_ANA_MISC_REG21,SDS_ANA_MISC_21,0,16
SDS_MISC,SDS_ANA_MISC_REG22,RESERVED,16,16
SDS_MISC,SDS_ANA_MISC_REG22,SDS_ANA_MISC_22,0,16
SDS_MISC,SDS_ANA_MISC_REG23,RESERVED,16,16
SDS_MISC,SDS_ANA_MISC_REG23,SDS_ANA_MISC_23,0,16
SDS_MISC,SDS_ANA_MISC_REG24,RESERVED,16,16
SDS_MISC,SDS_ANA_MISC_REG24,SDS_ANA_MISC_24,0,16
SDS_MISC,SDS_ANA_MISC_REG25,RESERVED,16,16
SDS_MISC,SDS_ANA_MISC_REG25,SDS_ANA_MISC_25,0,16
SDS_MISC,SDS_ANA_MISC_REG26,RESERVED,16,16
SDS_MISC,SDS_ANA_MISC_REG26,SDS_ANA_MISC_26,0,16
SDS_MISC,SDS_ANA_MISC_REG27,RESERVED,16,16
SDS_MISC,SDS_ANA_MISC_REG27,SDS_ANA_MISC_27,0,16
SDS_MISC,SDS_ANA_MISC_REG28,RESERVED,16,16
SDS_MISC,SDS_ANA_MISC_REG28,SDS_ANA_MISC_28,0,16
SDS_MISC,SDS_ANA_MISC_REG29,RESERVED,16,16
SDS_MISC,SDS_ANA_MISC_REG29,SDS_ANA_MISC_29,0,16
SDS_MISC,SDS_ANA_MISC_REG30,RESERVED,16,16
SDS_MISC,SDS_ANA_MISC_REG30,SDS_ANA_MISC_30,0,16
SDS_MISC,SDS_ANA_MISC_REG31,RESERVED,16,16
SDS_MISC,SDS_ANA_MISC_REG31,SDS_ANA_MISC_31,0,16
SDS_COM,SDS_ANA_COM_REG00,RESERVED,16,16
SDS_COM,SDS_ANA_COM_REG00,REG_ACC2_MANUAL,15,1
SDS_COM,SDS_ANA_COM_REG00,REG_ACC2_PERIOD,5,10
SDS_COM,SDS_ANA_COM_REG00,REG_CDR_BYPASS_SDM_INT,4,1
SDS_COM,SDS_ANA_COM_REG00,REG_CDR_EN_LPF_MANUAL,3,1
SDS_COM,SDS_ANA_COM_REG00,REG_CDR_RESET_MANUAL,2,1
SDS_COM,SDS_ANA_COM_REG00,REG_CDR_KD,1,1
SDS_COM,SDS_ANA_COM_REG00,REG_CDR_RESET_SEL,0,1
SDS_COM,SDS_ANA_COM_REG01,RESERVED,16,16
SDS_COM,SDS_ANA_COM_REG01,REG_CDR_INT_INIT,2,14
SDS_COM,SDS_ANA_COM_REG01,REG_CDR_SEL_TESTOUT,0,2
SDS_COM,SDS_ANA_COM_REG02,RESERVED,16,16
SDS_COM,SDS_ANA_COM_REG02,REG_CDR_KI,13,3
SDS_COM,SDS_ANA_COM_REG02,REG_CDR_KP1,10,3
SDS_COM,SDS_ANA_COM_REG02,REG_CDR_KP2,7,3
SDS_COM,SDS_ANA_COM_REG02,REG_EN_M_VALUE,3,4
SDS_COM,SDS_ANA_COM_REG02,REG_CKDEGLITCH,2,1
SDS_COM,SDS_ANA_COM_REG02,REG_CKOOBS_AUX,1,1
SDS_COM,SDS_ANA_COM_REG02,REG_COMINIT,0,1
SDS_COM,SDS_ANA_COM_REG03,RESERVED,16,16
SDS_COM,SDS_ANA_COM_REG03,REG_COMWAKE,15,1
SDS_COM,SDS_ANA_COM_REG03,REG_EN_CLKREQ,14,1
SDS_COM,SDS_ANA_COM_REG03,REG_IBRXSEL,12,2
SDS_COM,SDS_ANA_COM_REG03,REG_OOBS_CALI,10,2
SDS_COM,SDS_ANA_COM_REG03,REG_OOBS_CALSEL,9,1
SDS_COM,SDS_ANA_COM_REG03,REG_OOBS_CKSEL,8,1
SDS_COM,SDS_ANA_COM_REG03,REG_OOBS_FORCECAL,7,1
SDS_COM,SDS_ANA_COM_REG03,REG_OOBS_FREQSEL,6,1
SDS_COM,SDS_ANA_COM_REG03,REG_OOBS_NSQDLY,5,1
SDS_COM,SDS_ANA_COM_REG03,REG_OOBS_RXIDLE_MANUAL,4,1
SDS_COM,SDS_ANA_COM_REG03,REG_OOBS_SEL,3,1
SDS_COM,SDS_ANA_COM_REG03,REG_PI_M_MODE,2,1
SDS_COM,SDS_ANA_COM_REG03,REG_RX50_LINK,1,1
SDS_COM,SDS_ANA_COM_REG03,REG_RX_ACC2_MANUAL_2,0,1
SDS_COM,SDS_ANA_COM_REG04,RESERVED,16,16
SDS_COM,SDS_ANA_COM_REG04,REG_DUMMY_0,14,2
SDS_COM,SDS_ANA_COM_REG04,REG_OOBS_SEN,12,2
SDS_COM,SDS_ANA_COM_REG04,REG_OOBS_SEN_VAR,7,5
SDS_COM,SDS_ANA_COM_REG04,REG_RX_DBG_SEL,5,2
SDS_COM,SDS_ANA_COM_REG04,REG_RX_DCVS_SEL,4,1
SDS_COM,SDS_ANA_COM_REG04,REG_RX_EN_I_SAMPLER,3,1
SDS_COM,SDS_ANA_COM_REG04,REG_RX_EN_KOFFSET,2,1
SDS_COM,SDS_ANA_COM_REG04,REG_RX_EN_SELF,1,1
SDS_COM,SDS_ANA_COM_REG04,REG_RX_EN_TEST,0,1
SDS_COM,SDS_ANA_COM_REG05,RESERVED,16,16
SDS_COM,SDS_ANA_COM_REG05,REG_RX_ACC2_PERIOD_2,6,10
SDS_COM,SDS_ANA_COM_REG05,REG_RX_EQ_EN_SLICER,5,1
SDS_COM,SDS_ANA_COM_REG05,REG_RX_EQ_GAIN,3,2
SDS_COM,SDS_ANA_COM_REG05,REG_RX_EQ_HOLD,2,1
SDS_COM,SDS_ANA_COM_REG05,REG_DUMMY_1,0,2
SDS_COM,SDS_ANA_COM_REG06,RESERVED,16,16
SDS_COM,SDS_ANA_COM_REG06,REG_RX_EQ_IN,9,7
SDS_COM,SDS_ANA_COM_REG06,REG_RX_EQ_SELREG,8,1
SDS_COM,SDS_ANA_COM_REG06,REG_RX_FILT_CONFIG,0,8
SDS_COM,SDS_ANA_COM_REG07,RESERVED,16,16
SDS_COM,SDS_ANA_COM_REG07,REG_RX_FORCERUN,15,1
SDS_COM,SDS_ANA_COM_REG07,REG_RX_IDLE_SPD,14,1
SDS_COM,SDS_ANA_COM_REG07,REG_RX_INT_INIT_2,0,14
SDS_COM,SDS_ANA_COM_REG08,RESERVED,16,16
SDS_COM,SDS_ANA_COM_REG08,REG_RX_IQDSEL,15,1
SDS_COM,SDS_ANA_COM_REG08,REG_RX_KP1_2,12,3
SDS_COM,SDS_ANA_COM_REG08,REG_RX_KP2_2,9,3
SDS_COM,SDS_ANA_COM_REG08,REG_RX_KP_DIV,7,2
SDS_COM,SDS_ANA_COM_REG08,REG_RX_OFFSET_ADJR,3,4
SDS_COM,SDS_ANA_COM_REG08,REG_RX_OFFSET_AUTO_K,2,1
SDS_COM,SDS_ANA_COM_REG08,REG_RX_OFFSET_RANGE,0,2
SDS_COM,SDS_ANA_COM_REG09,RESERVED,16,16
SDS_COM,SDS_ANA_COM_REG09,REG_RX_PIENSEL,15,1
SDS_COM,SDS_ANA_COM_REG09,REG_RX_PSAVE_SEL,14,1
SDS_COM,SDS_ANA_COM_REG09,REG_RX_SEL_CDR_AFEN,13,1
SDS_COM,SDS_ANA_COM_REG09,REG_RX_OOBS_EN,12,1
SDS_COM,SDS_ANA_COM_REG09,REG_RX_PS_AFE,11,1
SDS_COM,SDS_ANA_COM_REG09,REG_RX_SD_POR_SEL,10,1
SDS_COM,SDS_ANA_COM_REG09,REG_RX_SEL_RXIDLE,9,1
SDS_COM,SDS_ANA_COM_REG09,REG_DUMMY_2,8,1
SDS_COM,SDS_ANA_COM_REG09,REG_RX_SQU_TRI_2,7,1
SDS_COM,SDS_ANA_COM_REG09,REG_RX_TIMER_BER,2,5
SDS_COM,SDS_ANA_COM_REG09,REG_SQU_TRI,1,1
SDS_COM,SDS_ANA_COM_REG09,REG_DUMMY_3,0,1
SDS_COM,SDS_ANA_COM_REG10,RESERVED,16,16
SDS_COM,SDS_ANA_COM_REG10,REG_RX_TIMER_EQ,11,5
SDS_COM,SDS_ANA_COM_REG10,REG_RX_TIMER_LPF,6,5
SDS_COM,SDS_ANA_COM_REG10,REG_ST_M_VALUE,1,5
SDS_COM,SDS_ANA_COM_REG10,REG_DUMMY_4,0,1
SDS_COM,SDS_ANA_COM_REG11,RESERVED,16,16
SDS_COM,SDS_ANA_COM_REG11,REG_CDR_POST_DIVN,11,5
SDS_COM,SDS_ANA_COM_REG11,REG_CDR2_SEL_POSTDIV,10,1
SDS_COM,SDS_ANA_COM_REG11,REG_RX_DUMMY1,9,1
SDS_COM,SDS_ANA_COM_REG11,REG_RX_DUMMY2,8,1
SDS_COM,SDS_ANA_COM_REG11,REG_RXCLK_SEL,7,1
SDS_COM,SDS_ANA_COM_REG11,REG_RXPI_D2S_CUR_SEL,6,1
SDS_COM,SDS_ANA_COM_REG11,REG_CKGPHY_SEL,5,1
SDS_COM,SDS_ANA_COM_REG11,REG_RX_EQ_ADP_SEL,4,1
SDS_COM,SDS_ANA_COM_REG11,REG_DUMMY_5,0,4
SDS_COM,SDS_ANA_COM_REG12,RESERVED,16,16
SDS_COM,SDS_ANA_COM_REG12,REG_DUMMY_6,8,8
SDS_COM,SDS_ANA_COM_REG12,REG_RX_EQ2SEL,4,4
SDS_COM,SDS_ANA_COM_REG12,REG_RX_EQ2SEL2,0,4
SDS_COM,SDS_ANA_COM_REG13,RESERVED,16,16
SDS_COM,SDS_ANA_COM_REG13,REG_EN_SATA,15,1
SDS_COM,SDS_ANA_COM_REG13,REG_FORCE_RCVDET,14,1
SDS_COM,SDS_ANA_COM_REG13,REG_IBTXSEL,12,2
SDS_COM,SDS_ANA_COM_REG13,REG_RXDSEL,10,2
SDS_COM,SDS_ANA_COM_REG13,REG_TXLA_IBX_SEL,9,1
SDS_COM,SDS_ANA_COM_REG13,REG_TX_50_EN,8,1
SDS_COM,SDS_ANA_COM_REG13,REG_TX_AMP,5,3
SDS_COM,SDS_ANA_COM_REG13,REG_TX_BAMP,2,3
SDS_COM,SDS_ANA_COM_REG13,REG_TX_BEAEN,1,1
SDS_COM,SDS_ANA_COM_REG13,REG_TX_DBG_SEL,0,1
SDS_COM,SDS_ANA_COM_REG14,RESERVED,16,16
SDS_COM,SDS_ANA_COM_REG14,REG_DUMMY_7,14,2
SDS_COM,SDS_ANA_COM_REG14,REG_TX_DLY,12,2
SDS_COM,SDS_ANA_COM_REG14,REG_TX_EMP,9,3
SDS_COM,SDS_ANA_COM_REG14,REG_TX_EN_EMPHAS,8,1
SDS_COM,SDS_ANA_COM_REG14,REG_TX_EN_TEST,7,1
SDS_COM,SDS_ANA_COM_REG14,REG_TX_EN_VCM_RES,6,1
SDS_COM,SDS_ANA_COM_REG14,REG_SEL_CKRD_DUTY,5,1
SDS_COM,SDS_ANA_COM_REG14,REG_Z0_PADJR,0,5
SDS_COM,SDS_ANA_COM_REG15,RESERVED,16,16
SDS_COM,SDS_ANA_COM_REG15,REG_Z0_NADJR,12,4
SDS_COM,SDS_ANA_COM_REG15,REG_TX_SEL_VCM,10,2
SDS_COM,SDS_ANA_COM_REG15,REG_TX_SWING,8,2
SDS_COM,SDS_ANA_COM_REG15,REG_TX_V20_SEL,6,2
SDS_COM,SDS_ANA_COM_REG15,REG_Z0_TEST,5,1
SDS_COM,SDS_ANA_COM_REG15,REG_Z0_TUNE,4,1
SDS_COM,SDS_ANA_COM_REG15,REG_Z0_NAUTO_K,3,1
SDS_COM,SDS_ANA_COM_REG15,REG_Z0_PAUTO_K,2,1
SDS_COM,SDS_ANA_COM_REG15,REG_DUMMY_8,0,2
SDS_COM,SDS_ANA_COM_REG16,RESERVED,16,16
SDS_COM,SDS_ANA_COM_REG16,REG_TX_LDO_EN,15,1
SDS_COM,SDS_ANA_COM_REG16,REG_TX_DUMMY1,14,1
SDS_COM,SDS_ANA_COM_REG16,REG_TX_DUMMY2,13,1
SDS_COM,SDS_ANA_COM_REG16,REG_TX_LDO_SEL,10,3
SDS_COM,SDS_ANA_COM_REG16,REG_DUMMY_9,0,10
SDS_COM,SDS_ANA_COM_REG17,RESERVED,16,16
SDS_COM,SDS_ANA_COM_REG17,REG_LOOPBACK_EN,15,1
SDS_COM,SDS_ANA_COM_REG17,REG_SERDES_MODE,13,2
SDS_COM,SDS_ANA_COM_REG17,REG_BG,11,2
SDS_COM,SDS_ANA_COM_REG17,REG_BG_OFF,10,1
SDS_COM,SDS_ANA_COM_REG17,REG_BG_POW,9,1
SDS_COM,SDS_ANA_COM_REG17,REG_OOBS_ISEL,8,1
SDS_COM,SDS_ANA_COM_REG17,REG_SEL_IBLPF,7,1
SDS_COM,SDS_ANA_COM_REG17,REG_SEL_IBN,6,1
SDS_COM,SDS_ANA_COM_REG17,REG_DUMMY_10,5,1
SDS_COM,SDS_ANA_COM_REG17,REG_BEN_SEL_CML,4,1
SDS_COM,SDS_ANA_COM_REG17,REG_BEN_SWING,1,3
SDS_COM,SDS_ANA_COM_REG17,REG_BEN_TTL_OUT,0,1
SDS_COM,SDS_ANA_COM_REG18,RESERVED,16,16
SDS_COM,SDS_ANA_COM_REG18,REG_BEN_V20_SEL,14,2
SDS_COM,SDS_ANA_COM_REG18,REG_TTL_DRI_SEL,12,2
SDS_COM,SDS_ANA_COM_REG18,REG_ZO_AUTOK,11,1
SDS_COM,SDS_ANA_COM_REG18,REG_LAN_SDS_CKREFBUF_I_SEL,8,3
SDS_COM,SDS_ANA_COM_REG18,REG_DUMMY_11,3,5
SDS_COM,SDS_ANA_COM_REG18,REG_CMU_TX_FORCE_CLKRDY,2,1
SDS_COM,SDS_ANA_COM_REG18,REG_CMU_RX_FORCE_CLKRDY,1,1
SDS_COM,SDS_ANA_COM_REG18,REG_CMU_GPHY_FORCE_CLKRDY,0,1
SDS_COM,SDS_ANA_COM_REG19,RESERVED,16,16
SDS_COM,SDS_ANA_COM_REG19,REG_DUMMY_12,0,16
SDS_COM,SDS_ANA_COM_REG20,RESERVED,16,16
SDS_COM,SDS_ANA_COM_REG20,REG_DUMMY_SPD,3,13
SDS_COM,SDS_ANA_COM_REG20,REG_DUMMY_13,0,3
SDS_COM,SDS_ANA_COM_REG21,RESERVED,16,16
SDS_COM,SDS_ANA_COM_REG21,REG_CMU_CCO_SEL_RX,15,1
SDS_COM,SDS_ANA_COM_REG21,REG_CMU_CP_I_RX,11,4
SDS_COM,SDS_ANA_COM_REG21,REG_CMU_LDO_EN_RX,10,1
SDS_COM,SDS_ANA_COM_REG21,REG_CMU_LDO_SEL_RX,7,3
SDS_COM,SDS_ANA_COM_REG21,REG_CMU_BIG_KVCO_RX,6,1
SDS_COM,SDS_ANA_COM_REG21,REG_CMU_LPF_CP_RX,5,1
SDS_COM,SDS_ANA_COM_REG21,REG_CMU_LPF_RS_RX,2,3
SDS_COM,SDS_ANA_COM_REG21,REG_CMU_PREDIV_RX,0,2
SDS_COM,SDS_ANA_COM_REG22,RESERVED,16,16
SDS_COM,SDS_ANA_COM_REG22,REG_CMU_PI_I_SEL_RX,13,3
SDS_COM,SDS_ANA_COM_REG22,REG_CMU_CP_NEW_RX,12,1
SDS_COM,SDS_ANA_COM_REG22,REG_CMU_EN_CKOOBS_RX,11,1
SDS_COM,SDS_ANA_COM_REG22,REG_CMU_VC_DLY_RX,10,1
SDS_COM,SDS_ANA_COM_REG22,REG_CMU_DUMMY1_RX,9,1
SDS_COM,SDS_ANA_COM_REG22,REG_CMU_TEST_MODE,8,1
SDS_COM,SDS_ANA_COM_REG22,REG_CMU_SSCD_SEL_MODE,7,1
SDS_COM,SDS_ANA_COM_REG22,REG_CMU_SSCD_WEIGHTING_SEL,4,3
SDS_COM,SDS_ANA_COM_REG22,REG_CMU_CLKRDY_RX,2,2
SDS_COM,SDS_ANA_COM_REG22,REG_CMU_TIME2_RX,0,2
SDS_COM,SDS_ANA_COM_REG23,RESERVED,16,16
SDS_COM,SDS_ANA_COM_REG23,REG_CMU_EN_WD_RX,15,1
SDS_COM,SDS_ANA_COM_REG23,REG_CMU_TIME0_RX,12,3
SDS_COM,SDS_ANA_COM_REG23,REG_CMU_SDM_ORDER_RX,11,1
SDS_COM,SDS_ANA_COM_REG23,REG_CMU_F390K_RX,9,2
SDS_COM,SDS_ANA_COM_REG23,REG_CMU_SSCD_EN_CENTER_IN_RX,8,1
SDS_COM,SDS_ANA_COM_REG23,REG_CMU_SSCD_EN_SSC_RX,7,1
SDS_COM,SDS_ANA_COM_REG23,REG_CMU_RX_DLY_CLKSEL,6,1
SDS_COM,SDS_ANA_COM_REG23,REG_DUMMY_14,0,6
SDS_COM,SDS_ANA_COM_REG24,RESERVED,16,16
SDS_COM,SDS_ANA_COM_REG24,REG_BYPASS_BER_NOTIFY_CMUTX,15,1
SDS_COM,SDS_ANA_COM_REG24,REG_CMU_CP_I_TX,11,4
SDS_COM,SDS_ANA_COM_REG24,REG_CMU_DUMMY_MOMCAP_TX,10,1
SDS_COM,SDS_ANA_COM_REG24,REG_CMU_ICP_SEL_LBW_TX,9,1
SDS_COM,SDS_ANA_COM_REG24,REG_CMU_LCBIAS_LPF_EN_TX,8,1
SDS_COM,SDS_ANA_COM_REG24,REG_CMU_PFD_SEL_TX,7,1
SDS_COM,SDS_ANA_COM_REG24,REG_CMU_LDO_SEL_TX,4,3
SDS_COM,SDS_ANA_COM_REG24,REG_CMU_LPF_CP_TX,1,3
SDS_COM,SDS_ANA_COM_REG24,REG_CMU_LPF_EN_LOWR_TX,0,1
SDS_COM,SDS_ANA_COM_REG25,RESERVED,16,16
SDS_COM,SDS_ANA_COM_REG25,REG_CMU_LPF_RS_TX,13,3
SDS_COM,SDS_ANA_COM_REG25,REG_CMU_PI_I_SEL_TX,10,3
SDS_COM,SDS_ANA_COM_REG25,REG_CMU_TESTEN_TX,9,1
SDS_COM,SDS_ANA_COM_REG25,REG_CMU_VCP_SEL_TX,8,1
SDS_COM,SDS_ANA_COM_REG25,REG_CMU_VCO_SEL_IBX_TX,7,1
SDS_COM,SDS_ANA_COM_REG25,REG_CMU_IQDIV_D2S_SEL_TX,6,1
SDS_COM,SDS_ANA_COM_REG25,REG_CMU_CMLPI_SEL_TX,5,1
SDS_COM,SDS_ANA_COM_REG25,REG_CMU_PREDIV_TX,3,2
SDS_COM,SDS_ANA_COM_REG25,REG_DUMMY_15,2,1
SDS_COM,SDS_ANA_COM_REG25,REG_LC_BYPASS_SF,1,1
SDS_COM,SDS_ANA_COM_REG25,REG_LC_TEST_MODE,0,1
SDS_COM,SDS_ANA_COM_REG26,RESERVED,16,16
SDS_COM,SDS_ANA_COM_REG26,REG_LC_SSCD_SEL_MODE,15,1
SDS_COM,SDS_ANA_COM_REG26,REG_LC_SSCD_WEIGHTING_SEL,12,3
SDS_COM,SDS_ANA_COM_REG26,REG_CMU_SDM_ORDER_TX,11,1
SDS_COM,SDS_ANA_COM_REG26,REG_CMU_TIME0_TX,8,3
SDS_COM,SDS_ANA_COM_REG26,REG_CMU_TIME2_TX,6,2
SDS_COM,SDS_ANA_COM_REG26,REG_CMU_CLKRDY_TX,4,2
SDS_COM,SDS_ANA_COM_REG26,REG_CMU_EN_WD_TX,3,1
SDS_COM,SDS_ANA_COM_REG26,REG_CMU_FLD_DSEL_TX,2,1
SDS_COM,SDS_ANA_COM_REG26,REG_CMU_FLD_AUTOK_TX,1,1
SDS_COM,SDS_ANA_COM_REG26,REG_CMU_FLD_CP_EN_MANUAL_TX,0,1
SDS_COM,SDS_ANA_COM_REG27,RESERVED,16,16
SDS_COM,SDS_ANA_COM_REG27,REG_CMU_FLD_AUTO_MODE_TX,15,1
SDS_COM,SDS_ANA_COM_REG27,REG_CMU_FLD_DIVIDE_NUM_TX,9,6
SDS_COM,SDS_ANA_COM_REG27,REG_CMU_FLD_CALIB_TIME_TX,6,3
SDS_COM,SDS_ANA_COM_REG27,REG_CMU_FLD_ADP_TIME_TX,3,3
SDS_COM,SDS_ANA_COM_REG27,REG_CMU_ISTANK_LS_TX,0,3
SDS_COM,SDS_ANA_COM_REG28,RESERVED,16,16
SDS_COM,SDS_ANA_COM_REG28,REG_CMU_FLD_CP_TIME_TX,13,3
SDS_COM,SDS_ANA_COM_REG28,REG_CMU_FLD_INIT_TIME_TX,10,3
SDS_COM,SDS_ANA_COM_REG28,REG_CMU_FLD_LOCK_UP_LIMIT_TX,0,10
SDS_COM,SDS_ANA_COM_REG29,RESERVED,16,16
SDS_COM,SDS_ANA_COM_REG29,REG_CMU_FLD_LOCK_DN_LIMIT_TX,6,10
SDS_COM,SDS_ANA_COM_REG29,REG_CMU_BAND_TX,1,5
SDS_COM,SDS_ANA_COM_REG29,REG_CMU_FLD_CALIB_MANUAL_TX,0,1
SDS_COM,SDS_ANA_COM_REG30,RESERVED,16,16
SDS_COM,SDS_ANA_COM_REG30,REG_CMU_CP_I_GPHY,12,4
SDS_COM,SDS_ANA_COM_REG30,REG_CMU_DUMMY_MOMCAP_GPHY,11,1
SDS_COM,SDS_ANA_COM_REG30,REG_CMU_ICP_SEL_LBW_GPHY,10,1
SDS_COM,SDS_ANA_COM_REG30,REG_CMU_LCBIAS_LPF_EN_GPHY,9,1
SDS_COM,SDS_ANA_COM_REG30,REG_CMU_PFD_SEL_GPHY,8,1
SDS_COM,SDS_ANA_COM_REG30,REG_CMU_LDO_SEL_GPHY,5,3
SDS_COM,SDS_ANA_COM_REG30,REG_CMU_LPF_CP_GPHY,2,3
SDS_COM,SDS_ANA_COM_REG30,REG_CMU_LPF_EN_LOWR_GPHY,1,1
SDS_COM,SDS_ANA_COM_REG30,REG_CMU_BYPASS_PI_GPHY,0,1
SDS_COM,SDS_ANA_COM_REG31,RESERVED,16,16
SDS_COM,SDS_ANA_COM_REG31,REG_CMU_LPF_RS_GPHY,13,3
SDS_COM,SDS_ANA_COM_REG31,REG_CMU_PI_I_SEL_GPHY,10,3
SDS_COM,SDS_ANA_COM_REG31,REG_CMU_TESTEN_GPHY,9,1
SDS_COM,SDS_ANA_COM_REG31,REG_CMU_VCP_SEL_GPHY,8,1
SDS_COM,SDS_ANA_COM_REG31,REG_CMU_VCO_SEL_IBX_GPHY,7,1
SDS_COM,SDS_ANA_COM_REG31,REG_CMU_IQDIV_D2S_SEL_GPHY,6,1
SDS_COM,SDS_ANA_COM_REG31,REG_CMU_CMLPI_SEL_GPHY,5,1
SDS_COM,SDS_ANA_COM_REG31,REG_CMU_PREDIV_GPHY,3,2
SDS_COM,SDS_ANA_COM_REG31,REG_CMU_REF_SEL_GPHY,2,1
SDS_COM,SDS_ANA_COM_REG31,REG_LC_BYPASS_SF_GPHY,1,1
SDS_COM,SDS_ANA_COM_REG31,REG_DUMMY_16,0,1
SDS_SPD,SDS_ANA_SPD_REG32,RESERVED,16,16
SDS_SPD,SDS_ANA_SPD_REG32,REG_CMU_NCODE_IN_GPHY,8,8
SDS_SPD,SDS_ANA_SPD_REG32,REG_CMU_FLD_AUTO_MODE_GPHY,7,1
SDS_SPD,SDS_ANA_SPD_REG32,REG_CMU_FLD_CALIB_MANUAL_GPHY,6,1
SDS_SPD,SDS_ANA_SPD_REG32,REG_CMU_FLD_DIVIDE_NUM_GPHY,0,6
SDS_SPD,SDS_ANA_SPD_REG33,RESERVED,16,16
SDS_SPD,SDS_ANA_SPD_REG33,REG_DUMMY_0,8,8
SDS_SPD,SDS_ANA_SPD_REG33,REG_LC_GPHY_SYNE_DIV,0,8
SDS_SPD,SDS_ANA_SPD_REG34,RESERVED,16,16
SDS_SPD,SDS_ANA_SPD_REG34,REG_LC_GPHY_TEST_MODE,15,1
SDS_SPD,SDS_ANA_SPD_REG34,REG_CMU_TIME0_GPHY,12,3
SDS_SPD,SDS_ANA_SPD_REG34,REG_CMU_TIME2_GPHY,10,2
SDS_SPD,SDS_ANA_SPD_REG34,REG_CMU_CLKRDY_GPHY,8,2
SDS_SPD,SDS_ANA_SPD_REG34,REG_CMU_EN_WD_GPHY,7,1
SDS_SPD,SDS_ANA_SPD_REG34,REG_CMU_FLD_DSEL_GPHY,6,1
SDS_SPD,SDS_ANA_SPD_REG34,REG_CMU_FLD_AUTOK_GPHY,5,1
SDS_SPD,SDS_ANA_SPD_REG34,REG_CMU_BAND_GPHY,0,5
SDS_SPD,SDS_ANA_SPD_REG35,RESERVED,16,16
SDS_SPD,SDS_ANA_SPD_REG35,REG_CMU_ISTANK_LS_GPHY,13,3
SDS_SPD,SDS_ANA_SPD_REG35,REG_CMU_FLD_CALIB_TIME_GPHY,10,3
SDS_SPD,SDS_ANA_SPD_REG35,REG_CMU_FLD_ADP_TIME_GPHY,7,3
SDS_SPD,SDS_ANA_SPD_REG35,REG_CMU_FLD_CP_EN_MANUAL_GPHY,6,1
SDS_SPD,SDS_ANA_SPD_REG35,REG_CMU_FLD_CP_TIME_GPHY,3,3
SDS_SPD,SDS_ANA_SPD_REG35,REG_CMU_FLD_INIT_TIME_GPHY,0,3
SDS_SPD,SDS_ANA_SPD_REG36,RESERVED,16,16
SDS_SPD,SDS_ANA_SPD_REG36,REG_CMU_FLD_LOCK_DN_LIMIT_GPHY,6,10
SDS_SPD,SDS_ANA_SPD_REG36,REG_CMU_F390K_GPHY,4,2
SDS_SPD,SDS_ANA_SPD_REG36,REG_FREF_SEL_GPHY,2,2
SDS_SPD,SDS_ANA_SPD_REG36,REG_CCO_SEL_GPHY,1,1
SDS_SPD,SDS_ANA_SPD_REG36,REG_CMU_GPHY_VC_DLY,0,1
SDS_SPD,SDS_ANA_SPD_REG37,RESERVED,16,16
SDS_SPD,SDS_ANA_SPD_REG37,REG_CMU_FLD_LOCK_UP_LIMIT_GPHY,6,10
SDS_SPD,SDS_ANA_SPD_REG37,REG_CMU_GPHY_DLY_CLKSEL,5,1
SDS_SPD,SDS_ANA_SPD_REG37,REG_RX_SD_DEBOUNCE_SEL,4,1
SDS_SPD,SDS_ANA_SPD_REG37,REG_DUMMY_1,0,4
SDS_SPD,SDS_ANA_SPD_REG38,RESERVED,16,16
SDS_SPD,SDS_ANA_SPD_REG38,REG_SEL_FX100,15,1
SDS_SPD,SDS_ANA_SPD_REG38,REG_SPDSEL,13,2
SDS_SPD,SDS_ANA_SPD_REG38,REG_RX_SEL_SD,12,1
SDS_SPD,SDS_ANA_SPD_REG38,REG_CMU_REF_SEL_TX,11,1
SDS_SPD,SDS_ANA_SPD_REG38,REG_TX_CLK_SEL,9,2
SDS_SPD,SDS_ANA_SPD_REG38,REG_DUMMY_2,0,9
SDS_SPD,SDS_ANA_SPD_REG39,RESERVED,16,16
SDS_SPD,SDS_ANA_SPD_REG39,REG_CMU_BYPASS_PI_RX,15,1
SDS_SPD,SDS_ANA_SPD_REG39,REG_CMU_NCODE_IN_RX,7,8
SDS_SPD,SDS_ANA_SPD_REG39,REG_CMU_PCM_SEL_FREF,6,1
SDS_SPD,SDS_ANA_SPD_REG39,REG_DUMMY_3,0,6
SDS_SPD,SDS_ANA_SPD_REG40,RESERVED,16,16
SDS_SPD,SDS_ANA_SPD_REG40,REG_CMU_FCODE_IN_RX,4,12
SDS_SPD,SDS_ANA_SPD_REG40,REG_DUMMY_4,0,4
SDS_SPD,SDS_ANA_SPD_REG41,RESERVED,16,16
SDS_SPD,SDS_ANA_SPD_REG41,REG_CMU_BYPASS_PI_TX,15,1
SDS_SPD,SDS_ANA_SPD_REG41,REG_CMU_NCODE_IN_TX,7,8
SDS_SPD,SDS_ANA_SPD_REG41,REG_DUMMY_5,0,7
SDS_SPD,SDS_ANA_SPD_REG42,RESERVED,16,16
SDS_SPD,SDS_ANA_SPD_REG42,REG_CMU_NCODE_PCM,8,8
SDS_SPD,SDS_ANA_SPD_REG42,REG_DUMMY_6,0,8
SDS_SPD,SDS_ANA_SPD_REG43,RESERVED,16,16
SDS_SPD,SDS_ANA_SPD_REG43,REG_DUMMY_7,15,1
SDS_SPD,SDS_ANA_SPD_REG43,REG_CMU_F390K_TX,13,2
SDS_SPD,SDS_ANA_SPD_REG43,REG_CMU_TX_VC_DLY,12,1
SDS_SPD,SDS_ANA_SPD_REG43,REG_CMU_TX_DLY_CLKSEL,11,1
SDS_SPD,SDS_ANA_SPD_REG43,REG_DUMMY_8,0,11
SDS_SPD,SDS_ANA_SPD_REG44,RESERVED,16,16
SDS_SPD,SDS_ANA_SPD_REG44,REG_CMU_SSCD_STEP_IN_RX,3,13
SDS_SPD,SDS_ANA_SPD_REG44,REG_DUMMY_9,0,3
SDS_SPD,SDS_ANA_SPD_REG45,RESERVED,16,16
SDS_SPD,SDS_ANA_SPD_REG45,REG_CMU_SSCD_TBASE_IN_RX,4,12
SDS_SPD,SDS_ANA_SPD_REG45,REG_DUMMY_10,0,4
SDS_SPD,SDS_ANA_SPD_REG46,RESERVED,16,16
SDS_SPD,SDS_ANA_SPD_REG46,REG_CMU_PREDIVN_PCM,8,8
SDS_SPD,SDS_ANA_SPD_REG46,REG_DUMMY_11,0,8
SDS_SPD,SDS_ANA_SPD_REG47,RESERVED,16,16
SDS_SPD,SDS_ANA_SPD_REG47,REG_DIVN_GPHY_REF,8,8
SDS_SPD,SDS_ANA_SPD_REG47,REG_DUMMY_12,0,8
SDS_SPD,SDS_ANA_SPD_REG48,RESERVED,16,16
SDS_SPD,SDS_ANA_SPD_REG48,REG_LC_GPHY_CKBK_DIV,8,8
SDS_SPD,SDS_ANA_SPD_REG48,REG_DUMMY_13,0,8
SDS_SPD_1P25G,SDS_ANA_1P25_REG32,RESERVED,16,16
SDS_SPD_1P25G,SDS_ANA_1P25_REG32,REG_CMU_NCODE_IN_GPHY,8,8
SDS_SPD_1P25G,SDS_ANA_1P25_REG32,REG_CMU_FLD_AUTO_MODE_GPHY,7,1
SDS_SPD_1P25G,SDS_ANA_1P25_REG32,REG_CMU_FLD_CALIB_MANUAL_GPHY,6,1
SDS_SPD_1P25G,SDS_ANA_1P25_REG32,REG_CMU_FLD_DIVIDE_NUM_GPHY,0,6
SDS_SPD_1P25G,SDS_ANA_1P25_REG33,RESERVED,16,16
SDS_SPD_1P25G,SDS_ANA_1P25_REG33,REG_DUMMY_0,8,8
SDS_SPD_1P25G,SDS_ANA_1P25_REG33,REG_LC_GPHY_SYNE_DIV,0,8
SDS_SPD_1P25G,SDS_ANA_1P25_REG34,RESERVED,16,16
SDS_SPD_1P25G,SDS_ANA_1P25_REG34,REG_LC_GPHY_TEST_MODE,15,1
SDS_SPD_1P25G,SDS_ANA_1P25_REG34,REG_CMU_TIME0_GPHY,12,3
SDS_SPD_1P25G,SDS_ANA_1P25_REG34,REG_CMU_TIME2_GPHY,10,2
SDS_SPD_1P25G,SDS_ANA_1P25_REG34,REG_CMU_CLKRDY_GPHY,8,2
SDS_SPD_1P25G,SDS_ANA_1P25_REG34,REG_CMU_EN_WD_GPHY,7,1
SDS_SPD_1P25G,SDS_ANA_1P25_REG34,REG_CMU_FLD_DSEL_GPHY,6,1
SDS_SPD_1P25G,SDS_ANA_1P25_REG34,REG_CMU_FLD_AUTOK_GPHY,5,1
SDS_SPD_1P25G,SDS_ANA_1P25_REG34,REG_CMU_BAND_GPHY,0,5
SDS_SPD_1P25G,SDS_ANA_1P25_REG35,RESERVED,16,16
SDS_SPD_1P25G,SDS_ANA_1P25_REG35,REG_CMU_ISTANK_LS_GPHY,13,3
SDS_SPD_1P25G,SDS_ANA_1P25_REG35,REG_CMU_FLD_CALIB_TIME_GPHY,10,3
SDS_SPD_1P25G,SDS_ANA_1P25_REG35,REG_CMU_FLD_ADP_TIME_GPHY,7,3
SDS_SPD_1P25G,SDS_ANA_1P25_REG35,REG_CMU_FLD_CP_EN_MANUAL_GPHY,6,1
SDS_SPD_1P25G,SDS_ANA_1P25_REG35,REG_CMU_FLD_CP_TIME_GPHY,3,3
SDS_SPD_1P25G,SDS_ANA_1P25_REG35,REG_CMU_FLD_INIT_TIME_GPHY,0,3
SDS_SPD_1P25G,SDS_ANA_1P25_REG36,RESERVED,16,16
SDS_SPD_1P25G,SDS_ANA_1P25_REG36,REG_CMU_FLD_LOCK_DN_LIMIT_GPHY,6,10
SDS_SPD_1P25G,SDS_ANA_1P25_REG36,REG_CMU_F390K_GPHY,4,2
SDS_SPD_1P25G,SDS_ANA_1P25_REG36,REG_FREF_SEL_GPHY,2,2
SDS_SPD_1P25G,SDS_ANA_1P25_REG36,REG_CCO_SEL_GPHY,1,1
SDS_SPD_1P25G,SDS_ANA_1P25_REG36,REG_CMU_GPHY_VC_DLY,0,1
SDS_SPD_1P25G,SDS_ANA_1P25_REG37,RESERVED,16,16
SDS_SPD_1P25G,SDS_ANA_1P25_REG37,REG_CMU_FLD_LOCK_UP_LIMIT_GPHY,6,10
SDS_SPD_1P25G,SDS_ANA_1P25_REG37,REG_CMU_GPHY_DLY_CLKSEL,5,1
SDS_SPD_1P25G,SDS_ANA_1P25_REG37,REG_RX_SD_DEBOUNCE_SEL,4,1
SDS_SPD_1P25G,SDS_ANA_1P25_REG37,REG_DUMMY_1,0,4
SDS_SPD_1P25G,SDS_ANA_1P25_REG38,RESERVED,16,16
SDS_SPD_1P25G,SDS_ANA_1P25_REG38,REG_SEL_FX100,15,1
SDS_SPD_1P25G,SDS_ANA_1P25_REG38,REG_SPDSEL,13,2
SDS_SPD_1P25G,SDS_ANA_1P25_REG38,REG_RX_SEL_SD,12,1
SDS_SPD_1P25G,SDS_ANA_1P25_REG38,REG_CMU_REF_SEL_TX,11,1
SDS_SPD_1P25G,SDS_ANA_1P25_REG38,REG_TX_CLK_SEL,9,2
SDS_SPD_1P25G,SDS_ANA_1P25_REG38,REG_DUMMY_2,0,9
SDS_SPD_1P25G,SDS_ANA_1P25_REG39,RESERVED,16,16
SDS_SPD_1P25G,SDS_ANA_1P25_REG39,REG_CMU_BYPASS_PI_RX,15,1
SDS_SPD_1P25G,SDS_ANA_1P25_REG39,REG_CMU_NCODE_IN_RX,7,8
SDS_SPD_1P25G,SDS_ANA_1P25_REG39,REG_CMU_PCM_SEL_FREF,6,1
SDS_SPD_1P25G,SDS_ANA_1P25_REG39,REG_DUMMY_3,0,6
SDS_SPD_1P25G,SDS_ANA_1P25_REG40,RESERVED,16,16
SDS_SPD_1P25G,SDS_ANA_1P25_REG40,REG_CMU_FCODE_IN_RX,4,12
SDS_SPD_1P25G,SDS_ANA_1P25_REG40,REG_DUMMY_4,0,4
SDS_SPD_1P25G,SDS_ANA_1P25_REG41,RESERVED,16,16
SDS_SPD_1P25G,SDS_ANA_1P25_REG41,REG_CMU_BYPASS_PI_TX,15,1
SDS_SPD_1P25G,SDS_ANA_1P25_REG41,REG_CMU_NCODE_IN_TX,7,8
SDS_SPD_1P25G,SDS_ANA_1P25_REG41,REG_DUMMY_5,0,7
SDS_SPD_1P25G,SDS_ANA_1P25_REG42,RESERVED,16,16
SDS_SPD_1P25G,SDS_ANA_1P25_REG42,REG_CMU_NCODE_PCM,8,8
SDS_SPD_1P25G,SDS_ANA_1P25_REG42,REG_DUMMY_6,0,8
SDS_SPD_1P25G,SDS_ANA_1P25_REG43,RESERVED,16,16
SDS_SPD_1P25G,SDS_ANA_1P25_REG43,REG_DUMMY_7,15,1
SDS_SPD_1P25G,SDS_ANA_1P25_REG43,REG_CMU_F390K_TX,13,2
SDS_SPD_1P25G,SDS_ANA_1P25_REG43,REG_CMU_TX_VC_DLY,12,1
SDS_SPD_1P25G,SDS_ANA_1P25_REG43,REG_CMU_TX_DLY_CLKSEL,11,1
SDS_SPD_1P25G,SDS_ANA_1P25_REG43,REG_DUMMY_8,0,11
SDS_SPD_1P25G,SDS_ANA_1P25_REG44,RESERVED,16,16
SDS_SPD_1P25G,SDS_ANA_1P25_REG44,REG_CMU_SSCD_STEP_IN_RX,3,13
SDS_SPD_1P25G,SDS_ANA_1P25_REG44,REG_DUMMY_9,0,3
SDS_SPD_1P25G,SDS_ANA_1P25_REG45,RESERVED,16,16
SDS_SPD_1P25G,SDS_ANA_1P25_REG45,REG_CMU_SSCD_TBASE_IN_RX,4,12
SDS_SPD_1P25G,SDS_ANA_1P25_REG45,REG_DUMMY_10,0,4
SDS_SPD_1P25G,SDS_ANA_1P25_REG46,RESERVED,16,16
SDS_SPD_1P25G,SDS_ANA_1P25_REG46,REG_CMU_PREDIVN_PCM,8,8
SDS_SPD_1P25G,SDS_ANA_1P25_REG46,REG_DUMMY_11,0,8
SDS_SPD_1P25G,SDS_ANA_1P25_REG47,RESERVED,16,16
SDS_SPD_1P25G,SDS_ANA_1P25_REG47,REG_DIVN_GPHY_REF,8,8
SDS_SPD_1P25G,SDS_ANA_1P25_REG47,REG_DUMMY_12,0,8
SDS_SPD_1P25G,SDS_ANA_1P25_REG48,RESERVED,16,16
SDS_SPD_1P25G,SDS_ANA_1P25_REG48,REG_LC_GPHY_CKBK_DIV,8,8
SDS_SPD_1P25G,SDS_ANA_1P25_REG48,REG_DUMMY_13,0,8
SDS_SPD_GPON,SDS_ANA_GPON_REG32,RESERVED,16,16
SDS_SPD_GPON,SDS_ANA_GPON_REG32,REG_CMU_NCODE_IN_GPHY,8,8
SDS_SPD_GPON,SDS_ANA_GPON_REG32,REG_CMU_FLD_AUTO_MODE_GPHY,7,1
SDS_SPD_GPON,SDS_ANA_GPON_REG32,REG_CMU_FLD_CALIB_MANUAL_GPHY,6,1
SDS_SPD_GPON,SDS_ANA_GPON_REG32,REG_CMU_FLD_DIVIDE_NUM_GPHY,0,6
SDS_SPD_GPON,SDS_ANA_GPON_REG33,RESERVED,16,16
SDS_SPD_GPON,SDS_ANA_GPON_REG33,REG_DUMMY_0,8,8
SDS_SPD_GPON,SDS_ANA_GPON_REG33,REG_LC_GPHY_SYNE_DIV,0,8
SDS_SPD_GPON,SDS_ANA_GPON_REG34,RESERVED,16,16
SDS_SPD_GPON,SDS_ANA_GPON_REG34,REG_LC_GPHY_TEST_MODE,15,1
SDS_SPD_GPON,SDS_ANA_GPON_REG34,REG_CMU_TIME0_GPHY,12,3
SDS_SPD_GPON,SDS_ANA_GPON_REG34,REG_CMU_TIME2_GPHY,10,2
SDS_SPD_GPON,SDS_ANA_GPON_REG34,REG_CMU_CLKRDY_GPHY,8,2
SDS_SPD_GPON,SDS_ANA_GPON_REG34,REG_CMU_EN_WD_GPHY,7,1
SDS_SPD_GPON,SDS_ANA_GPON_REG34,REG_CMU_FLD_DSEL_GPHY,6,1
SDS_SPD_GPON,SDS_ANA_GPON_REG34,REG_CMU_FLD_AUTOK_GPHY,5,1
SDS_SPD_GPON,SDS_ANA_GPON_REG34,REG_CMU_BAND_GPHY,0,5
SDS_SPD_GPON,SDS_ANA_GPON_REG35,RESERVED,16,16
SDS_SPD_GPON,SDS_ANA_GPON_REG35,REG_CMU_ISTANK_LS_GPHY,13,3
SDS_SPD_GPON,SDS_ANA_GPON_REG35,REG_CMU_FLD_CALIB_TIME_GPHY,10,3
SDS_SPD_GPON,SDS_ANA_GPON_REG35,REG_CMU_FLD_ADP_TIME_GPHY,7,3
SDS_SPD_GPON,SDS_ANA_GPON_REG35,REG_CMU_FLD_CP_EN_MANUAL_GPHY,6,1
SDS_SPD_GPON,SDS_ANA_GPON_REG35,REG_CMU_FLD_CP_TIME_GPHY,3,3
SDS_SPD_GPON,SDS_ANA_GPON_REG35,REG_CMU_FLD_INIT_TIME_GPHY,0,3
SDS_SPD_GPON,SDS_ANA_GPON_REG36,RESERVED,16,16
SDS_SPD_GPON,SDS_ANA_GPON_REG36,REG_CMU_FLD_LOCK_DN_LIMIT_GPHY,6,10
SDS_SPD_GPON,SDS_ANA_GPON_REG36,REG_CMU_F390K_GPHY,4,2
SDS_SPD_GPON,SDS_ANA_GPON_REG36,REG_FREF_SEL_GPHY,2,2
SDS_SPD_GPON,SDS_ANA_GPON_REG36,REG_CCO_SEL_GPHY,1,1
SDS_SPD_GPON,SDS_ANA_GPON_REG36,REG_CMU_GPHY_VC_DLY,0,1
SDS_SPD_GPON,SDS_ANA_GPON_REG37,RESERVED,16,16
SDS_SPD_GPON,SDS_ANA_GPON_REG37,REG_CMU_FLD_LOCK_UP_LIMIT_GPHY,6,10
SDS_SPD_GPON,SDS_ANA_GPON_REG37,REG_CMU_GPHY_DLY_CLKSEL,5,1
SDS_SPD_GPON,SDS_ANA_GPON_REG37,REG_RX_SD_DEBOUNCE_SEL,4,1
SDS_SPD_GPON,SDS_ANA_GPON_REG37,REG_DUMMY_1,0,4
SDS_SPD_GPON,SDS_ANA_GPON_REG38,RESERVED,16,16
SDS_SPD_GPON,SDS_ANA_GPON_REG38,REG_SEL_FX100,15,1
SDS_SPD_GPON,SDS_ANA_GPON_REG38,REG_SPDSEL,13,2
SDS_SPD_GPON,SDS_ANA_GPON_REG38,REG_RX_SEL_SD,12,1
SDS_SPD_GPON,SDS_ANA_GPON_REG38,REG_CMU_REF_SEL_TX,11,1
SDS_SPD_GPON,SDS_ANA_GPON_REG38,REG_TX_CLK_SEL,9,2
SDS_SPD_GPON,SDS_ANA_GPON_REG38,REG_DUMMY_2,0,9
SDS_SPD_GPON,SDS_ANA_GPON_REG39,RESERVED,16,16
SDS_SPD_GPON,SDS_ANA_GPON_REG39,REG_CMU_BYPASS_PI_RX,15,1
SDS_SPD_GPON,SDS_ANA_GPON_REG39,REG_CMU_NCODE_IN_RX,7,8
SDS_SPD_GPON,SDS_ANA_GPON_REG39,REG_CMU_PCM_SEL_FREF,6,1
SDS_SPD_GPON,SDS_ANA_GPON_REG39,REG_DUMMY_3,0,6
SDS_SPD_GPON,SDS_ANA_GPON_REG40,RESERVED,16,16
SDS_SPD_GPON,SDS_ANA_GPON_REG40,REG_CMU_FCODE_IN_RX,4,12
SDS_SPD_GPON,SDS_ANA_GPON_REG40,REG_DUMMY_4,0,4
SDS_SPD_GPON,SDS_ANA_GPON_REG41,RESERVED,16,16
SDS_SPD_GPON,SDS_ANA_GPON_REG41,REG_CMU_BYPASS_PI_TX,15,1
SDS_SPD_GPON,SDS_ANA_GPON_REG41,REG_CMU_NCODE_IN_TX,7,8
SDS_SPD_GPON,SDS_ANA_GPON_REG41,REG_DUMMY_5,0,7
SDS_SPD_GPON,SDS_ANA_GPON_REG42,RESERVED,16,16
SDS_SPD_GPON,SDS_ANA_GPON_REG42,REG_CMU_NCODE_PCM,8,8
SDS_SPD_GPON,SDS_ANA_GPON_REG42,REG_DUMMY_6,0,8
SDS_SPD_GPON,SDS_ANA_GPON_REG43,RESERVED,16,16
SDS_SPD_GPON,SDS_ANA_GPON_REG43,REG_DUMMY_7,15,1
SDS_SPD_GPON,SDS_ANA_GPON_REG43,REG_CMU_F390K_TX,13,2
SDS_SPD_GPON,SDS_ANA_GPON_REG43,REG_CMU_TX_VC_DLY,12,1
SDS_SPD_GPON,SDS_ANA_GPON_REG43,REG_CMU_TX_DLY_CLKSEL,11,1
SDS_SPD_GPON,SDS_ANA_GPON_REG43,REG_DUMMY_8,0,11
SDS_SPD_GPON,SDS_ANA_GPON_REG44,RESERVED,16,16
SDS_SPD_GPON,SDS_ANA_GPON_REG44,REG_CMU_SSCD_STEP_IN_RX,3,13
SDS_SPD_GPON,SDS_ANA_GPON_REG44,REG_DUMMY_9,0,3
SDS_SPD_GPON,SDS_ANA_GPON_REG45,RESERVED,16,16
SDS_SPD_GPON,SDS_ANA_GPON_REG45,REG_CMU_SSCD_TBASE_IN_RX,4,12
SDS_SPD_GPON,SDS_ANA_GPON_REG45,REG_DUMMY_10,0,4
SDS_SPD_GPON,SDS_ANA_GPON_REG46,RESERVED,16,16
SDS_SPD_GPON,SDS_ANA_GPON_REG46,REG_CMU_PREDIVN_PCM,8,8
SDS_SPD_GPON,SDS_ANA_GPON_REG46,REG_DUMMY_11,0,8
SDS_SPD_GPON,SDS_ANA_GPON_REG47,RESERVED,16,16
SDS_SPD_GPON,SDS_ANA_GPON_REG47,REG_DIVN_GPHY_REF,8,8
SDS_SPD_GPON,SDS_ANA_GPON_REG47,REG_DUMMY_12,0,8
SDS_SPD_GPON,SDS_ANA_GPON_REG48,RESERVED,16,16
SDS_SPD_GPON,SDS_ANA_GPON_REG48,REG_LC_GPHY_CKBK_DIV,8,8
SDS_SPD_GPON,SDS_ANA_GPON_REG48,REG_DUMMY_13,0,8
SDS_SPD_EPON,SDS_ANA_EPON_REG32,RESERVED,16,16
SDS_SPD_EPON,SDS_ANA_EPON_REG32,REG_CMU_NCODE_IN_GPHY,8,8
SDS_SPD_EPON,SDS_ANA_EPON_REG32,REG_CMU_FLD_AUTO_MODE_GPHY,7,1
SDS_SPD_EPON,SDS_ANA_EPON_REG32,REG_CMU_FLD_CALIB_MANUAL_GPHY,6,1
SDS_SPD_EPON,SDS_ANA_EPON_REG32,REG_CMU_FLD_DIVIDE_NUM_GPHY,0,6
SDS_SPD_EPON,SDS_ANA_EPON_REG33,RESERVED,16,16
SDS_SPD_EPON,SDS_ANA_EPON_REG33,REG_DUMMY_0,8,8
SDS_SPD_EPON,SDS_ANA_EPON_REG33,REG_LC_GPHY_SYNE_DIV,0,8
SDS_SPD_EPON,SDS_ANA_EPON_REG34,RESERVED,16,16
SDS_SPD_EPON,SDS_ANA_EPON_REG34,REG_LC_GPHY_TEST_MODE,15,1
SDS_SPD_EPON,SDS_ANA_EPON_REG34,REG_CMU_TIME0_GPHY,12,3
SDS_SPD_EPON,SDS_ANA_EPON_REG34,REG_CMU_TIME2_GPHY,10,2
SDS_SPD_EPON,SDS_ANA_EPON_REG34,REG_CMU_CLKRDY_GPHY,8,2
SDS_SPD_EPON,SDS_ANA_EPON_REG34,REG_CMU_EN_WD_GPHY,7,1
SDS_SPD_EPON,SDS_ANA_EPON_REG34,REG_CMU_FLD_DSEL_GPHY,6,1
SDS_SPD_EPON,SDS_ANA_EPON_REG34,REG_CMU_FLD_AUTOK_GPHY,5,1
SDS_SPD_EPON,SDS_ANA_EPON_REG34,REG_CMU_BAND_GPHY,0,5
SDS_SPD_EPON,SDS_ANA_EPON_REG35,RESERVED,16,16
SDS_SPD_EPON,SDS_ANA_EPON_REG35,REG_CMU_ISTANK_LS_GPHY,13,3
SDS_SPD_EPON,SDS_ANA_EPON_REG35,REG_CMU_FLD_CALIB_TIME_GPHY,10,3
SDS_SPD_EPON,SDS_ANA_EPON_REG35,REG_CMU_FLD_ADP_TIME_GPHY,7,3
SDS_SPD_EPON,SDS_ANA_EPON_REG35,REG_CMU_FLD_CP_EN_MANUAL_GPHY,6,1
SDS_SPD_EPON,SDS_ANA_EPON_REG35,REG_CMU_FLD_CP_TIME_GPHY,3,3
SDS_SPD_EPON,SDS_ANA_EPON_REG35,REG_CMU_FLD_INIT_TIME_GPHY,0,3
SDS_SPD_EPON,SDS_ANA_EPON_REG36,RESERVED,16,16
SDS_SPD_EPON,SDS_ANA_EPON_REG36,REG_CMU_FLD_LOCK_DN_LIMIT_GPHY,6,10
SDS_SPD_EPON,SDS_ANA_EPON_REG36,REG_CMU_F390K_GPHY,4,2
SDS_SPD_EPON,SDS_ANA_EPON_REG36,REG_FREF_SEL_GPHY,2,2
SDS_SPD_EPON,SDS_ANA_EPON_REG36,REG_CCO_SEL_GPHY,1,1
SDS_SPD_EPON,SDS_ANA_EPON_REG36,REG_CMU_GPHY_VC_DLY,0,1
SDS_SPD_EPON,SDS_ANA_EPON_REG37,RESERVED,16,16
SDS_SPD_EPON,SDS_ANA_EPON_REG37,REG_CMU_FLD_LOCK_UP_LIMIT_GPHY,6,10
SDS_SPD_EPON,SDS_ANA_EPON_REG37,REG_CMU_GPHY_DLY_CLKSEL,5,1
SDS_SPD_EPON,SDS_ANA_EPON_REG37,REG_RX_SD_DEBOUNCE_SEL,4,1
SDS_SPD_EPON,SDS_ANA_EPON_REG37,REG_DUMMY_1,0,4
SDS_SPD_EPON,SDS_ANA_EPON_REG38,RESERVED,16,16
SDS_SPD_EPON,SDS_ANA_EPON_REG38,REG_SEL_FX100,15,1
SDS_SPD_EPON,SDS_ANA_EPON_REG38,REG_SPDSEL,13,2
SDS_SPD_EPON,SDS_ANA_EPON_REG38,REG_RX_SEL_SD,12,1
SDS_SPD_EPON,SDS_ANA_EPON_REG38,REG_CMU_REF_SEL_TX,11,1
SDS_SPD_EPON,SDS_ANA_EPON_REG38,REG_TX_CLK_SEL,9,2
SDS_SPD_EPON,SDS_ANA_EPON_REG38,REG_DUMMY_2,0,9
SDS_SPD_EPON,SDS_ANA_EPON_REG39,RESERVED,16,16
SDS_SPD_EPON,SDS_ANA_EPON_REG39,REG_CMU_BYPASS_PI_RX,15,1
SDS_SPD_EPON,SDS_ANA_EPON_REG39,REG_CMU_NCODE_IN_RX,7,8
SDS_SPD_EPON,SDS_ANA_EPON_REG39,REG_CMU_PCM_SEL_FREF,6,1
SDS_SPD_EPON,SDS_ANA_EPON_REG39,REG_DUMMY_3,0,6
SDS_SPD_EPON,SDS_ANA_EPON_REG40,RESERVED,16,16
SDS_SPD_EPON,SDS_ANA_EPON_REG40,REG_CMU_FCODE_IN_RX,4,12
SDS_SPD_EPON,SDS_ANA_EPON_REG40,REG_DUMMY_4,0,4
SDS_SPD_EPON,SDS_ANA_EPON_REG41,RESERVED,16,16
SDS_SPD_EPON,SDS_ANA_EPON_REG41,REG_CMU_BYPASS_PI_TX,15,1
SDS_SPD_EPON,SDS_ANA_EPON_REG41,REG_CMU_NCODE_IN_TX,7,8
SDS_SPD_EPON,SDS_ANA_EPON_REG41,REG_DUMMY_5,0,7
SDS_SPD_EPON,SDS_ANA_EPON_REG42,RESERVED,16,16
SDS_SPD_EPON,SDS_ANA_EPON_REG42,REG_CMU_NCODE_PCM,8,8
SDS_SPD_EPON,SDS_ANA_EPON_REG42,REG_DUMMY_6,0,8
SDS_SPD_EPON,SDS_ANA_EPON_REG43,RESERVED,16,16
SDS_SPD_EPON,SDS_ANA_EPON_REG43,REG_DUMMY_7,15,1
SDS_SPD_EPON,SDS_ANA_EPON_REG43,REG_CMU_F390K_TX,13,2
SDS_SPD_EPON,SDS_ANA_EPON_REG43,REG_CMU_TX_VC_DLY,12,1
SDS_SPD_EPON,SDS_ANA_EPON_REG43,REG_CMU_TX_DLY_CLKSEL,11,1
SDS_SPD_EPON,SDS_ANA_EPON_REG43,REG_DUMMY_8,0,11
SDS_SPD_EPON,SDS_ANA_EPON_REG44,RESERVED,16,16
SDS_SPD_EPON,SDS_ANA_EPON_REG44,REG_CMU_SSCD_STEP_IN_RX,3,13
SDS_SPD_EPON,SDS_ANA_EPON_REG44,REG_DUMMY_9,0,3
SDS_SPD_EPON,SDS_ANA_EPON_REG45,RESERVED,16,16
SDS_SPD_EPON,SDS_ANA_EPON_REG45,REG_CMU_SSCD_TBASE_IN_RX,4,12
SDS_SPD_EPON,SDS_ANA_EPON_REG45,REG_DUMMY_10,0,4
SDS_SPD_EPON,SDS_ANA_EPON_REG46,RESERVED,16,16
SDS_SPD_EPON,SDS_ANA_EPON_REG46,REG_CMU_PREDIVN_PCM,8,8
SDS_SPD_EPON,SDS_ANA_EPON_REG46,REG_DUMMY_11,0,8
SDS_SPD_EPON,SDS_ANA_EPON_REG47,RESERVED,16,16
SDS_SPD_EPON,SDS_ANA_EPON_REG47,REG_DIVN_GPHY_REF,8,8
SDS_SPD_EPON,SDS_ANA_EPON_REG47,REG_DUMMY_12,0,8
SDS_SPD_EPON,SDS_ANA_EPON_REG48,RESERVED,16,16
SDS_SPD_EPON,SDS_ANA_EPON_REG48,REG_LC_GPHY_CKBK_DIV,8,8
SDS_SPD_EPON,SDS_ANA_EPON_REG48,REG_DUMMY_13,0,8
OTHER,FC_SWPBO_P_EGR_DROP_TH,RESERVED,10,22
OTHER,FC_SWPBO_P_EGR_DROP_TH,TH,0,10
OTHER,FC_SWPBO_USED_PAGE_CNT,RESERVED,26,6
OTHER,FC_SWPBO_USED_PAGE_CNT,PE_MAX_USED_PAGE_CNT,16,10
OTHER,FC_SWPBO_USED_PAGE_CNT,RESERVED,10,6
OTHER,FC_SWPBO_USED_PAGE_CNT,PE_USED_PAGE_CNT,0,10
OTHER,FC_SWPBO_Q_USED_PAGE_CNT,RESERVED,26,6
OTHER,FC_SWPBO_Q_USED_PAGE_CNT,Q_MAX_USED_PAGE_CNT,16,10
OTHER,FC_SWPBO_Q_USED_PAGE_CNT,RESERVED,10,6
OTHER,FC_SWPBO_Q_USED_PAGE_CNT,Q_USED_PAGE_CNT,0,10
OTHER,FC_SWPBO_GLB_HI_TH,RESERVED,26,6
OTHER,FC_SWPBO_GLB_HI_TH,ON_TH,16,10
OTHER,FC_SWPBO_GLB_HI_TH,RESERVED,10,6
OTHER,FC_SWPBO_GLB_HI_TH,OFF_TH,0,10
OTHER,FC_SWPBO_GLB_LO_TH,RESERVED,26,6
OTHER,FC_SWPBO_GLB_LO_TH,ON_TH,16,10
OTHER,FC_SWPBO_GLB_LO_TH,RESERVED,10,6
OTHER,FC_SWPBO_GLB_LO_TH,OFF_TH,0,10
OTHER,FC_SWPBO_P_HI_TH,RESERVED,26,6
OTHER,FC_SWPBO_P_HI_TH,ON_TH,16,10
OTHER,FC_SWPBO_P_HI_TH,RESERVED,10,6
OTHER,FC_SWPBO_P_HI_TH,OFF_TH,0,10
OTHER,FC_SWPBO_P_LO_TH,RESERVED,26,6
OTHER,FC_SWPBO_P_LO_TH,ON_TH,16,10
OTHER,FC_SWPBO_P_LO_TH,RESERVED,10,6
OTHER,FC_SWPBO_P_LO_TH,OFF_TH,0,10
OTHER,FC_PON_GLB_DROP_HI_TH,RESERVED,26,6
OTHER,FC_PON_GLB_DROP_HI_TH,ON_TH,16,10
OTHER,FC_PON_GLB_DROP_HI_TH,RESERVED,10,6
OTHER,FC_PON_GLB_DROP_HI_TH,OFF_TH,0,10
OTHER,FC_PON_GLB_DROP_LO_TH,RESERVED,26,6
OTHER,FC_PON_GLB_DROP_LO_TH,ON_TH,16,10
OTHER,FC_PON_GLB_DROP_LO_TH,RESERVED,10,6
OTHER,FC_PON_GLB_DROP_LO_TH,OFF_TH,0,10
OTHER,FC_PON_P_DROP_HI_TH,RESERVED,26,6
OTHER,FC_PON_P_DROP_HI_TH,ON_TH,16,10
OTHER,FC_PON_P_DROP_HI_TH,RESERVED,10,6
OTHER,FC_PON_P_DROP_HI_TH,OFF_TH,0,10
OTHER,FC_PON_P_DROP_LO_TH,RESERVED,26,6
OTHER,FC_PON_P_DROP_LO_TH,ON_TH,16,10
OTHER,FC_PON_P_DROP_LO_TH,RESERVED,10,6
OTHER,FC_PON_P_DROP_LO_TH,OFF_TH,0,10
OTHER,FC_P_USED_PAGE_CNT_X11,RESERVED,26,6
OTHER,FC_P_USED_PAGE_CNT_X11,P_MAX_USED_PAGE_CNT_X11,16,10
OTHER,FC_P_USED_PAGE_CNT_X11,RESERVED,10,6
OTHER,FC_P_USED_PAGE_CNT_X11,P_USED_PAGE_CNT_X11,0,10
OTHER,LUT_SA_TRF,IND,0,32
OTHER,PTP_PON_TOD_FREERUN_NSEC,RESERVED,41,23
OTHER,PTP_PON_TOD_FREERUN_NSEC,NSEC_40_32,32,9
OTHER,PTP_PON_TOD_FREERUN_NSEC,NSEC_31_0,0,32
OTHER,PON_INBW_HBOUND,RESERVED,24,8
OTHER,PON_INBW_HBOUND,HBOUND,0,24
OTHER,PON_INBW_LBOUND,RESERVED,24,8
OTHER,PON_INBW_LBOUND,LBOUND,0,24
OTHER,STAT_L34_FLOW_RST,EN,0,1
OTHER,SW_PBO_PORT_EN,EN,0,1
OTHER,CFG_RGMII_CTRL_1,RESERVED,28,4
OTHER,CFG_RGMII_CTRL_1,STS_EXTXF,14,14
OTHER,CFG_RGMII_CTRL_1,RGTXC_PLLDLY,13,1
OTHER,CFG_RGMII_CTRL_1,RGTXC_DLY,10,3
OTHER,CFG_RGMII_CTRL_1,RTBI,9,1
OTHER,CFG_RGMII_CTRL_1,RGTXC_D2NS,8,1
OTHER,CFG_RGMII_CTRL_1,RGRXC_DLYS,5,3
OTHER,CFG_RGMII_CTRL_1,LPI_STOP_RGTXC,4,1
OTHER,CFG_RGMII_CTRL_1,DLY_STOP_RGTXC,0,4
OTHER,CFG_EXT_CTRL_1,RESERVED,19,13
OTHER,CFG_EXT_CTRL_1,STS_RXFIFO_ERR,18,1
OTHER,CFG_EXT_CTRL_1,STS_TXFIFO_ERR,17,1
OTHER,CFG_EXT_CTRL_1,SYNC_FIFO_RX,16,1
OTHER,CFG_EXT_CTRL_1,SYNC_FIFO_TX,15,1
OTHER,CFG_EXT_CTRL_1,EXT_CLK_GATE_EN,14,1
OTHER,CFG_EXT_CTRL_1,EXT_CRS,13,1
OTHER,CFG_EXT_CTRL_1,EXT_COL,12,1
OTHER,CFG_EXT_CTRL_1,EXT_MII_SKIP_RXER,11,1
OTHER,CFG_EXT_CTRL_1,RESERVED,9,2
OTHER,CFG_EXT_CTRL_1,EXT_MIIRX_IPG,4,5
OTHER,CFG_EXT_CTRL_1,EXT_MODE,0,4
OTHER,CFG_EXT_IO_1,RESERVED,11,21
OTHER,CFG_EXT_IO_1,RG_DP,8,3
OTHER,CFG_EXT_IO_1,RG_DN,5,3
OTHER,CFG_EXT_IO_1,RG_SEL33,4,1
OTHER,CFG_EXT_IO_1,DRI_EXT_CK,3,1
OTHER,CFG_EXT_IO_1,DRI_EXT_DT,2,1
OTHER,CFG_EXT_IO_1,SR_EXT_CK,1,1
OTHER,CFG_EXT_IO_1,SR_EXT_DT,0,1
OTHER,EPON_Q_RPT_LVL1,CFG_LLID_RPT_LVL1,0,16
OTHER,EPON_Q_RPT_LVL2,CFG_LLID_RPT_LVL2,0,16
OTHER,EPON_Q_RPT_LVL3,CFG_LLID_RPT_LVL3,0,16
OTHER,EPON_KT_REPORT_CTRL,RESERVED,2,30
OTHER,EPON_KT_REPORT_CTRL,KT_RPT_QUSEL,1,1
OTHER,EPON_KT_REPORT_CTRL,KT_RPT_MODE,0,1
OTHER,PONSCH_PIR_SIDOV,RESERVED,1,31
OTHER,PONSCH_PIR_SIDOV,PIR_SIDOV,0,1
OTHER,PON_RATE_CTRL,RESERVED,20,12
OTHER,PON_RATE_CTRL,EN_RATE_PON,19,1
OTHER,PON_RATE_CTRL,RATE,0,19
OTHER,WRR_LB_CNT,RESERVED,14,18
OTHER,WRR_LB_CNT,WRR_LB_CNT,0,14
OTHER,METER_KEEP_FF,RESERVED,1,31
OTHER,METER_KEEP_FF,KEEP_CNT,0,1
OTHER,FORCE_P_ABLTY_X11,RESERVED,16,16
OTHER,FORCE_P_ABLTY_X11,EEE_ABLTY_X11,15,1
OTHER,FORCE_P_ABLTY_X11,RESERVED,14,1
OTHER,FORCE_P_ABLTY_X11,SPEED23_ABLTY_X11,12,2
OTHER,FORCE_P_ABLTY_X11,LPI_1000_ABLTY_X11,11,1
OTHER,FORCE_P_ABLTY_X11,LPI_100_ABLTY_X11,10,1
OTHER,FORCE_P_ABLTY_X11,MST_FAULT_ABLTY_X11,9,1
OTHER,FORCE_P_ABLTY_X11,MST_MOD_ABLTY_X11,8,1
OTHER,FORCE_P_ABLTY_X11,NWAY_ABLTY_X11,7,1
OTHER,FORCE_P_ABLTY_X11,TXPAUSE_ABLTY_X11,6,1
OTHER,FORCE_P_ABLTY_X11,RXPAUSE_ABLTY_X11,5,1
OTHER,FORCE_P_ABLTY_X11,LINK_ABLTY_X11,4,1
OTHER,FORCE_P_ABLTY_X11,FIB1G_ABLTY_X11,3,1
OTHER,FORCE_P_ABLTY_X11,DUPLEX_ABLTY_X11,2,1
OTHER,FORCE_P_ABLTY_X11,SPEED01_ABLTY_X11,0,2
OTHER,P_ABLTY_X11,RESERVED,16,16
OTHER,P_ABLTY_X11,EEE_ABLTY_X11,15,1
OTHER,P_ABLTY_X11,RESERVED,14,1
OTHER,P_ABLTY_X11,SPEED_ABLTY_X11,12,2
OTHER,P_ABLTY_X11,LPI_1000_X11,11,1
OTHER,P_ABLTY_X11,LPI_100_X11,10,1
OTHER,P_ABLTY_X11,P_NWAY_FAULT_X11,9,1
OTHER,P_ABLTY_X11,P_MSTR_X11,8,1
OTHER,P_ABLTY_X11,P_NWAY_ABLTY_X11,7,1
OTHER,P_ABLTY_X11,P_TX_FC_X11,6,1
OTHER,P_ABLTY_X11,P_RX_FC_X11,5,1
OTHER,P_ABLTY_X11,P_LINK_STATUS_X11,4,1
OTHER,P_ABLTY_X11,P_LINK_FIB1G_X11,3,1
OTHER,P_ABLTY_X11,P_DUPLEX_X11,2,1
OTHER,P_ABLTY_X11,P_LINK_SPD_X11,0,2
OTHER,ABLTY_FORCE_MODE_X11,RESERVED,16,16
OTHER,ABLTY_FORCE_MODE_X11,FORCE_EEE_ABLTY_X11,15,1
OTHER,ABLTY_FORCE_MODE_X11,RESERVED,14,1
OTHER,ABLTY_FORCE_MODE_X11,FORCE_SPEED3_ABLTY_X11,13,1
OTHER,ABLTY_FORCE_MODE_X11,FORCE_SPEED2_ABLTY_X11,12,1
OTHER,ABLTY_FORCE_MODE_X11,FORCE_LPI_1000_ABLTY_X11,11,1
OTHER,ABLTY_FORCE_MODE_X11,FORCE_LPI_100_ABLTY_X11,10,1
OTHER,ABLTY_FORCE_MODE_X11,FORCE_MST_FAULT_ABLTY_X11,9,1
OTHER,ABLTY_FORCE_MODE_X11,FORCE_MST_MOD_ABLTY_X11,8,1
OTHER,ABLTY_FORCE_MODE_X11,FORCE_NWAY_ABLTY_X11,7,1
OTHER,ABLTY_FORCE_MODE_X11,FORCE_TXPAUSE_ABLTY_X11,6,1
OTHER,ABLTY_FORCE_MODE_X11,FORCE_RXPAUSE_ABLTY_X11,5,1
OTHER,ABLTY_FORCE_MODE_X11,FORCE_LINK_ABLTY_X11,4,1
OTHER,ABLTY_FORCE_MODE_X11,FORCE_FIB1G_ABLTY_X11,3,1
OTHER,ABLTY_FORCE_MODE_X11,FORCE_DUPLEX_ABLTY_X11,2,1
OTHER,ABLTY_FORCE_MODE_X11,FORCE_SPEED1_ABLTY_X11,1,1
OTHER,ABLTY_FORCE_MODE_X11,FORCE_SPEED0_ABLTY_X11,0,1
OTHER,SSC_CTRL_0_X2,RESERVED,14,18
OTHER,SSC_CTRL_0_X2,SSC_TYPE,13,1
OTHER,SSC_CTRL_0_X2,PHASE_LIM_SEL,5,8
OTHER,SSC_CTRL_0_X2,PHASE_LIM_EN,4,1
OTHER,SSC_CTRL_0_X2,DLL_MODE,2,2
OTHER,SSC_CTRL_0_X2,SSC_EN,1,1
OTHER,SSC_CTRL_0_X2,SSC_MODE,0,1
OTHER,SSC_CTRL_1_X2,RESERVED,16,16
OTHER,SSC_CTRL_1_X2,SSC_RDM_SEED,0,16
OTHER,SSC_CTRL_2_X2,RESERVED,16,16
OTHER,SSC_CTRL_2_X2,SSC_PN_POLY_SEL,0,16
OTHER,SSC_CTRL_3_X2,RESERVED,16,16
OTHER,SSC_CTRL_3_X2,PH_RSTB,15,1
OTHER,SSC_CTRL_3_X2,PHSFT_CNT,8,7
OTHER,SSC_CTRL_3_X2,PHSFT_A,7,1
OTHER,SSC_CTRL_3_X2,PHSFT_B,6,1
OTHER,SSC_CTRL_3_X2,PHSFT_UPDN,5,1
OTHER,SSC_CTRL_3_X2,PHSFT_PRD,4,1
OTHER,SSC_CTRL_3_X2,PN_POLY_DEG,0,4
OTHER,SSC_CTRL_4_X2,RESERVED,16,16
OTHER,SSC_CTRL_4_X2,SSC_UP1DN0,15,1
OTHER,SSC_CTRL_4_X2,SSC_PERIOD,8,7
OTHER,SSC_CTRL_4_X2,SSC_OFFSET,0,8
OTHER,SSC_CTRL_5_X2,RESERVED,16,16
OTHER,SSC_CTRL_5_X2,PH_OFS_TOG,15,1
OTHER,SSC_CTRL_5_X2,PH_OFS,10,5
OTHER,SSC_CTRL_5_X2,SSC_STEP,4,6
OTHER,SSC_CTRL_5_X2,SSC_TESTMODE,2,2
OTHER,SSC_CTRL_5_X2,SSC_PH_CFG,0,2
OTHER,SSC_STS_X2,RESERVED,18,14
OTHER,SSC_STS_X2,SSC_OREG,14,4
OTHER,SSC_STS_X2,OFS_BUSY,13,1
OTHER,SSC_STS_X2,OFS_TOTAL_R,8,5
OTHER,SSC_STS_X2,CNT_GRY0,4,4
OTHER,SSC_STS_X2,OFS_GRY0,0,4
OTHER,EPON_TX_SD_CHK,RESERVED,26,6
OTHER,EPON_TX_SD_CHK,PON_LD_MAX_LASER_ON_PERIOD,8,18
OTHER,EPON_TX_SD_CHK,PON_LD_MISMACH_TIME,0,8
OTHER,INIC_CTRL,RESERVED,1,31
OTHER,INIC_CTRL,HASH_EN,0,1
OTHER,OTP_DBG_CTRL,RESERVED,22,10
OTHER,OTP_DBG_CTRL,DBG_ENDTIME,17,5
OTHER,OTP_DBG_CTRL,DBG_MODE,15,2
OTHER,OTP_DBG_CTRL,DBG_BSEL,13,2
OTHER,OTP_DBG_CTRL,DBG_SRATE,10,3
OTHER,OTP_DBG_CTRL,DBG_MG,9,1
OTHER,OTP_DBG_CTRL,DBG_TYPE,7,2
OTHER,OTP_DBG_CTRL,DBG_CLK_PTR,2,5
OTHER,OTP_DBG_CTRL,DBG_CLK_EN,1,1
OTHER,OTP_DBG_CTRL,DBG_START,0,1
OTHER,OTP_DBG_MSK,DBG_MSK,0,32
OTHER,OTP_DBG_CMP_VAL,DBG_CMP_VAL,0,32
OTHER,OTP_DBG_ACK,RESERVED,1,31
OTHER,OTP_DBG_ACK,DBG_ACK,0,1
OTHER,OTP_DBG_X0,DBG_X0,0,32
OTHER,OTP_DBG_X1,DBG_X1,0,32
OTHER,OTP_DBG_X2,DBG_X2,0,32
OTHER,OTP_DBG_X3,DBG_X3,0,32
OTHER,OTP_DBG_X4,DBG_X4,0,32
OTHER,OTP_DBG_X5,DBG_X5,0,32
OTHER,OTP_DBG_X6,DBG_X6,0,32
OTHER,OTP_DBG_X7,DBG_X7,0,32
OTHER,OTP_DBG_CUR_VAL,DBG_CUR_VAL,0,32
OTHER,CPU_PLL_CTRL,RESERVED,22,10
OTHER,CPU_PLL_CTRL,CPU1_TIME2_RST,20,2
OTHER,CPU_PLL_CTRL,RESERVED,19,1
OTHER,CPU_PLL_CTRL,CPU1_TIME0_CK,16,3
OTHER,CPU_PLL_CTRL,RESERVED,14,2
OTHER,CPU_PLL_CTRL,CPU0_TIME2_RST,12,2
OTHER,CPU_PLL_CTRL,RESERVED,11,1
OTHER,CPU_PLL_CTRL,CPU0_TIME0_CK,8,3
OTHER,CPU_PLL_CTRL,RESERVED,6,2
OTHER,CPU_PLL_CTRL,FIX_TIME2_RST,4,2
OTHER,CPU_PLL_CTRL,RESERVED,3,1
OTHER,CPU_PLL_CTRL,FIX_TIME0_CK,0,3
OTHER,CPU_PLL_CTRL_DUMMY,SPDSEL_SGMII_USB3,30,2
OTHER,CPU_PLL_CTRL_DUMMY,SGMII_SEL_USB3,29,1
OTHER,CPU_PLL_CTRL_DUMMY,SPDSEL_SGMII_PCIE,27,2
OTHER,CPU_PLL_CTRL_DUMMY,SGMII_SEL_PCIE,26,1
OTHER,CPU_PLL_CTRL_DUMMY,PLL_DUMMY,0,26
